domain,head_entity,tail_entity,ungrounded_question,grounded_question,ground_truth,head_sitelinks,tail_sitelinks
film,50 Cent,Before I Self Destruct,"When was the film ""Before I Self Destruct"" released?","When was 50 Cent's film ""Before I Self Destruct"" released?",2009-01-01,110,9
film,Abbas Kiarostami,10 on Ten,"When was the film ""10 on Ten"" released?","When was Abbas Kiarostami's film ""10 on Ten"" released?",2004-01-01,70,6
film,Abbas Kiarostami,24 Frames,"When was the film ""24 Frames"" released?","When was Abbas Kiarostami's film ""24 Frames"" released?",2017-05-01,70,9
film,Abbas Kiarostami,"À propos de Nice, la suite","When was the film ""À propos de Nice, la suite"" released?","When was Abbas Kiarostami's film ""À propos de Nice, la suite"" released?",1995-01-01,70,3
film,Abbas Kiarostami,A Wedding Suit,"When was the film ""A Wedding Suit"" released?","When was Abbas Kiarostami's film ""A Wedding Suit"" released?",1976-01-01,70,6
film,Abbas Kiarostami,Birth of Light,"When was the film ""Birth of Light"" released?","When was Abbas Kiarostami's film ""Birth of Light"" released?",1997-01-01,70,3
film,Abbas Kiarostami,Breaktime,"When was the film ""Breaktime"" released?","When was Abbas Kiarostami's film ""Breaktime"" released?",1972-01-01,70,6
film,Abbas Kiarostami,Fellow Citizen,"When was the film ""Fellow Citizen"" released?","When was Abbas Kiarostami's film ""Fellow Citizen"" released?",1983-01-01,70,6
film,Abbas Kiarostami,"First Case, Second Case","When was the film ""First Case, Second Case"" released?","When was Abbas Kiarostami's film ""First Case, Second Case"" released?",1979-01-01,70,6
film,Abbas Kiarostami,First Graders,"When was the film ""First Graders"" released?","When was Abbas Kiarostami's film ""First Graders"" released?",1984-01-01,70,5
film,Abbas Kiarostami,Five,"When was the film ""Five"" released?","When was Abbas Kiarostami's film ""Five"" released?",2003-01-01,70,6
film,Abbas Kiarostami,Homework,"When was the film ""Homework"" released?","When was Abbas Kiarostami's film ""Homework"" released?",1989-01-01,70,8
film,Abbas Kiarostami,How to Make Use of Leisure Time: Painting,"When was the film ""How to Make Use of Leisure Time: Painting"" released?","When was Abbas Kiarostami's film ""How to Make Use of Leisure Time: Painting"" released?",1977-01-01,70,4
film,Abbas Kiarostami,Is There a Place to Approach?,"When was the film ""Is There a Place to Approach?"" released?","When was Abbas Kiarostami's film ""Is There a Place to Approach?"" released?",2007-01-01,70,2
film,Abbas Kiarostami,Orderly or Disorderly,"When was the film ""Orderly or Disorderly"" released?","When was Abbas Kiarostami's film ""Orderly or Disorderly"" released?",1981-01-01,70,6
film,Abbas Kiarostami,Persian Carpet,"When was the film ""Persian Carpet"" released?","When was Abbas Kiarostami's film ""Persian Carpet"" released?",2006-01-01,70,2
film,Abbas Kiarostami,Roads of Kiarostami,"When was the film ""Roads of Kiarostami"" released?","When was Abbas Kiarostami's film ""Roads of Kiarostami"" released?",2005-01-01,70,5
film,Abbas Kiarostami,So Can I,"When was the film ""So Can I"" released?","When was Abbas Kiarostami's film ""So Can I"" released?",1975-01-01,70,6
film,Abbas Kiarostami,Solution,"When was the film ""Solution"" released?","When was Abbas Kiarostami's film ""Solution"" released?",1978-01-01,70,4
film,Abbas Kiarostami,The Bread and Alley,"When was the film ""The Bread and Alley"" released?","When was Abbas Kiarostami's film ""The Bread and Alley"" released?",1970-01-01,70,9
film,Abbas Kiarostami,The Chorus,"When was the film ""The Chorus"" released?","When was Abbas Kiarostami's film ""The Chorus"" released?",1982-01-01,70,4
film,Abbas Kiarostami,The Experience,"When was the film ""The Experience"" released?","When was Abbas Kiarostami's film ""The Experience"" released?",1973-01-01,70,6
film,Abbas Kiarostami,The Report,"When was the film ""The Report"" released?","When was Abbas Kiarostami's film ""The Report"" released?",1977-01-01,70,8
film,Abbas Kiarostami,The Traveller,"When was the film ""The Traveller"" released?","When was Abbas Kiarostami's film ""The Traveller"" released?",1974-01-01,70,7
film,Abbas Kiarostami,Toothache,"When was the film ""Toothache"" released?","When was Abbas Kiarostami's film ""Toothache"" released?",1980-01-01,70,5
film,Abbas Kiarostami,Tribute to the Teachers,"When was the film ""Tribute to the Teachers"" released?","When was Abbas Kiarostami's film ""Tribute to the Teachers"" released?",1977-01-01,70,6
film,Abbas Kiarostami,Two Solutions for One Problem,"When was the film ""Two Solutions for One Problem"" released?","When was Abbas Kiarostami's film ""Two Solutions for One Problem"" released?",1975-01-01,70,5
film,Adewale Akinnuoye-Agbaje,Farming,"When was the film ""Farming"" released?","When was Adewale Akinnuoye-Agbaje's film ""Farming"" released?",2018-01-01,54,6
film,Adriano Celentano,Geppo il folle,"When was the film ""Geppo il folle"" released?","When was Adriano Celentano's film ""Geppo il folle"" released?",1978-01-01,84,8
film,Adriano Celentano,Joan Lui,"When was the film ""Joan Lui"" released?","When was Adriano Celentano's film ""Joan Lui"" released?",1985-01-01,84,8
film,Adriano Celentano,"Robbery, Roman Style","When was the film ""Robbery, Roman Style"" released?","When was Adriano Celentano's film ""Robbery, Roman Style"" released?",1964-01-01,84,8
film,Agnès Varda,"7p., cuis., s. de b., ...à saisir","When was the film ""7p., cuis., s. de b., ...à saisir"" released?","When was Agnès Varda's film ""7p., cuis., s. de b., ...à saisir"" released?",1984-01-01,63,1
film,Agnès Varda,Black Panthers,"When was the film ""Black Panthers"" released?","When was Agnès Varda's film ""Black Panthers"" released?",1968-01-01,63,6
film,Agnès Varda,Documenteur,"When was the film ""Documenteur"" released?","When was Agnès Varda's film ""Documenteur"" released?",1981-01-01,63,5
film,Agnès Varda,Du côté de la côte,"When was the film ""Du côté de la côte"" released?","When was Agnès Varda's film ""Du côté de la côte"" released?",1958-01-01,63,3
film,Agnès Varda,Kung Fu Master,"When was the film ""Kung Fu Master"" released?","When was Agnès Varda's film ""Kung Fu Master"" released?",1988-01-01,63,7
film,Agnès Varda,Le lion volatil,"When was the film ""Le lion volatil"" released?","When was Agnès Varda's film ""Le lion volatil"" released?",2003-01-01,63,1
film,Agnès Varda,Les glaneurs et la glaneuse... deux ans après,"When was the film ""Les glaneurs et la glaneuse... deux ans après"" released?","When was Agnès Varda's film ""Les glaneurs et la glaneuse... deux ans après"" released?",2002-01-01,63,3
film,Agnès Varda,Lions Love,"When was the film ""Lions Love"" released?","When was Agnès Varda's film ""Lions Love"" released?",1969-01-01,63,7
film,Agnès Varda,L'opéra-mouffe,"When was the film ""L'opéra-mouffe"" released?","When was Agnès Varda's film ""L'opéra-mouffe"" released?",1958-01-01,63,4
film,Agnès Varda,Mural Murals,"When was the film ""Mural Murals"" released?","When was Agnès Varda's film ""Mural Murals"" released?",1982-01-01,63,6
film,Agnès Varda,Ô saisons ô chateaux,"When was the film ""Ô saisons ô chateaux"" released?","When was Agnès Varda's film ""Ô saisons ô chateaux"" released?",1958-01-01,63,3
film,Agnès Varda,Salut les Cubains,"When was the film ""Salut les Cubains"" released?","When was Agnès Varda's film ""Salut les Cubains"" released?",1963-01-01,63,4
film,Agnès Varda,Some Widows of Noirmoutier,"When was the film ""Some Widows of Noirmoutier"" released?","When was Agnès Varda's film ""Some Widows of Noirmoutier"" released?",2005-01-01,63,2
film,Agnès Varda,The Fiancés of the Bridge Mac Donald,"When was the film ""The Fiancés of the Bridge Mac Donald"" released?","When was Agnès Varda's film ""The Fiancés of the Bridge Mac Donald"" released?",1961-01-01,63,4
film,Agnès Varda,The So-called Caryatids,"When was the film ""The So-called Caryatids"" released?","When was Agnès Varda's film ""The So-called Caryatids"" released?",1984-01-01,63,3
film,Agnès Varda,The World of Jacques Demy,"When was the film ""The World of Jacques Demy"" released?","When was Agnès Varda's film ""The World of Jacques Demy"" released?",1995-01-01,63,5
film,Agnès Varda,The Young Girls Turn 25,"When was the film ""The Young Girls Turn 25"" released?","When was Agnès Varda's film ""The Young Girls Turn 25"" released?",1993-01-01,63,6
film,Agnès Varda,Ulysse,"When was the film ""Ulysse"" released?","When was Agnès Varda's film ""Ulysse"" released?",1982-01-01,63,2
film,Agnès Varda,Varda by Agnès,"When was the film ""Varda by Agnès"" released?","When was Agnès Varda's film ""Varda by Agnès"" released?",2019-02-13,63,8
film,Agnès Varda,Women Reply,"When was the film ""Women Reply"" released?","When was Agnès Varda's film ""Women Reply"" released?",1975-01-01,63,2
film,Agnès Varda,"Ydessa, les ours et etc...","When was the film ""Ydessa, les ours et etc..."" released?","When was Agnès Varda's film ""Ydessa, les ours et etc..."" released?",2004-01-01,63,2
film,Agnès Varda,"You've Got Beautiful Stairs, You Know...","When was the film ""You've Got Beautiful Stairs, You Know..."" released?","When was Agnès Varda's film ""You've Got Beautiful Stairs, You Know..."" released?",1986-01-01,63,1
film,Ai Weiwei,Beijing 2003,"When was the film ""Beijing 2003"" released?","When was Ai Weiwei's film ""Beijing 2003"" released?",2004-01-01,63,2
film,Ai Weiwei,Coronation,"When was the film ""Coronation"" released?","When was Ai Weiwei's film ""Coronation"" released?",2020-01-01,63,3
film,Ai Weiwei,Disturbing the Peace,"When was the film ""Disturbing the Peace"" released?","When was Ai Weiwei's film ""Disturbing the Peace"" released?",2009-01-01,63,1
film,Ai Weiwei,Human Flow,"When was the film ""Human Flow"" released?","When was Ai Weiwei's film ""Human Flow"" released?",2017-09-01,63,9
film,Aki Kaurismäki,Centro Histórico,"When was the film ""Centro Histórico"" released?","When was Aki Kaurismäki's film ""Centro Histórico"" released?",2012-01-01,59,3
film,Aki Kaurismäki,Ten Minutes Older: The Trumpet,"When was the film ""Ten Minutes Older: The Trumpet"" released?","When was Aki Kaurismäki's film ""Ten Minutes Older: The Trumpet"" released?",2002-05-18,59,3
film,Aki Kaurismäki,The Saimaa Gesture,"When was the film ""The Saimaa Gesture"" released?","When was Aki Kaurismäki's film ""The Saimaa Gesture"" released?",1981-01-01,59,5
film,Aki Kaurismäki,Total Balalaika Show,"When was the film ""Total Balalaika Show"" released?","When was Aki Kaurismäki's film ""Total Balalaika Show"" released?",1994-01-01,59,7
film,Aki Kaurismäki,Visions of Europe,"When was the film ""Visions of Europe"" released?","When was Aki Kaurismäki's film ""Visions of Europe"" released?",2004-01-01,59,6
film,Akira Kurosawa,Horse,"When was the film ""Horse"" released?","When was Akira Kurosawa's film ""Horse"" released?",1940-01-01,173,7
film,Akira Toriyama,Kosuke-sama Rikimaru-sama: Konpeitou no Ryuu,"When was the film ""Kosuke-sama Rikimaru-sama: Konpeitou no Ryuu"" released?","When was Akira Toriyama's film ""Kosuke-sama Rikimaru-sama: Konpeitou no Ryuu"" released?",1988-01-01,71,2
film,Alain Resnais,Against Oblivion,"When was the film ""Against Oblivion"" released?","When was Alain Resnais's film ""Against Oblivion"" released?",1991-01-01,64,6
film,Alain Resnais,I Want to Go Home,"When was the film ""I Want to Go Home"" released?","When was Alain Resnais's film ""I Want to Go Home"" released?",1989-01-01,64,8
film,Alain Resnais,Life of Riley,"When was the film ""Life of Riley"" released?","When was Alain Resnais's film ""Life of Riley"" released?",2014-02-10,64,7
film,Alain Resnais,No smoking,"When was the film ""No smoking"" released?","When was Alain Resnais's film ""No smoking"" released?",1993-01-01,64,2
film,Alain Resnais,Ouvert pour cause d'inventaire,"When was the film ""Ouvert pour cause d'inventaire"" released?","When was Alain Resnais's film ""Ouvert pour cause d'inventaire"" released?",1946-01-01,64,1
film,Alain Resnais,Pictura: An Adventure in Art,"When was the film ""Pictura: An Adventure in Art"" released?","When was Alain Resnais's film ""Pictura: An Adventure in Art"" released?",1951-01-01,64,7
film,Alain Resnais,Smoking,"When was the film ""Smoking"" released?","When was Alain Resnais's film ""Smoking"" released?",1993-12-15,64,0
film,Alain Resnais,You Ain't Seen Nothin' Yet!,"When was the film ""You Ain't Seen Nothin' Yet!"" released?","When was Alain Resnais's film ""You Ain't Seen Nothin' Yet!"" released?",2012-05-21,64,8
film,Alain Robbe-Grillet,Eden and After,"When was the film ""Eden and After"" released?","When was Alain Robbe-Grillet's film ""Eden and After"" released?",1970-01-01,55,9
film,Alain Robbe-Grillet,Gradiva,"When was the film ""Gradiva"" released?","When was Alain Robbe-Grillet's film ""Gradiva"" released?",2006-09-08,55,2
film,Alain Robbe-Grillet,L'Immortelle,"When was the film ""L'Immortelle"" released?","When was Alain Robbe-Grillet's film ""L'Immortelle"" released?",1963-01-01,55,9
film,Alain Robbe-Grillet,N. a pris les dés...,"When was the film ""N. a pris les dés..."" released?","When was Alain Robbe-Grillet's film ""N. a pris les dés..."" released?",1971-01-01,55,5
film,Alain Robbe-Grillet,Playing with Fire,"When was the film ""Playing with Fire"" released?","When was Alain Robbe-Grillet's film ""Playing with Fire"" released?",1975-02-15,55,7
film,Alain Robbe-Grillet,Successive Slidings of Pleasure,"When was the film ""Successive Slidings of Pleasure"" released?","When was Alain Robbe-Grillet's film ""Successive Slidings of Pleasure"" released?",1974-01-01,55,9
film,Alain Robbe-Grillet,The Blue Villa,"When was the film ""The Blue Villa"" released?","When was Alain Robbe-Grillet's film ""The Blue Villa"" released?",1995-01-01,55,5
film,Alain Robbe-Grillet,Trans-Europ-Express,"When was the film ""Trans-Europ-Express"" released?","When was Alain Robbe-Grillet's film ""Trans-Europ-Express"" released?",1966-01-01,55,9
film,Alan Alda,A New Life,"When was the film ""A New Life"" released?","When was Alan Alda's film ""A New Life"" released?",1988-01-01,67,8
film,Alan Arkin,Fire Sale,"When was the film ""Fire Sale"" released?","When was Alan Arkin's film ""Fire Sale"" released?",1977-06-09,73,5
film,Alan Arkin,Little Murders,"When was the film ""Little Murders"" released?","When was Alan Arkin's film ""Little Murders"" released?",1971-02-09,73,8
film,Alan Parker,Shoot the Moon,"When was the film ""Shoot the Moon"" released?","When was Alan Parker's film ""Shoot the Moon"" released?",1982-01-22,61,8
film,Albert Finney,Charlie Bubbles,"When was the film ""Charlie Bubbles"" released?","When was Albert Finney's film ""Charlie Bubbles"" released?",1968-02-11,64,8
film,Alberto Sordi,A Common Sense of Modesty,"When was the film ""A Common Sense of Modesty"" released?","When was Alberto Sordi's film ""A Common Sense of Modesty"" released?",1976-01-01,63,9
film,Alberto Sordi,Acquitted for Having Committed the Deed,"When was the film ""Acquitted for Having Committed the Deed"" released?","When was Alberto Sordi's film ""Acquitted for Having Committed the Deed"" released?",1992-01-01,63,3
film,Alberto Sordi,An Italian in America,"When was the film ""An Italian in America"" released?","When was Alberto Sordi's film ""An Italian in America"" released?",1967-01-01,63,6
film,Alberto Sordi,A Taxi Driver in New York,"When was the film ""A Taxi Driver in New York"" released?","When was Alberto Sordi's film ""A Taxi Driver in New York"" released?",1987-01-01,63,5
film,Alberto Sordi,Everybody in Jail,"When was the film ""Everybody in Jail"" released?","When was Alberto Sordi's film ""Everybody in Jail"" released?",1984-01-01,63,6
film,Alberto Sordi,Fumo di Londra,"When was the film ""Fumo di Londra"" released?","When was Alberto Sordi's film ""Fumo di Londra"" released?",1966-01-01,63,7
film,Alberto Sordi,Help Me,"When was the film ""Help Me"" released?","When was Alberto Sordi's film ""Help Me"" released?",1969-01-01,63,7
film,Alberto Sordi,I Know That You Know That I Know,"When was the film ""I Know That You Know That I Know"" released?","When was Alberto Sordi's film ""I Know That You Know That I Know"" released?",1982-01-01,63,8
film,Alberto Sordi,Il tassinaro,"When was the film ""Il tassinaro"" released?","When was Alberto Sordi's film ""Il tassinaro"" released?",1983-01-01,63,4
film,Alberto Sordi,Incontri proibiti,"When was the film ""Incontri proibiti"" released?","When was Alberto Sordi's film ""Incontri proibiti"" released?",1998-01-01,63,4
film,Alberto Sordi,Journey with Papa,"When was the film ""Journey with Papa"" released?","When was Alberto Sordi's film ""Journey with Papa"" released?",1982-01-01,63,6
film,Alberto Sordi,Nestor - Last Ride,"When was the film ""Nestor - Last Ride"" released?","When was Alberto Sordi's film ""Nestor - Last Ride"" released?",1994-01-01,63,4
film,Alberto Sordi,Polvere di stelle,"When was the film ""Polvere di stelle"" released?","When was Alberto Sordi's film ""Polvere di stelle"" released?",1973-01-01,63,8
film,Alberto Sordi,Where Are You Going on Holiday?,"When was the film ""Where Are You Going on Holiday?"" released?","When was Alberto Sordi's film ""Where Are You Going on Holiday?"" released?",1978-01-01,63,7
film,Alberto Sordi,While There's War There's Hope,"When was the film ""While There's War There's Hope"" released?","When was Alberto Sordi's film ""While There's War There's Hope"" released?",1974-01-01,63,8
film,Alejandro González Iñárritu,Flesh and Sand,"When was the film ""Flesh and Sand"" released?","When was Alejandro González Iñárritu's film ""Flesh and Sand"" released?",2017-05-01,73,8
film,Alejandro Jodorowsky,"Psychomagic, a Healing Art","When was the film ""Psychomagic, a Healing Art"" released?","When was Alejandro Jodorowsky's film ""Psychomagic, a Healing Art"" released?",2019-01-01,58,2
film,Alejandro Jodorowsky,Tusk,"When was the film ""Tusk"" released?","When was Alejandro Jodorowsky's film ""Tusk"" released?",1980-01-01,58,7
film,Alexei Navalny,Chaika,"When was the film ""Chaika"" released?","When was Alexei Navalny's film ""Chaika"" released?",2015-12-01,130,7
film,Alfonso Cuarón,The Possibility of Hope,"When was the film ""The Possibility of Hope"" released?","When was Alfonso Cuarón's film ""The Possibility of Hope"" released?",2007-01-01,70,3
film,Alfred Hitchcock,German Concentration Camps Factual Survey,"When was the film ""German Concentration Camps Factual Survey"" released?","When was Alfred Hitchcock's film ""German Concentration Camps Factual Survey"" released?",2014-01-01,184,7
film,Alfred Hitchcock,The Fighting Generation,"When was the film ""The Fighting Generation"" released?","When was Alfred Hitchcock's film ""The Fighting Generation"" released?",1944-01-01,184,8
film,Alfred Hitchcock,The Man Who Knew Too Much: The Secret Agent,"When was the film ""The Man Who Knew Too Much: The Secret Agent"" released?","When was Alfred Hitchcock's film ""The Man Who Knew Too Much: The Secret Agent"" released?",1935-01-01,184,0
film,Al Pacino,Chinese Coffee,"When was the film ""Chinese Coffee"" released?","When was Al Pacino's film ""Chinese Coffee"" released?",2000-01-01,132,9
film,Al Pacino,Salomé,"When was the film ""Salomé"" released?","When was Al Pacino's film ""Salomé"" released?",2013-01-01,132,4
film,Andrei Konchalovsky,The Boy and the Dove,"When was the film ""The Boy and the Dove"" released?","When was Andrei Konchalovsky's film ""The Boy and the Dove"" released?",1961-01-01,63,3
film,Andrei Tarkovsky,Voyage in Time,"When was the film ""Voyage in Time"" released?","When was Andrei Tarkovsky's film ""Voyage in Time"" released?",1983-05-09,100,9
film,Andrzej Wajda,Ceramika ilzecka,"When was the film ""Ceramika ilzecka"" released?","When was Andrzej Wajda's film ""Ceramika ilzecka"" released?",1951-01-01,78,4
film,Andrzej Wajda,Kiedy ty spisz,"When was the film ""Kiedy ty spisz"" released?","When was Andrzej Wajda's film ""Kiedy ty spisz"" released?",1952-01-01,78,2
film,Andrzej Wajda,"Krec! Jak kochasz, to krec!","When was the film ""Krec! Jak kochasz, to krec!"" released?","When was Andrzej Wajda's film ""Krec! Jak kochasz, to krec!"" released?",2010-01-01,78,4
film,Andrzej Wajda,Marek Edelman... And there was Love in the Ghetto,"When was the film ""Marek Edelman... And there was Love in the Ghetto"" released?","When was Andrzej Wajda's film ""Marek Edelman... And there was Love in the Ghetto"" released?",2019-05-11,78,0
film,Andrzej Wajda,Miss Nobody,"When was the film ""Miss Nobody"" released?","When was Andrzej Wajda's film ""Miss Nobody"" released?",1996-10-25,78,9
film,Andrzej Wajda,"Solidarność, Solidarność...","When was the film ""Solidarność, Solidarność..."" released?","When was Andrzej Wajda's film ""Solidarność, Solidarność..."" released?",2005-08-31,78,4
film,Andrzej Wajda,Sprawa Dantona,"When was the film ""Sprawa Dantona"" released?","When was Andrzej Wajda's film ""Sprawa Dantona"" released?",1983-01-01,78,0
film,Andrzej Wajda,The Crowned-Eagle Ring,"When was the film ""The Crowned-Eagle Ring"" released?","When was Andrzej Wajda's film ""The Crowned-Eagle Ring"" released?",1992-01-01,78,9
film,Andrzej Wajda,The French as Seen By...,"When was the film ""The French as Seen By..."" released?","When was Andrzej Wajda's film ""The French as Seen By..."" released?",1988-01-01,78,5
film,Andrzej Wajda,The Lesson of Polish Cinema,"When was the film ""The Lesson of Polish Cinema"" released?","When was Andrzej Wajda's film ""The Lesson of Polish Cinema"" released?",2002-01-01,78,2
film,Andrzej Wajda,Umarla klasa,"When was the film ""Umarla klasa"" released?","When was Andrzej Wajda's film ""Umarla klasa"" released?",1976-01-01,78,3
film,Andy Dick,Danny Roane: First Time Director,"When was the film ""Danny Roane: First Time Director"" released?","When was Andy Dick's film ""Danny Roane: First Time Director"" released?",2006-01-01,55,4
film,Andy Warhol,Batman Dracula,"When was the film ""Batman Dracula"" released?","When was Andy Warhol's film ""Batman Dracula"" released?",1964-01-01,178,8
film,Andy Warhol,Beauty No. 1,"When was the film ""Beauty No. 1"" released?","When was Andy Warhol's film ""Beauty No. 1"" released?",1965-01-01,178,2
film,Andy Warhol,Beauty No. 2,"When was the film ""Beauty No. 2"" released?","When was Andy Warhol's film ""Beauty No. 2"" released?",1965-01-01,178,5
film,Andy Warhol,Bike Boy,"When was the film ""Bike Boy"" released?","When was Andy Warhol's film ""Bike Boy"" released?",1967-01-01,178,3
film,Andy Warhol,Bufferin,"When was the film ""Bufferin"" released?","When was Andy Warhol's film ""Bufferin"" released?",1966-01-01,178,2
film,Andy Warhol,Camp,"When was the film ""Camp"" released?","When was Andy Warhol's film ""Camp"" released?",1965-01-01,178,5
film,Andy Warhol,Couch,"When was the film ""Couch"" released?","When was Andy Warhol's film ""Couch"" released?",1964-01-01,178,5
film,Andy Warhol,Eat,"When was the film ""Eat"" released?","When was Andy Warhol's film ""Eat"" released?",1964-07-16,178,9
film,Andy Warhol,Elvis at Ferus,"When was the film ""Elvis at Ferus"" released?","When was Andy Warhol's film ""Elvis at Ferus"" released?",1963-01-01,178,2
film,Andy Warhol,Four Stars,"When was the film ""Four Stars"" released?","When was Andy Warhol's film ""Four Stars"" released?",1967-01-01,178,8
film,Andy Warhol,Haircut,"When was the film ""Haircut"" released?","When was Andy Warhol's film ""Haircut"" released?",1964-01-01,178,4
film,Andy Warhol,Haircut No. 3,"When was the film ""Haircut No. 3"" released?","When was Andy Warhol's film ""Haircut No. 3"" released?",1963-01-01,178,1
film,Andy Warhol,Harlot,"When was the film ""Harlot"" released?","When was Andy Warhol's film ""Harlot"" released?",1964-01-01,178,4
film,Andy Warhol,Hedy,"When was the film ""Hedy"" released?","When was Andy Warhol's film ""Hedy"" released?",1966-01-01,178,1
film,Andy Warhol,Henry Geldzahler,"When was the film ""Henry Geldzahler"" released?","When was Andy Warhol's film ""Henry Geldzahler"" released?",1964-01-01,178,2
film,Andy Warhol,Imitation of Christ,"When was the film ""Imitation of Christ"" released?","When was Andy Warhol's film ""Imitation of Christ"" released?",1967-01-01,178,4
film,Andy Warhol,Jill and Freddy Dancing,"When was the film ""Jill and Freddy Dancing"" released?","When was Andy Warhol's film ""Jill and Freddy Dancing"" released?",1963-01-01,178,1
film,Andy Warhol,Kiss,"When was the film ""Kiss"" released?","When was Andy Warhol's film ""Kiss"" released?",1963-01-01,178,8
film,Andy Warhol,Kitchen,"When was the film ""Kitchen"" released?","When was Andy Warhol's film ""Kitchen"" released?",1966-01-01,178,5
film,Andy Warhol,L'Amour,"When was the film ""L'Amour"" released?","When was Andy Warhol's film ""L'Amour"" released?",1973-01-01,178,4
film,Andy Warhol,Lonesome Cowboys,"When was the film ""Lonesome Cowboys"" released?","When was Andy Warhol's film ""Lonesome Cowboys"" released?",1968-11-01,178,6
film,Andy Warhol,Lupe,"When was the film ""Lupe"" released?","When was Andy Warhol's film ""Lupe"" released?",1966-02-08,178,0
film,Andy Warhol,Mario Banana I,"When was the film ""Mario Banana I"" released?","When was Andy Warhol's film ""Mario Banana I"" released?",1964-01-01,178,1
film,Andy Warhol,Mario Banana II,"When was the film ""Mario Banana II"" released?","When was Andy Warhol's film ""Mario Banana II"" released?",1964-01-01,178,1
film,Andy Warhol,Moe Gets Tied Up,"When was the film ""Moe Gets Tied Up"" released?","When was Andy Warhol's film ""Moe Gets Tied Up"" released?",1966-01-01,178,1
film,Andy Warhol,"More Milk, Yvette","When was the film ""More Milk, Yvette"" released?","When was Andy Warhol's film ""More Milk, Yvette"" released?",1966-01-01,178,5
film,Andy Warhol,My Hustler,"When was the film ""My Hustler"" released?","When was Andy Warhol's film ""My Hustler"" released?",1965-01-01,178,5
film,Andy Warhol,Naomi's Birthday Party,"When was the film ""Naomi's Birthday Party"" released?","When was Andy Warhol's film ""Naomi's Birthday Party"" released?",1963-01-01,178,0
film,Andy Warhol,Outer And Inner Space,"When was the film ""Outer And Inner Space"" released?","When was Andy Warhol's film ""Outer And Inner Space"" released?",1966-01-01,178,0
film,Andy Warhol,Poor Little Rich Girl,"When was the film ""Poor Little Rich Girl"" released?","When was Andy Warhol's film ""Poor Little Rich Girl"" released?",1965-01-01,178,5
film,Andy Warhol,San Diego Surf,"When was the film ""San Diego Surf"" released?","When was Andy Warhol's film ""San Diego Surf"" released?",2012-01-01,178,5
film,Andy Warhol,Screen Test No. 1,"When was the film ""Screen Test No. 1"" released?","When was Andy Warhol's film ""Screen Test No. 1"" released?",1965-01-01,178,2
film,Andy Warhol,Soap Opera,"When was the film ""Soap Opera"" released?","When was Andy Warhol's film ""Soap Opera"" released?",1964-01-01,178,4
film,Andy Warhol,Space,"When was the film ""Space"" released?","When was Andy Warhol's film ""Space"" released?",1965-01-01,178,4
film,Andy Warhol,Tarzan And Jane Regained … Sort Of,"When was the film ""Tarzan And Jane Regained … Sort Of"" released?","When was Andy Warhol's film ""Tarzan And Jane Regained … Sort Of"" released?",1964-02-24,178,3
film,Andy Warhol,Taylor Mead's Ass,"When was the film ""Taylor Mead's Ass"" released?","When was Andy Warhol's film ""Taylor Mead's Ass"" released?",1964-01-01,178,3
film,Andy Warhol,The 13 Most Beautiful Boys,"When was the film ""The 13 Most Beautiful Boys"" released?","When was Andy Warhol's film ""The 13 Most Beautiful Boys"" released?",1965-01-01,178,2
film,Andy Warhol,The 13 Most Beautiful Women,"When was the film ""The 13 Most Beautiful Women"" released?","When was Andy Warhol's film ""The 13 Most Beautiful Women"" released?",1964-01-01,178,2
film,Andy Warhol,The Andy Warhol Story,"When was the film ""The Andy Warhol Story"" released?","When was Andy Warhol's film ""The Andy Warhol Story"" released?",1967-01-01,178,4
film,Andy Warhol,The Life of Juanita Castro,"When was the film ""The Life of Juanita Castro"" released?","When was Andy Warhol's film ""The Life of Juanita Castro"" released?",1965-03-22,178,4
film,Andy Warhol,The Nude Restaurant,"When was the film ""The Nude Restaurant"" released?","When was Andy Warhol's film ""The Nude Restaurant"" released?",1967-01-01,178,2
film,Andy Warhol,The Shopper,"When was the film ""The Shopper"" released?","When was Andy Warhol's film ""The Shopper"" released?",1968-01-01,178,0
film,Andy Warhol,The Velvet Underground and Nico: A Symphony of Sound,"When was the film ""The Velvet Underground and Nico: A Symphony of Sound"" released?","When was Andy Warhol's film ""The Velvet Underground and Nico: A Symphony of Sound"" released?",1966-01-01,178,8
film,Andy Warhol,The Velvet Underground Tarot Cards,"When was the film ""The Velvet Underground Tarot Cards"" released?","When was Andy Warhol's film ""The Velvet Underground Tarot Cards"" released?",1966-01-01,178,1
film,Andy Warhol,Tub Girls,"When was the film ""Tub Girls"" released?","When was Andy Warhol's film ""Tub Girls"" released?",1967-01-01,178,4
film,Angelina Jolie,A Place in Time,"When was the film ""A Place in Time"" released?","When was Angelina Jolie's film ""A Place in Time"" released?",2007-01-01,171,7
film,Ang Lee,Fine Line,"When was the film ""Fine Line"" released?","When was Ang Lee's film ""Fine Line"" released?",1984-01-01,83,1
film,Ang Lee,The Runner,"When was the film ""The Runner"" released?","When was Ang Lee's film ""The Runner"" released?",1980-01-01,83,1
film,Anjelica Huston,Bastard Out of Carolina,"When was the film ""Bastard Out of Carolina"" released?","When was Anjelica Huston's film ""Bastard Out of Carolina"" released?",1996-01-01,67,9
film,Anna Karina,Vivre ensemble,"When was the film ""Vivre ensemble"" released?","When was Anna Karina's film ""Vivre ensemble"" released?",1973-01-01,52,3
film,Anne Bancroft,Fatso,"When was the film ""Fatso"" released?","When was Anne Bancroft's film ""Fatso"" released?",1980-01-01,84,3
film,Anne Heche,On the Edge,"When was the film ""On the Edge"" released?","When was Anne Heche's film ""On the Edge"" released?",2001-01-01,54,4
film,Annie Ernaux,The Super 8 Years,"When was the film ""The Super 8 Years"" released?","When was Annie Ernaux's film ""The Super 8 Years"" released?",2022-12-29,93,1
film,Anthony Hopkins,Dylan Thomas: Return Journey,"When was the film ""Dylan Thomas: Return Journey"" released?","When was Anthony Hopkins's film ""Dylan Thomas: Return Journey"" released?",1990-01-01,117,1
film,Anthony Minghella,A Little Like Drowning,"When was the film ""A Little Like Drowning"" released?","When was Anthony Minghella's film ""A Little Like Drowning"" released?",1978-01-01,55,2
film,Anthony Minghella,Beckett on Film,"When was the film ""Beckett on Film"" released?","When was Anthony Minghella's film ""Beckett on Film"" released?",2002-08-29,55,3
film,Anthony Perkins,Lucky Stiff,"When was the film ""Lucky Stiff"" released?","When was Anthony Perkins's film ""Lucky Stiff"" released?",1988-01-01,64,4
film,Asghar Farhadi,Dancing in the Dust,"When was the film ""Dancing in the Dust"" released?","When was Asghar Farhadi's film ""Dancing in the Dust"" released?",2003-06-23,60,9
film,Asghar Farhadi,The Beautiful City,"When was the film ""The Beautiful City"" released?","When was Asghar Farhadi's film ""The Beautiful City"" released?",2004-01-01,60,8
film,Assia Djebar,La Nouba des femmes du Mont Chenoua,"When was the film ""La Nouba des femmes du Mont Chenoua"" released?","When was Assia Djebar's film ""La Nouba des femmes du Mont Chenoua"" released?",1979-01-01,61,5
film,Assia Djebar,La Zerda ou les chants de l'oubli,"When was the film ""La Zerda ou les chants de l'oubli"" released?","When was Assia Djebar's film ""La Zerda ou les chants de l'oubli"" released?",1983-01-01,61,5
film,Auguste and Louis Lumière,Bonne d'enfants et soldat,"When was the film ""Bonne d'enfants et soldat"" released?","When was Auguste and Louis Lumière's film ""Bonne d'enfants et soldat"" released?",1897-01-01,80,1
film,Auguste and Louis Lumière,Devil's Pot,"When was the film ""Devil's Pot"" released?","When was Auguste and Louis Lumière's film ""Devil's Pot"" released?",1903-01-01,80,1
film,Auguste and Louis Lumière,Place de la Comédie,"When was the film ""Place de la Comédie"" released?","When was Auguste and Louis Lumière's film ""Place de la Comédie"" released?",1896-01-01,80,1
film,Baldur von Schirach,Der Nürnberger Parteitag der NSDAP,"When was the film ""Der Nürnberger Parteitag der NSDAP"" released?","When was Baldur von Schirach's film ""Der Nürnberger Parteitag der NSDAP"" released?",1929-01-01,54,3
film,Banksy,The Antics Roadshow,"When was the film ""The Antics Roadshow"" released?","When was Banksy's film ""The Antics Roadshow"" released?",2011-08-13,76,4
film,Barbra Streisand,Barbra: The Concert,"When was the film ""Barbra: The Concert"" released?","When was Barbra Streisand's film ""Barbra: The Concert"" released?",1994-08-21,108,1
film,Barbra Streisand,Barbra: The Music ... The Mem'ries ... The Magic!,"When was the film ""Barbra: The Music ... The Mem'ries ... The Magic!"" released?","When was Barbra Streisand's film ""Barbra: The Music ... The Mem'ries ... The Magic!"" released?",2017-11-22,108,0
film,Barbra Streisand,Timeless: Live in Concert,"When was the film ""Timeless: Live in Concert"" released?","When was Barbra Streisand's film ""Timeless: Live in Concert"" released?",2001-01-01,108,1
film,Barry Levinson,PoliWood,"When was the film ""PoliWood"" released?","When was Barry Levinson's film ""PoliWood"" released?",2009-01-01,53,4
film,Bella Thorne,Her & Him,"When was the film ""Her & Him"" released?","When was Bella Thorne's film ""Her & Him"" released?",2019-09-11,75,5
film,Ben Affleck,"I Killed My Lesbian Wife, Hung Her on a Meat Hook, and Now I Have a Three-Picture Deal at Disney","When was the film ""I Killed My Lesbian Wife, Hung Her on a Meat Hook, and Now I Have a Three-Picture Deal at Disney"" released?","When was Ben Affleck's film ""I Killed My Lesbian Wife, Hung Her on a Meat Hook, and Now I Have a Three-Picture Deal at Disney"" released?",1993-01-01,111,8
film,Ben Gazzara,Beyond the Ocean,"When was the film ""Beyond the Ocean"" released?","When was Ben Gazzara's film ""Beyond the Ocean"" released?",1990-01-01,51,3
film,Ben Shapiro,Gregory Crewdson: Brief Encounters,"When was the film ""Gregory Crewdson: Brief Encounters"" released?","When was Ben Shapiro's film ""Gregory Crewdson: Brief Encounters"" released?",2012-01-01,51,2
film,Ben Stiller,Stiller & Meara: Nothing Is Lost,"When was the film ""Stiller & Meara: Nothing Is Lost"" released?","When was Ben Stiller's film ""Stiller & Meara: Nothing Is Lost"" released?",2025-10-17,85,1
film,Bernard-Henri Lévy,Bosna!,"When was the film ""Bosna!"" released?","When was Bernard-Henri Lévy's film ""Bosna!"" released?",1994-01-01,57,3
film,Bernard-Henri Lévy,Day and Night,"When was the film ""Day and Night"" released?","When was Bernard-Henri Lévy's film ""Day and Night"" released?",1997-01-01,57,5
film,Bernard-Henri Lévy,Glory to the Heroes (film),"When was the film ""Glory to the Heroes (film)"" released?","When was Bernard-Henri Lévy's film ""Glory to the Heroes (film)"" released?",2023-11-14,57,3
film,Bernard-Henri Lévy,Our War,"When was the film ""Our War"" released?","When was Bernard-Henri Lévy's film ""Our War"" released?",2025-05-13,57,3
film,Bernard-Henri Lévy,Slava Ukraini,"When was the film ""Slava Ukraini"" released?","When was Bernard-Henri Lévy's film ""Slava Ukraini"" released?",2023-02-22,57,2
film,Bernard-Henri Lévy,The Oath of Tobruk,"When was the film ""The Oath of Tobruk"" released?","When was Bernard-Henri Lévy's film ""The Oath of Tobruk"" released?",2012-01-01,57,2
film,Bernardo Bertolucci,12 registi per 12 città,"When was the film ""12 registi per 12 città"" released?","When was Bernardo Bertolucci's film ""12 registi per 12 città"" released?",1989-01-01,86,5
film,Bernardo Bertolucci,1900 (Part One),"When was the film ""1900 (Part One)"" released?","When was Bernardo Bertolucci's film ""1900 (Part One)"" released?",1976-01-01,86,0
film,Bernardo Bertolucci,1900 (Part Two),"When was the film ""1900 (Part Two)"" released?","When was Bernardo Bertolucci's film ""1900 (Part Two)"" released?",1976-01-01,86,0
film,Bernardo Bertolucci,Farewell to Enrico Berlinguer,"When was the film ""Farewell to Enrico Berlinguer"" released?","When was Bernardo Bertolucci's film ""Farewell to Enrico Berlinguer"" released?",1984-01-01,86,4
film,Bernardo Bertolucci,La via del petrolio,"When was the film ""La via del petrolio"" released?","When was Bernardo Bertolucci's film ""La via del petrolio"" released?",1967-01-01,86,3
film,Bernardo Bertolucci,Ten Minutes Older: The Cello,"When was the film ""Ten Minutes Older: The Cello"" released?","When was Bernardo Bertolucci's film ""Ten Minutes Older: The Cello"" released?",2002-01-01,86,2
film,Bertolt Brecht,Mann ist Mann,"When was the film ""Mann ist Mann"" released?","When was Bertolt Brecht's film ""Mann ist Mann"" released?",1931-01-01,154,1
film,Beyoncé,Homecoming: A Film by Beyoncé,"When was the film ""Homecoming: A Film by Beyoncé"" released?","When was Beyoncé's film ""Homecoming: A Film by Beyoncé"" released?",2019-04-17,173,9
film,Beyoncé,Renaissance: A Film by Beyoncé,"When was the film ""Renaissance: A Film by Beyoncé"" released?","When was Beyoncé's film ""Renaissance: A Film by Beyoncé"" released?",2023-12-01,173,6
film,Bill Cosby,Bill Cosby: Himself,"When was the film ""Bill Cosby: Himself"" released?","When was Bill Cosby's film ""Bill Cosby: Himself"" released?",1983-01-01,82,3
film,Billy Bob Thornton,Jayne Mansfield's Car,"When was the film ""Jayne Mansfield's Car"" released?","When was Billy Bob Thornton's film ""Jayne Mansfield's Car"" released?",2012-02-13,63,9
film,Billy Crystal,Here Today,"When was the film ""Here Today"" released?","When was Billy Crystal's film ""Here Today"" released?",2021-01-01,62,6
film,Billy Wilder,Death Mills,"When was the film ""Death Mills"" released?","When was Billy Wilder's film ""Death Mills"" released?",1945-01-01,80,8
film,Bing Crosby,Blue Skies,"When was the film ""Blue Skies"" released?","When was Bing Crosby's film ""Blue Skies"" released?",1946-01-01,121,9
film,Blake Edwards,Bring Your Smile Along,"When was the film ""Bring Your Smile Along"" released?","When was Blake Edwards's film ""Bring Your Smile Along"" released?",1955-01-01,55,7
film,Blake Edwards,Gunn,"When was the film ""Gunn"" released?","When was Blake Edwards's film ""Gunn"" released?",1967-01-01,55,9
film,Blake Edwards,He Laughed Last,"When was the film ""He Laughed Last"" released?","When was Blake Edwards's film ""He Laughed Last"" released?",1956-01-01,55,7
film,Bob Dylan,Eat the Document,"When was the film ""Eat the Document"" released?","When was Bob Dylan's film ""Eat the Document"" released?",1966-01-01,184,8
film,Bob Dylan,Renaldo and Clara,"When was the film ""Renaldo and Clara"" released?","When was Bob Dylan's film ""Renaldo and Clara"" released?",1978-01-25,184,8
film,Bob Hoskins,Rainbow,"When was the film ""Rainbow"" released?","When was Bob Hoskins's film ""Rainbow"" released?",1995-01-01,82,3
film,Bob Hoskins,The Raggedy Rawney,"When was the film ""The Raggedy Rawney"" released?","When was Bob Hoskins's film ""The Raggedy Rawney"" released?",1988-01-01,82,3
film,Bob Hoskins,Tube Tales,"When was the film ""Tube Tales"" released?","When was Bob Hoskins's film ""Tube Tales"" released?",1999-01-01,82,6
film,Bob Saget,Becoming Dick,"When was the film ""Becoming Dick"" released?","When was Bob Saget's film ""Becoming Dick"" released?",2000-01-01,70,2
film,Bong Joon-ho,Incoherence,"When was the film ""Incoherence"" released?","When was Bong Joon-ho's film ""Incoherence"" released?",1994-01-01,60,2
film,Bong Joon-ho,Influenza,"When was the film ""Influenza"" released?","When was Bong Joon-ho's film ""Influenza"" released?",2004-04-22,60,1
film,Bong Joon-ho,White Man,"When was the film ""White Man"" released?","When was Bong Joon-ho's film ""White Man"" released?",1994-01-01,60,1
film,Bonnie Wright,Know Thyself,"When was the film ""Know Thyself"" released?","When was Bonnie Wright's film ""Know Thyself"" released?",2014-01-01,63,2
film,Brian De Palma,Dionysus in '69,"When was the film ""Dionysus in '69"" released?","When was Brian De Palma's film ""Dionysus in '69"" released?",1970-01-01,68,8
film,Brian De Palma,Get to Know Your Rabbit,"When was the film ""Get to Know Your Rabbit"" released?","When was Brian De Palma's film ""Get to Know Your Rabbit"" released?",1972-01-01,68,7
film,Brian De Palma,Home Movies,"When was the film ""Home Movies"" released?","When was Brian De Palma's film ""Home Movies"" released?",1980-01-01,68,7
film,Brian De Palma,Murder a la Mod,"When was the film ""Murder a la Mod"" released?","When was Brian De Palma's film ""Murder a la Mod"" released?",1968-01-01,68,9
film,Brian De Palma,The Wedding Party,"When was the film ""The Wedding Party"" released?","When was Brian De Palma's film ""The Wedding Party"" released?",1969-01-01,68,9
film,Bruce Campbell,A Community Speaks,"When was the film ""A Community Speaks"" released?","When was Bruce Campbell's film ""A Community Speaks"" released?",2004-01-01,53,2
film,Bruce Campbell,Fanalysis,"When was the film ""Fanalysis"" released?","When was Bruce Campbell's film ""Fanalysis"" released?",2002-01-01,53,2
film,Bruce Campbell,Man with the Screaming Brain,"When was the film ""Man with the Screaming Brain"" released?","When was Bruce Campbell's film ""Man with the Screaming Brain"" released?",2005-01-01,53,7
film,Bruce Campbell,My Name Is Bruce,"When was the film ""My Name Is Bruce"" released?","When was Bruce Campbell's film ""My Name Is Bruce"" released?",2007-01-01,53,8
film,Bruce Lee,Game of Death Redux,"When was the film ""Game of Death Redux"" released?","When was Bruce Lee's film ""Game of Death Redux"" released?",2019-01-01,162,4
film,Bruce Springsteen,Hunter of Invisible Game,"When was the film ""Hunter of Invisible Game"" released?","When was Bruce Springsteen's film ""Hunter of Invisible Game"" released?",2014-07-09,106,1
film,Bruce Springsteen,Western Stars,"When was the film ""Western Stars"" released?","When was Bruce Springsteen's film ""Western Stars"" released?",2019-10-25,106,0
film,Bryan Cranston,Last Chance,"When was the film ""Last Chance"" released?","When was Bryan Cranston's film ""Last Chance"" released?",1999-01-01,87,3
film,Bryan Singer,Public Access,"When was the film ""Public Access"" released?","When was Bryan Singer's film ""Public Access"" released?",1993-01-01,52,9
film,Bryce Dallas Howard,Dads,"When was the film ""Dads"" released?","When was Bryce Dallas Howard's film ""Dads"" released?",2019-01-01,60,4
film,Bryce Dallas Howard,Orchids,"When was the film ""Orchids"" released?","When was Bryce Dallas Howard's film ""Orchids"" released?",2006-01-01,60,1
film,Burgess Meredith,A Welcome to Britain,"When was the film ""A Welcome to Britain"" released?","When was Burgess Meredith's film ""A Welcome to Britain"" released?",1943-01-01,63,2
film,Burgess Meredith,The Man on the Eiffel Tower,"When was the film ""The Man on the Eiffel Tower"" released?","When was Burgess Meredith's film ""The Man on the Eiffel Tower"" released?",1950-01-01,63,9
film,Burgess Meredith,The Yin and the Yang of Mr. Go,"When was the film ""The Yin and the Yang of Mr. Go"" released?","When was Burgess Meredith's film ""The Yin and the Yang of Mr. Go"" released?",1970-01-01,63,1
film,Burt Reynolds,Gator,"When was the film ""Gator"" released?","When was Burt Reynolds's film ""Gator"" released?",1976-08-20,75,7
film,Burt Reynolds,Hard Time,"When was the film ""Hard Time"" released?","When was Burt Reynolds's film ""Hard Time"" released?",1998-01-01,75,2
film,Burt Reynolds,Stick,"When was the film ""Stick"" released?","When was Burt Reynolds's film ""Stick"" released?",1985-01-01,75,7
film,Burt Reynolds,The End,"When was the film ""The End"" released?","When was Burt Reynolds's film ""The End"" released?",1978-05-10,75,6
film,Burt Reynolds,The Last Producer,"When was the film ""The Last Producer"" released?","When was Burt Reynolds's film ""The Last Producer"" released?",2000-01-01,75,3
film,Buster Keaton,Hollywood Handicap,"When was the film ""Hollywood Handicap"" released?","When was Buster Keaton's film ""Hollywood Handicap"" released?",1938-01-01,96,3
film,Carlos Saura,Antonieta,"When was the film ""Antonieta"" released?","When was Carlos Saura's film ""Antonieta"" released?",1982-01-01,57,9
film,Carlos Saura,Blindfolded Eyes,"When was the film ""Blindfolded Eyes"" released?","When was Carlos Saura's film ""Blindfolded Eyes"" released?",1978-01-01,57,8
film,Carlos Saura,Bunuel and King Solomon's Table,"When was the film ""Bunuel and King Solomon's Table"" released?","When was Carlos Saura's film ""Bunuel and King Solomon's Table"" released?",2001-09-08,57,9
film,Carlos Saura,Flamenco,"When was the film ""Flamenco"" released?","When was Carlos Saura's film ""Flamenco"" released?",1995-06-16,57,6
film,Carlos Saura,Flamenco Flamenco,"When was the film ""Flamenco Flamenco"" released?","When was Carlos Saura's film ""Flamenco Flamenco"" released?",2010-09-17,57,3
film,Carlos Saura,Honeycomb,"When was the film ""Honeycomb"" released?","When was Carlos Saura's film ""Honeycomb"" released?",1969-01-01,57,9
film,Carlos Saura,J: Beyond Flamenco,"When was the film ""J: Beyond Flamenco"" released?","When was Carlos Saura's film ""J: Beyond Flamenco"" released?",2016-01-01,57,5
film,Carlos Saura,La tarde del domingo,"When was the film ""La tarde del domingo"" released?","When was Carlos Saura's film ""La tarde del domingo"" released?",1957-01-01,57,2
film,Carlos Saura,Los zancos,"When was the film ""Los zancos"" released?","When was Carlos Saura's film ""Los zancos"" released?",1984-01-01,57,7
film,Carlos Saura,Pajarico,"When was the film ""Pajarico"" released?","When was Carlos Saura's film ""Pajarico"" released?",1997-01-01,57,6
film,Carlos Saura,Renzo Piano: The Architect of Light,"When was the film ""Renzo Piano: The Architect of Light"" released?","When was Carlos Saura's film ""Renzo Piano: The Architect of Light"" released?",2018-06-16,57,1
film,Carlos Saura,Sevillanas,"When was the film ""Sevillanas"" released?","When was Carlos Saura's film ""Sevillanas"" released?",1992-01-01,57,7
film,Carlos Saura,Stress Is Three,"When was the film ""Stress Is Three"" released?","When was Carlos Saura's film ""Stress Is Three"" released?",1968-01-01,57,7
film,Carlos Saura,Sweet Hours,"When was the film ""Sweet Hours"" released?","When was Carlos Saura's film ""Sweet Hours"" released?",1982-01-01,57,8
film,Carlos Saura,Taxi,"When was the film ""Taxi"" released?","When was Carlos Saura's film ""Taxi"" released?",1996-10-11,57,8
film,Carlos Saura,The Dark Night,"When was the film ""The Dark Night"" released?","When was Carlos Saura's film ""The Dark Night"" released?",1989-01-01,57,7
film,Carlos Saura,The Delinquents,"When was the film ""The Delinquents"" released?","When was Carlos Saura's film ""The Delinquents"" released?",1960-01-01,57,8
film,Carlos Saura,The Garden of Delights,"When was the film ""The Garden of Delights"" released?","When was Carlos Saura's film ""The Garden of Delights"" released?",1970-01-01,57,8
film,Carlos Saura,The King of All the World,"When was the film ""The King of All the World"" released?","When was Carlos Saura's film ""The King of All the World"" released?",2021-11-12,57,4
film,Carlos Saura,Walls Can Talk,"When was the film ""Walls Can Talk"" released?","When was Carlos Saura's film ""Walls Can Talk"" released?",2022-01-01,57,1
film,Carlos Saura,Weeping for a Bandit,"When was the film ""Weeping for a Bandit"" released?","When was Carlos Saura's film ""Weeping for a Bandit"" released?",1964-01-01,57,8
film,Carl Reiner,"Bert Rigby, You're a Fool","When was the film ""Bert Rigby, You're a Fool"" released?","When was Carl Reiner's film ""Bert Rigby, You're a Fool"" released?",1989-01-01,90,7
film,Carl Reiner,Enter Laughing,"When was the film ""Enter Laughing"" released?","When was Carl Reiner's film ""Enter Laughing"" released?",1967-01-01,90,4
film,Carl Reiner,The Comic,"When was the film ""The Comic"" released?","When was Carl Reiner's film ""The Comic"" released?",1969-01-01,90,5
film,Carl Reiner,The One and Only,"When was the film ""The One and Only"" released?","When was Carl Reiner's film ""The One and Only"" released?",1978-02-03,90,6
film,Carl Reiner,Where's Poppa?,"When was the film ""Where's Poppa?"" released?","When was Carl Reiner's film ""Where's Poppa?"" released?",1970-07-09,90,6
film,Carl Theodor Dreyer,Die Gezeichneten,"When was the film ""Die Gezeichneten"" released?","When was Carl Theodor Dreyer's film ""Die Gezeichneten"" released?",1922-01-01,60,7
film,Carl Theodor Dreyer,Et slot i et slot: Krogen og Kronborg,"When was the film ""Et slot i et slot: Krogen og Kronborg"" released?","When was Carl Theodor Dreyer's film ""Et slot i et slot: Krogen og Kronborg"" released?",1954-09-29,60,2
film,Carl Theodor Dreyer,Kampen mod kræften,"When was the film ""Kampen mod kræften"" released?","When was Carl Theodor Dreyer's film ""Kampen mod kræften"" released?",1947-01-01,60,2
film,Carl Theodor Dreyer,Landsbykirken,"When was the film ""Landsbykirken"" released?","When was Carl Theodor Dreyer's film ""Landsbykirken"" released?",1947-01-01,60,2
film,Carl Theodor Dreyer,Mødrehjælpen,"When was the film ""Mødrehjælpen"" released?","When was Carl Theodor Dreyer's film ""Mødrehjælpen"" released?",1942-11-20,60,2
film,Carl Theodor Dreyer,Once Upon a Time,"When was the film ""Once Upon a Time"" released?","When was Carl Theodor Dreyer's film ""Once Upon a Time"" released?",1922-01-01,60,6
film,Carl Theodor Dreyer,Præsidenten,"When was the film ""Præsidenten"" released?","When was Carl Theodor Dreyer's film ""Præsidenten"" released?",1919-01-01,60,9
film,Carl Theodor Dreyer,The Storstrøm Bridge,"When was the film ""The Storstrøm Bridge"" released?","When was Carl Theodor Dreyer's film ""The Storstrøm Bridge"" released?",1950-03-22,60,2
film,Carl Theodor Dreyer,Thorvaldsen,"When was the film ""Thorvaldsen"" released?","When was Carl Theodor Dreyer's film ""Thorvaldsen"" released?",1949-04-20,60,3
film,Carl Theodor Dreyer,Två människor,"When was the film ""Två människor"" released?","When was Carl Theodor Dreyer's film ""Två människor"" released?",1945-01-01,60,3
film,Cate Blanchett,The Turning,"When was the film ""The Turning"" released?","When was Cate Blanchett's film ""The Turning"" released?",2013-08-03,131,8
film,Cecil B. DeMille,Feet of Clay,"When was the film ""Feet of Clay"" released?","When was Cecil B. DeMille's film ""Feet of Clay"" released?",1924-01-01,68,9
film,Cecil B. DeMille,Four Frightened People,"When was the film ""Four Frightened People"" released?","When was Cecil B. DeMille's film ""Four Frightened People"" released?",1934-01-01,68,8
film,Cecil B. DeMille,Land of Liberty,"When was the film ""Land of Liberty"" released?","When was Cecil B. DeMille's film ""Land of Liberty"" released?",1939-01-01,68,2
film,Cecil B. DeMille,Lost and Won,"When was the film ""Lost and Won"" released?","When was Cecil B. DeMille's film ""Lost and Won"" released?",1917-01-01,68,6
film,Cecil B. DeMille,Nan of Music Mountain,"When was the film ""Nan of Music Mountain"" released?","When was Cecil B. DeMille's film ""Nan of Music Mountain"" released?",1917-01-01,68,7
film,Cecil B. DeMille,Temptation,"When was the film ""Temptation"" released?","When was Cecil B. DeMille's film ""Temptation"" released?",1915-01-01,68,9
film,Cecil B. DeMille,The Call of the North,"When was the film ""The Call of the North"" released?","When was Cecil B. DeMille's film ""The Call of the North"" released?",1914-01-01,68,9
film,Cecil B. DeMille,The Captive,"When was the film ""The Captive"" released?","When was Cecil B. DeMille's film ""The Captive"" released?",1915-01-01,68,8
film,Cecil B. DeMille,The Dream Girl,"When was the film ""The Dream Girl"" released?","When was Cecil B. DeMille's film ""The Dream Girl"" released?",1916-01-01,68,9
film,Cecil B. DeMille,The Golden Bed,"When was the film ""The Golden Bed"" released?","When was Cecil B. DeMille's film ""The Golden Bed"" released?",1925-01-01,68,9
film,Cecil B. DeMille,The Man on the Box,"When was the film ""The Man on the Box"" released?","When was Cecil B. DeMille's film ""The Man on the Box"" released?",1914-01-01,68,9
film,Cecil B. DeMille,The Master Mind,"When was the film ""The Master Mind"" released?","When was Cecil B. DeMille's film ""The Master Mind"" released?",1914-01-01,68,9
film,Cecil B. DeMille,The Only Son,"When was the film ""The Only Son"" released?","When was Cecil B. DeMille's film ""The Only Son"" released?",1914-01-01,68,8
film,Cecil B. DeMille,The Road to Yesterday,"When was the film ""The Road to Yesterday"" released?","When was Cecil B. DeMille's film ""The Road to Yesterday"" released?",1925-01-01,68,8
film,Cecil B. DeMille,The Squaw Man,"When was the film ""The Squaw Man"" released?","When was Cecil B. DeMille's film ""The Squaw Man"" released?",1931-01-01,68,5
film,Cecil B. DeMille,The Unafraid,"When was the film ""The Unafraid"" released?","When was Cecil B. DeMille's film ""The Unafraid"" released?",1915-01-01,68,9
film,Cecil B. DeMille,The Whispering Chorus,"When was the film ""The Whispering Chorus"" released?","When was Cecil B. DeMille's film ""The Whispering Chorus"" released?",1918-01-01,68,9
film,Cecil B. DeMille,This Day and Age,"When was the film ""This Day and Age"" released?","When was Cecil B. DeMille's film ""This Day and Age"" released?",1933-01-01,68,5
film,Cecil B. DeMille,Till I Come Back to You,"When was the film ""Till I Come Back to You"" released?","When was Cecil B. DeMille's film ""Till I Come Back to You"" released?",1918-01-01,68,9
film,Cecil B. DeMille,Triumph,"When was the film ""Triumph"" released?","When was Cecil B. DeMille's film ""Triumph"" released?",1924-01-01,68,9
film,Cecil B. DeMille,Walking Back,"When was the film ""Walking Back"" released?","When was Cecil B. DeMille's film ""Walking Back"" released?",1928-01-01,68,4
film,Cecil B. DeMille,What's His Name,"When was the film ""What's His Name"" released?","When was Cecil B. DeMille's film ""What's His Name"" released?",1914-01-01,68,9
film,Chandrasekhara Venkata Raman,Athirooba Amaravathi,"When was the film ""Athirooba Amaravathi"" released?","When was Chandrasekhara Venkata Raman's film ""Athirooba Amaravathi"" released?",1935-01-01,116,3
film,Chandrasekhara Venkata Raman,Hariharamaya,"When was the film ""Hariharamaya"" released?","When was Chandrasekhara Venkata Raman's film ""Hariharamaya"" released?",1940-01-01,116,2
film,Chandrasekhara Venkata Raman,Karaikkal Ammaiyar,"When was the film ""Karaikkal Ammaiyar"" released?","When was Chandrasekhara Venkata Raman's film ""Karaikkal Ammaiyar"" released?",1943-01-01,116,3
film,Chandrasekhara Venkata Raman,Names of two sister princesses,"When was the film ""Names of two sister princesses"" released?","When was Chandrasekhara Venkata Raman's film ""Names of two sister princesses"" released?",1946-01-01,116,3
film,Chandrasekhara Venkata Raman,Thiruthoda Nayanar,"When was the film ""Thiruthoda Nayanar"" released?","When was Chandrasekhara Venkata Raman's film ""Thiruthoda Nayanar"" released?",1935-01-01,116,2
film,Chandrasekhara Venkata Raman,Vikrama Urvashi,"When was the film ""Vikrama Urvashi"" released?","When was Chandrasekhara Venkata Raman's film ""Vikrama Urvashi"" released?",1940-01-01,116,2
film,Chandra Shekhar,Taskara,"When was the film ""Taskara"" released?","When was Chandra Shekhar's film ""Taskara"" released?",2015-01-01,55,4
film,Charlie Chaplin,Charlie Chaplin Festival,"When was the film ""Charlie Chaplin Festival"" released?","When was Charlie Chaplin's film ""Charlie Chaplin Festival"" released?",1946-06-29,258,3
film,Charlie Chaplin,Chase Me Charlie,"When was the film ""Chase Me Charlie"" released?","When was Charlie Chaplin's film ""Chase Me Charlie"" released?",1918-01-01,258,2
film,Charlie Chaplin,How to Make Movies,"When was the film ""How to Make Movies"" released?","When was Charlie Chaplin's film ""How to Make Movies"" released?",1918-01-01,258,3
film,Charlie Chaplin,Mixed Up,"When was the film ""Mixed Up"" released?","When was Charlie Chaplin's film ""Mixed Up"" released?",1915-01-01,258,1
film,Charlie Chaplin,Nice and Friendly,"When was the film ""Nice and Friendly"" released?","When was Charlie Chaplin's film ""Nice and Friendly"" released?",1922-01-01,258,7
film,Charlie Chaplin,The Chaplin Cavalcade,"When was the film ""The Chaplin Cavalcade"" released?","When was Charlie Chaplin's film ""The Chaplin Cavalcade"" released?",1941-01-01,258,2
film,Charlotte Gainsbourg,Jane by Charlotte,"When was the film ""Jane by Charlotte"" released?","When was Charlotte Gainsbourg's film ""Jane by Charlotte"" released?",2021-07-07,63,5
film,Chiwetel Ejiofor,Rob Peace,"When was the film ""Rob Peace"" released?","When was Chiwetel Ejiofor's film ""Rob Peace"" released?",2024-01-22,63,9
film,Chloë Sevigny,Kitty,"When was the film ""Kitty"" released?","When was Chloë Sevigny's film ""Kitty"" released?",2016-05-20,59,1
film,Chris Columbus,Heartbreak Hotel,"When was the film ""Heartbreak Hotel"" released?","When was Chris Columbus's film ""Heartbreak Hotel"" released?",1988-01-01,60,8
film,Chris Rock,Amy Schumer: Live at the Apollo,"When was the film ""Amy Schumer: Live at the Apollo"" released?","When was Chris Rock's film ""Amy Schumer: Live at the Apollo"" released?",2016-01-01,66,2
film,Chuck McCann,The World of Hans Christian Andersen,"When was the film ""The World of Hans Christian Andersen"" released?","When was Chuck McCann's film ""The World of Hans Christian Andersen"" released?",1968-01-01,60,5
film,Claude Chabrol,2+2,"When was the film ""2+2"" released?","When was Claude Chabrol's film ""2+2"" released?",1978-01-01,58,0
film,Claude Chabrol,Code Name: Tiger,"When was the film ""Code Name: Tiger"" released?","When was Claude Chabrol's film ""Code Name: Tiger"" released?",1964-01-01,58,9
film,Claude Chabrol,Death Rite,"When was the film ""Death Rite"" released?","When was Claude Chabrol's film ""Death Rite"" released?",1976-01-01,58,9
film,Claude Chabrol,L'Avarice,"When was the film ""L'Avarice"" released?","When was Claude Chabrol's film ""L'Avarice"" released?",1962-01-01,58,2
film,Claude Chabrol,M. le maudit,"When was the film ""M. le maudit"" released?","When was Claude Chabrol's film ""M. le maudit"" released?",1982-01-01,58,1
film,Claude Chabrol,Ophelia,"When was the film ""Ophelia"" released?","When was Claude Chabrol's film ""Ophelia"" released?",1963-01-01,58,7
film,Claude Chabrol,The Eye of Vichy,"When was the film ""The Eye of Vichy"" released?","When was Claude Chabrol's film ""The Eye of Vichy"" released?",1993-01-01,58,8
film,Claude Chabrol,The Horse of Pride,"When was the film ""The Horse of Pride"" released?","When was Claude Chabrol's film ""The Horse of Pride"" released?",1980-01-01,58,9
film,Claude Chabrol,The Road to Corinthe,"When was the film ""The Road to Corinthe"" released?","When was Claude Chabrol's film ""The Road to Corinthe"" released?",1967-01-01,58,8
film,Claude Chabrol,Wise Guys,"When was the film ""Wise Guys"" released?","When was Claude Chabrol's film ""Wise Guys"" released?",1961-01-01,58,9
film,Claude Lelouch,13 Days in France,"When was the film ""13 Days in France"" released?","When was Claude Lelouch's film ""13 Days in France"" released?",1968-01-01,56,8
film,Claude Lelouch,24 heures d'amant,"When was the film ""24 heures d'amant"" released?","When was Claude Lelouch's film ""24 heures d'amant"" released?",1964-01-01,56,1
film,Claude Lelouch,"Another Man, Another Chance","When was the film ""Another Man, Another Chance"" released?","When was Claude Lelouch's film ""Another Man, Another Chance"" released?",1977-09-28,56,8
book,Abraham Lincoln,The Collected Works of Abraham Lincoln,"When was the book ""The Collected Works of Abraham Lincoln"" published?","When was Abraham Lincoln's book ""The Collected Works of Abraham Lincoln"" published?",1953-01-01,291,1
book,A. C. Bhaktivedanta Swami Prabhupada,Easy Journey to Other Planets,"When was the book ""Easy Journey to Other Planets"" published?","When was A. C. Bhaktivedanta Swami Prabhupada's book ""Easy Journey to Other Planets"" published?",1960-01-01,76,0
book,A. C. Bhaktivedanta Swami Prabhupada,Kṛṣṇa Consciousness: The Topmost Yoga System,"When was the book ""Kṛṣṇa Consciousness: The Topmost Yoga System"" published?","When was A. C. Bhaktivedanta Swami Prabhupada's book ""Kṛṣṇa Consciousness: The Topmost Yoga System"" published?",1970-01-01,76,0
book,African Union,Regional Workshop: Youth Transitions and Network Consolidation,"When was the book ""Regional Workshop: Youth Transitions and Network Consolidation"" published?","When was African Union's book ""Regional Workshop: Youth Transitions and Network Consolidation"" published?",2014-01-01,175,0
book,Alexander Grothendieck,Markov Processes. Structure and Asymptotic Behavior.,"When was the book ""Markov Processes. Structure and Asymptotic Behavior."" published?","When was Alexander Grothendieck's book ""Markov Processes. Structure and Asymptotic Behavior."" published?",1971-01-01,61,0
book,Alexandra Kollontai,The Social Basis of the Woman Question,"When was the book ""The Social Basis of the Woman Question"" published?","When was Alexandra Kollontai's book ""The Social Basis of the Woman Question"" published?",1909-01-01,86,1
book,Alexandre Dumas,"Captain Paul, the pirate","When was the book ""Captain Paul, the pirate"" published?","When was Alexandre Dumas's book ""Captain Paul, the pirate"" published?",1848-01-01,172,0
book,Alexandre Dumas,Derues,"When was the book ""Derues"" published?","When was Alexandre Dumas's book ""Derues"" published?",1840-01-01,172,0
book,Alexandre Dumas,Dieu dispose,"When was the book ""Dieu dispose"" published?","When was Alexandre Dumas's book ""Dieu dispose"" published?",1850-01-01,172,0
book,Alexandre Dumas,La Reine Margot,"When was the book ""La Reine Margot"" published?","When was Alexandre Dumas's book ""La Reine Margot"" published?",1844-01-01,172,0
book,Alexandre Dumas,Les Compagnons de Jéhu,"When was the book ""Les Compagnons de Jéhu"" published?","When was Alexandre Dumas's book ""Les Compagnons de Jéhu"" published?",1857-01-01,172,0
book,Alexandre Dumas,Les Mille et Un Fantômes,"When was the book ""Les Mille et Un Fantômes"" published?","When was Alexandre Dumas's book ""Les Mille et Un Fantômes"" published?",1849-01-01,172,0
book,Alexandre Dumas,Margaret of Navarre; or the massacre of St. Bartholomew's Eve,"When was the book ""Margaret of Navarre; or the massacre of St. Bartholomew's Eve"" published?","When was Alexandre Dumas's book ""Margaret of Navarre; or the massacre of St. Bartholomew's Eve"" published?",1845-01-01,172,0
book,Alexandre Dumas,"Marie Antoinette; or, the chevalier of the Red House","When was the book ""Marie Antoinette; or, the chevalier of the Red House"" published?","When was Alexandre Dumas's book ""Marie Antoinette; or, the chevalier of the Red House"" published?",1846-01-01,172,0
book,Alexandre Dumas,Memoirs of a Physician,"When was the book ""Memoirs of a Physician"" published?","When was Alexandre Dumas's book ""Memoirs of a Physician"" published?",1846-01-01,172,0
book,Alexandre Dumas,The Bastard of Mauléon,"When was the book ""The Bastard of Mauléon"" published?","When was Alexandre Dumas's book ""The Bastard of Mauléon"" published?",1848-01-01,172,0
book,Alexandre Dumas,The Memoirs of a Physician,"When was the book ""The Memoirs of a Physician"" published?","When was Alexandre Dumas's book ""The Memoirs of a Physician"" published?",1848-01-01,172,0
book,Alexandre Dumas,The Planter of the Isle of France,"When was the book ""The Planter of the Isle of France"" published?","When was Alexandre Dumas's book ""The Planter of the Isle of France"" published?",1847-01-01,172,0
book,Alexandre Dumas,The Prisoner of If; or The Revenge of Monte-Christo,"When was the book ""The Prisoner of If; or The Revenge of Monte-Christo"" published?","When was Alexandre Dumas's book ""The Prisoner of If; or The Revenge of Monte-Christo"" published?",1846-01-01,172,0
book,Alexandre Dumas,Une fille du Régent,"When was the book ""Une fille du Régent"" published?","When was Alexandre Dumas's book ""Une fille du Régent"" published?",1845-01-01,172,0
book,Alexandre Dumas fils,La Dame aux camélias,"When was the book ""La Dame aux camélias"" published?","When was Alexandre Dumas fils's book ""La Dame aux camélias"" published?",1848-01-01,108,1
book,Alfred Tennyson,Three Gems in One Setting,"When was the book ""Three Gems in One Setting"" published?","When was Alfred Tennyson's book ""Three Gems in One Setting"" published?",1860-01-01,116,0
book,Ali Shariati,Marxism and other Western fallacies: an Islamic critique,"When was the book ""Marxism and other Western fallacies: an Islamic critique"" published?","When was Ali Shariati's book ""Marxism and other Western fallacies: an Islamic critique"" published?",1980-01-01,53,0
book,Ali Shariati,Religion vs religion,"When was the book ""Religion vs religion"" published?","When was Ali Shariati's book ""Religion vs religion"" published?",1989-01-01,53,0
book,Ali Shariati,What is to be done: the enlightened thinkers and an Islamic renaissance,"When was the book ""What is to be done: the enlightened thinkers and an Islamic renaissance"" published?","When was Ali Shariati's book ""What is to be done: the enlightened thinkers and an Islamic renaissance"" published?",1986-01-01,53,0
book,Ali-Shir Nava'i,Hikmatlar (Navoiy),"When was the book ""Hikmatlar (Navoiy)"" published?","When was Ali-Shir Nava'i's book ""Hikmatlar (Navoiy)"" published?",1968-01-01,70,1
book,Alonzo Church,The Calculi of Lambda Conversion,"When was the book ""The Calculi of Lambda Conversion"" published?","When was Alonzo Church's book ""The Calculi of Lambda Conversion"" published?",1941-01-01,54,0
book,Anacreon,Anakreon translated by Guy Davenport,"When was the book ""Anakreon translated by Guy Davenport"" published?","When was Anacreon's book ""Anakreon translated by Guy Davenport"" published?",1991-01-01,80,0
book,Antoine François Prévost,Histoire du chevalier des Grieux et de Manon Lescaut,"When was the book ""Histoire du chevalier des Grieux et de Manon Lescaut"" published?","When was Antoine François Prévost's book ""Histoire du chevalier des Grieux et de Manon Lescaut"" published?",1731-01-01,59,0
book,Arundhati Roy,My Seditious Heart,"When was the book ""My Seditious Heart"" published?","When was Arundhati Roy's book ""My Seditious Heart"" published?",2019-01-01,94,1
book,Arundhati Roy,Walking with the Comrades,"When was the book ""Walking with the Comrades"" published?","When was Arundhati Roy's book ""Walking with the Comrades"" published?",2011-10-25,94,2
book,author,A Costly Circle,"When was the book ""A Costly Circle"" published?","When was author's book ""A Costly Circle"" published?",2026-01-01,102,0
book,Benjamin Franklin,"The Casket, or Flowers of Literature, Wit and Sentiment","When was the book ""The Casket, or Flowers of Literature, Wit and Sentiment"" published?","When was Benjamin Franklin's book ""The Casket, or Flowers of Literature, Wit and Sentiment"" published?",1828-01-01,216,0
book,Ben Shapiro,Bullies: How the Silence Culture of the Left Works,"When was the book ""Bullies: How the Silence Culture of the Left Works"" published?","When was Ben Shapiro's book ""Bullies: How the Silence Culture of the Left Works"" published?",2019-01-01,51,1
book,Blaise Pascal,"Pensées, fragments et lettres de Blaise Pascal, publiés pour la première fois conformément aux manuscrits originaux en grande partie inédits","When was the book ""Pensées, fragments et lettres de Blaise Pascal, publiés pour la première fois conformément aux manuscrits originaux en grande partie inédits"" published?","When was Blaise Pascal's book ""Pensées, fragments et lettres de Blaise Pascal, publiés pour la première fois conformément aux manuscrits originaux en grande partie inédits"" published?",1844-01-01,193,0
book,Boris Berezovsky,Multicriteria optimization,"When was the book ""Multicriteria optimization"" published?","When was Boris Berezovsky's book ""Multicriteria optimization"" published?",1989-01-01,56,0
book,Brian Aldiss,Bury My Heart at W.H. Smiths,"When was the book ""Bury My Heart at W.H. Smiths"" published?","When was Brian Aldiss's book ""Bury My Heart at W.H. Smiths"" published?",1990-01-01,52,0
book,Carl Jung,Über Konflikte der kindlichen Seele,"When was the book ""Über Konflikte der kindlichen Seele"" published?","When was Carl Jung's book ""Über Konflikte der kindlichen Seele"" published?",1910-01-01,150,3
book,Carl Maria von Weber,The Demon Huntsman; A Romance of Diablerie,"When was the book ""The Demon Huntsman; A Romance of Diablerie"" published?","When was Carl Maria von Weber's book ""The Demon Huntsman; A Romance of Diablerie"" published?",1850-01-01,82,0
book,Carl Menger,Principles of Economics,"When was the book ""Principles of Economics"" published?","When was Carl Menger's book ""Principles of Economics"" published?",1871-01-01,58,7
book,Carlo Collodi,Storie allegre,"When was the book ""Storie allegre"" published?","When was Carlo Collodi's book ""Storie allegre"" published?",1887-01-01,84,2
book,Carl Sagan,Intelligent Life in the Universe,"When was the book ""Intelligent Life in the Universe"" published?","When was Carl Sagan's book ""Intelligent Life in the Universe"" published?",1966-01-01,143,0
book,Charles Lamb,Witches and Other Night Fears,"When was the book ""Witches and Other Night Fears"" published?","When was Charles Lamb's book ""Witches and Other Night Fears"" published?",1823-01-01,56,0
book,Charles Maurras,Devant l'Allemagne éternelle,"When was the book ""Devant l'Allemagne éternelle"" published?","When was Charles Maurras's book ""Devant l'Allemagne éternelle"" published?",1937-01-01,51,2
book,Charles Maurras,Political and critical dictionary,"When was the book ""Political and critical dictionary"" published?","When was Charles Maurras's book ""Political and critical dictionary"" published?",2000-01-01,51,0
book,Charles Maurras,Si le coup de force est possible,"When was the book ""Si le coup de force est possible"" published?","When was Charles Maurras's book ""Si le coup de force est possible"" published?",1910-01-01,51,2
book,Charles Péguy,Par ce demi-clair matin,"When was the book ""Par ce demi-clair matin"" published?","When was Charles Péguy's book ""Par ce demi-clair matin"" published?",1952-01-01,59,0
book,Charli D'Amelio,Essentially Charli,"When was the book ""Essentially Charli"" published?","When was Charli D'Amelio's book ""Essentially Charli"" published?",2020-12-01,54,0
book,Chelsea Clinton,Governing Global Health: Who Runs the World and Why?,"When was the book ""Governing Global Health: Who Runs the World and Why?"" published?","When was Chelsea Clinton's book ""Governing Global Health: Who Runs the World and Why?"" published?",2017-01-01,57,0
book,Chimamanda Ngozi Adichie,Americanah,"When was the book ""Americanah"" published?","When was Chimamanda Ngozi Adichie's book ""Americanah"" published?",2013-05-14,94,0
book,Chimamanda Ngozi Adichie,Half of a Yellow Sun,"When was the book ""Half of a Yellow Sun"" published?","When was Chimamanda Ngozi Adichie's book ""Half of a Yellow Sun"" published?",2006-09-12,94,0
book,Daron Acemoğlu,Power and Progress,"When was the book ""Power and Progress"" published?","When was Daron Acemoğlu's book ""Power and Progress"" published?",2023-01-01,51,1
book,D. H. Lawrence,Selected poems,"When was the book ""Selected poems"" published?","When was D. H. Lawrence's book ""Selected poems"" published?",1950-01-01,105,0
book,Donald Trump,Trump on China: Putting America First,"When was the book ""Trump on China: Putting America First"" published?","When was Donald Trump's book ""Trump on China: Putting America First"" published?",2020-11-02,328,2
book,Eduardo Galeano,The book of embraces,"When was the book ""The book of embraces"" published?","When was Eduardo Galeano's book ""The book of embraces"" published?",1991-01-01,71,0
book,Eduardo Galeano,"We Say No: Chronicles, 1963 - 1991","When was the book ""We Say No: Chronicles, 1963 - 1991"" published?","When was Eduardo Galeano's book ""We Say No: Chronicles, 1963 - 1991"" published?",1992-01-01,71,0
book,Elizabeth Barrett Browning,Two Poems - E B Browning and R Browning,"When was the book ""Two Poems - E B Browning and R Browning"" published?","When was Elizabeth Barrett Browning's book ""Two Poems - E B Browning and R Browning"" published?",1854-01-01,90,1
book,Emil Cioran,All Gall is Divided,"When was the book ""All Gall is Divided"" published?","When was Emil Cioran's book ""All Gall is Divided"" published?",1952-01-01,82,3
book,Emmanuel Levinas,En découvrant l'existence avec Husserl et Heidegger,"When was the book ""En découvrant l'existence avec Husserl et Heidegger"" published?","When was Emmanuel Levinas's book ""En découvrant l'existence avec Husserl et Heidegger"" published?",1949-01-01,59,1
book,Eric Hobsbawm,Industry and empire,"When was the book ""Industry and empire"" published?","When was Eric Hobsbawm's book ""Industry and empire"" published?",1969-01-01,76,0
book,Eric Kandel,The age of the unconscious,"When was the book ""The age of the unconscious"" published?","When was Eric Kandel's book ""The age of the unconscious"" published?",2016-10-01,57,0
book,Erving Goffman,Encounters: Two Studies in the Sociology of Interaction – Fun in Games & Role Distance,"When was the book ""Encounters: Two Studies in the Sociology of Interaction – Fun in Games & Role Distance"" published?","When was Erving Goffman's book ""Encounters: Two Studies in the Sociology of Interaction – Fun in Games & Role Distance"" published?",1961-01-01,60,0
book,Eugène Sue,Arabian Godolphin,"When was the book ""Arabian Godolphin"" published?","When was Eugène Sue's book ""Arabian Godolphin"" published?",1838-01-01,51,0
book,Eugène Sue,Eugene Sue's miscellaneous works,"When was the book ""Eugene Sue's miscellaneous works"" published?","When was Eugène Sue's book ""Eugene Sue's miscellaneous works"" published?",1847-01-01,51,0
book,Eugène Sue,La Colère. Tison d'enfer,"When was the book ""La Colère. Tison d'enfer"" published?","When was Eugène Sue's book ""La Colère. Tison d'enfer"" published?",1848-01-01,51,0
book,Eugène Sue,La Luxure. Madeleine,"When was the book ""La Luxure. Madeleine"" published?","When was Eugène Sue's book ""La Luxure. Madeleine"" published?",1848-01-01,51,0
book,Eugène Sue,La Paresse. Le cousin Michel,"When was the book ""La Paresse. Le cousin Michel"" published?","When was Eugène Sue's book ""La Paresse. Le cousin Michel"" published?",1849-01-01,51,0
book,Eugène Sue,Le Journal d'un inconnu,"When was the book ""Le Journal d'un inconnu"" published?","When was Eugène Sue's book ""Le Journal d'un inconnu"" published?",1837-01-01,51,0
book,Eugène Sue,Les Mystères de Paris,"When was the book ""Les Mystères de Paris"" published?","When was Eugène Sue's book ""Les Mystères de Paris"" published?",1842-01-01,51,0
book,Eugène Sue,"Martin, the Foundling; Memoirs of a Valet de Chambre","When was the book ""Martin, the Foundling; Memoirs of a Valet de Chambre"" published?","When was Eugène Sue's book ""Martin, the Foundling; Memoirs of a Valet de Chambre"" published?",1847-01-01,51,0
book,Eugène Sue,"Martin the Foundling; or, memoirs of a valet-de-chambre","When was the book ""Martin the Foundling; or, memoirs of a valet-de-chambre"" published?","When was Eugène Sue's book ""Martin the Foundling; or, memoirs of a valet-de-chambre"" published?",1847-01-01,51,0
book,Eugène Sue,"Martin, the Foundling; or, the adventures of a valet-de-chambre","When was the book ""Martin, the Foundling; or, the adventures of a valet-de-chambre"" published?","When was Eugène Sue's book ""Martin, the Foundling; or, the adventures of a valet-de-chambre"" published?",1847-01-01,51,0
book,Eugène Sue,"Mathilde, mémoires d'une jeune femme","When was the book ""Mathilde, mémoires d'une jeune femme"" published?","When was Eugène Sue's book ""Mathilde, mémoires d'une jeune femme"" published?",1840-01-01,51,0
book,Eugène Sue,"Matilda; or, the memoirs of a young woman: a novel","When was the book ""Matilda; or, the memoirs of a young woman: a novel"" published?","When was Eugène Sue's book ""Matilda; or, the memoirs of a young woman: a novel"" published?",1855-01-01,51,0
book,Eugène Sue,"Paula Monti: or, the Hôtel Lambert","When was the book ""Paula Monti: or, the Hôtel Lambert"" published?","When was Eugène Sue's book ""Paula Monti: or, the Hôtel Lambert"" published?",1846-01-01,51,0
book,Eugène Sue,Paula Monti ou l'Hôtel Lambert,"When was the book ""Paula Monti ou l'Hôtel Lambert"" published?","When was Eugène Sue's book ""Paula Monti ou l'Hôtel Lambert"" published?",1842-01-01,51,0
book,Eugène Sue,"The Labyrinth of Love; or, the mysteries of the heart","When was the book ""The Labyrinth of Love; or, the mysteries of the heart"" published?","When was Eugène Sue's book ""The Labyrinth of Love; or, the mysteries of the heart"" published?",1860-01-01,51,0
book,Eugène Sue,The Mysteries of Paris,"When was the book ""The Mysteries of Paris"" published?","When was Eugène Sue's book ""The Mysteries of Paris"" published?",1844-01-01,51,0
book,Eugène Sue,"The Negro's Revenge; or, Brulart, the black pirate","When was the book ""The Negro's Revenge; or, Brulart, the black pirate"" published?","When was Eugène Sue's book ""The Negro's Revenge; or, Brulart, the black pirate"" published?",1841-01-01,51,0
book,Eugène Sue,"Therese Dunoyer; or, the manor house of Treff-Hartlog","When was the book ""Therese Dunoyer; or, the manor house of Treff-Hartlog"" published?","When was Eugène Sue's book ""Therese Dunoyer; or, the manor house of Treff-Hartlog"" published?",1845-01-01,51,0
book,Eugène Sue,The Seven Capital Sins,"When was the book ""The Seven Capital Sins"" published?","When was Eugène Sue's book ""The Seven Capital Sins"" published?",1847-01-01,51,0
book,Eugène Sue,"The Temptation; or, the watch tower of Koat-Vën","When was the book ""The Temptation; or, the watch tower of Koat-Vën"" published?","When was Eugène Sue's book ""The Temptation; or, the watch tower of Koat-Vën"" published?",1845-01-01,51,0
book,Eugène Sue,The wandering Jew,"When was the book ""The wandering Jew"" published?","When was Eugène Sue's book ""The wandering Jew"" published?",1844-01-01,51,0
book,Eugène Sue,The Wandering Jew: a tale of the Jesuits,"When was the book ""The Wandering Jew: a tale of the Jesuits"" published?","When was Eugène Sue's book ""The Wandering Jew: a tale of the Jesuits"" published?",1846-01-01,51,0
book,"George Curzon, 1st Marquess Curzon of Kedleston",Persia and the Persian Question,"When was the book ""Persia and the Persian Question"" published?","When was George Curzon, 1st Marquess Curzon of Kedleston's book ""Persia and the Persian Question"" published?",1892-01-01,63,2
book,George Gamow,A star called the sun / George Gamow. - 1964,"When was the book ""A star called the sun / George Gamow. - 1964"" published?","When was George Gamow's book ""A star called the sun / George Gamow. - 1964"" published?",1964-01-01,66,0
book,Georges Bernanos,Sous le soleil de Satan,"When was the book ""Sous le soleil de Satan"" published?","When was Georges Bernanos's book ""Sous le soleil de Satan"" published?",1926-01-01,62,0
book,Golda Meir,A Land of Our Own : An Oral Autobiography,"When was the book ""A Land of Our Own : An Oral Autobiography"" published?","When was Golda Meir's book ""A Land of Our Own : An Oral Autobiography"" published?",1973-01-01,133,0
book,Grace Hopper,New Types of Irreducibility Criteria,"When was the book ""New Types of Irreducibility Criteria"" published?","When was Grace Hopper's book ""New Types of Irreducibility Criteria"" published?",1934-01-01,84,0
book,Guillaume Apollinaire,L'heptaméron des gourmets,"When was the book ""L'heptaméron des gourmets"" published?","When was Guillaume Apollinaire's book ""L'heptaméron des gourmets"" published?",1919-01-01,107,0
book,Hannes Alfvén,Investigations on the Ultra-short Electro-magnetic Waves,"When was the book ""Investigations on the Ultra-short Electro-magnetic Waves"" published?","When was Hannes Alfvén's book ""Investigations on the Ultra-short Electro-magnetic Waves"" published?",1934-01-01,84,0
book,Hans Bethe,Theorie der Beugung von Elektronen an Kristallen,"When was the book ""Theorie der Beugung von Elektronen an Kristallen"" published?","When was Hans Bethe's book ""Theorie der Beugung von Elektronen an Kristallen"" published?",1928-01-01,94,0
book,Harriet Beecher Stowe,The Minister's Wooing,"When was the book ""The Minister's Wooing"" published?","When was Harriet Beecher Stowe's book ""The Minister's Wooing"" published?",1858-01-01,117,0
book,Harriet Beecher Stowe,"Uncle Tom's Cabin: or, life among the lowly","When was the book ""Uncle Tom's Cabin: or, life among the lowly"" published?","When was Harriet Beecher Stowe's book ""Uncle Tom's Cabin: or, life among the lowly"" published?",1852-01-01,117,0
book,Harriet Beecher Stowe,"Uncle Tom's Cabin; or, Negro Life In The Slave-States of America","When was the book ""Uncle Tom's Cabin; or, Negro Life In The Slave-States of America"" published?","When was Harriet Beecher Stowe's book ""Uncle Tom's Cabin; or, Negro Life In The Slave-States of America"" published?",1852-01-01,117,0
book,Harriet Beecher Stowe,Uncle Tom's Cabin. The Great American Novel,"When was the book ""Uncle Tom's Cabin. The Great American Novel"" published?","When was Harriet Beecher Stowe's book ""Uncle Tom's Cabin. The Great American Novel"" published?",1852-01-01,117,0
book,Henry Wilson,"History of the Rise and Fall of the Slave Power in America, Volume 3","When was the book ""History of the Rise and Fall of the Slave Power in America, Volume 3"" published?","When was Henry Wilson's book ""History of the Rise and Fall of the Slave Power in America, Volume 3"" published?",1877-01-01,55,0
book,Honoré de Balzac,"Mother and Daughter; or, la Marana","When was the book ""Mother and Daughter; or, la Marana"" published?","When was Honoré de Balzac's book ""Mother and Daughter; or, la Marana"" published?",1842-01-01,173,0
book,"Honoré Gabriel Riqueti, comte de Mirabeau",Lettres à Sophie,"When was the book ""Lettres à Sophie"" published?","When was Honoré Gabriel Riqueti, comte de Mirabeau's book ""Lettres à Sophie"" published?",1792-01-01,70,1
book,"Horatio Kitchener, 1st Earl Kitchener","The survey of western Palestine : memoirs of the topography, orography, hydrography, and archaeology. Volume III","When was the book ""The survey of western Palestine : memoirs of the topography, orography, hydrography, and archaeology. Volume III"" published?","When was Horatio Kitchener, 1st Earl Kitchener's book ""The survey of western Palestine : memoirs of the topography, orography, hydrography, and archaeology. Volume III"" published?",1883-01-01,54,0
book,Inigo Jones,"The Most Notable Antiquity of Great Britain, vulgarly called Stone-Heng on Salisbury Plan","When was the book ""The Most Notable Antiquity of Great Britain, vulgarly called Stone-Heng on Salisbury Plan"" published?","When was Inigo Jones's book ""The Most Notable Antiquity of Great Britain, vulgarly called Stone-Heng on Salisbury Plan"" published?",1655-01-01,55,0
book,Isaac Asimov,The search for the elements,"When was the book ""The search for the elements"" published?","When was Isaac Asimov's book ""The search for the elements"" published?",1984-01-01,162,0
book,Italo Calvino,The Road To San Giovanni,"When was the book ""The Road To San Giovanni"" published?","When was Italo Calvino's book ""The Road To San Giovanni"" published?",1990-01-01,88,0
book,Jacques Derrida,The animal I am therefore,"When was the book ""The animal I am therefore"" published?","When was Jacques Derrida's book ""The animal I am therefore"" published?",2021-02-01,99,0
book,Jacques Le Goff,The Medieval Imagination,"When was the book ""The Medieval Imagination"" published?","When was Jacques Le Goff's book ""The Medieval Imagination"" published?",1988-01-01,52,0
book,Jagadish Chandra Bose,The Nervous Mechanism of Plants,"When was the book ""The Nervous Mechanism of Plants"" published?","When was Jagadish Chandra Bose's book ""The Nervous Mechanism of Plants"" published?",1926-01-01,61,1
book,James Fenimore Cooper,"The Deerslayer, or The First Warpath","When was the book ""The Deerslayer, or The First Warpath"" published?","When was James Fenimore Cooper's book ""The Deerslayer, or The First Warpath"" published?",1841-01-01,90,0
book,James Patterson,18th Abduction,"When was the book ""18th Abduction"" published?","When was James Patterson's book ""18th Abduction"" published?",2019-01-01,51,1
book,Jan Tinbergen,Minimumproblemen in de natuurkunde en de economie,"When was the book ""Minimumproblemen in de natuurkunde en de economie"" published?","When was Jan Tinbergen's book ""Minimumproblemen in de natuurkunde en de economie"" published?",1929-01-01,70,0
book,Jared Diamond,Avifauna of the Eastern Highlands of New Guinea,"When was the book ""Avifauna of the Eastern Highlands of New Guinea"" published?","When was Jared Diamond's book ""Avifauna of the Eastern Highlands of New Guinea"" published?",1972-01-01,66,0
book,Jean Jaurès,Il faut sauver les Arméniens,"When was the book ""Il faut sauver les Arméniens"" published?","When was Jean Jaurès's book ""Il faut sauver les Arméniens"" published?",2006-01-01,78,0
book,Johannes Kepler,Astronomiae Pars Optica,"When was the book ""Astronomiae Pars Optica"" published?","When was Johannes Kepler's book ""Astronomiae Pars Optica"" published?",1604-01-01,183,2
book,Johannes Kepler,De Fundamentis Astrologiae Certioribus,"When was the book ""De Fundamentis Astrologiae Certioribus"" published?","When was Johannes Kepler's book ""De Fundamentis Astrologiae Certioribus"" published?",1602-01-01,183,1
book,John Archibald Wheeler,Spacetime Physics,"When was the book ""Spacetime Physics"" published?","When was John Archibald Wheeler's book ""Spacetime Physics"" published?",1966-01-01,60,1
book,John Kenneth Galbraith,How to control the military,"When was the book ""How to control the military"" published?","When was John Kenneth Galbraith's book ""How to control the military"" published?",1969-01-01,75,0
book,John Tyndall,"Fragments of science : a series of detached essays, addresses, and reviews","When was the book ""Fragments of science : a series of detached essays, addresses, and reviews"" published?","When was John Tyndall's book ""Fragments of science : a series of detached essays, addresses, and reviews"" published?",1879-01-01,52,0
book,Jorge Luis Borges,Discusión,"When was the book ""Discusión"" published?","When was Jorge Luis Borges's book ""Discusión"" published?",1932-01-01,191,1
book,J. R. R. Tolkien,Sir Gawain and the Green Knight,"When was the book ""Sir Gawain and the Green Knight"" published?","When was J. R. R. Tolkien's book ""Sir Gawain and the Green Knight"" published?",1953-01-01,202,0
book,Julian Huxley,The new systematics,"When was the book ""The new systematics"" published?","When was Julian Huxley's book ""The new systematics"" published?",1940-01-01,54,0
book,Khloé Kardashian,Dollhouse,"When was the book ""Dollhouse"" published?","When was Khloé Kardashian's book ""Dollhouse"" published?",2011-11-15,56,1
book,Kwame Nkrumah,Neo-Colonialism: The Last Stage of Imperialism,"When was the book ""Neo-Colonialism: The Last Stage of Imperialism"" published?","When was Kwame Nkrumah's book ""Neo-Colonialism: The Last Stage of Imperialism"" published?",1965-04-01,155,0
book,Kwame Nkrumah,Selected Speeches of Kwame Nkrumah,"When was the book ""Selected Speeches of Kwame Nkrumah"" published?","When was Kwame Nkrumah's book ""Selected Speeches of Kwame Nkrumah"" published?",1960-01-01,155,0
book,Kwame Nkrumah,The Struggle Continues (Nkrumah's Book),"When was the book ""The Struggle Continues (Nkrumah's Book)"" published?","When was Kwame Nkrumah's book ""The Struggle Continues (Nkrumah's Book)"" published?",1900-01-01,155,0
book,Lev Landau,Mechanics by Landau and Lifshitz,"When was the book ""Mechanics by Landau and Lifshitz"" published?","When was Lev Landau's book ""Mechanics by Landau and Lifshitz"" published?",1940-01-01,98,0
book,Lev Landau,Statistical Physics,"When was the book ""Statistical Physics"" published?","When was Lev Landau's book ""Statistical Physics"" published?",1938-01-01,98,0
book,Lev Landau,Theory of elasticity - Course of theoretical physics Volume 7,"When was the book ""Theory of elasticity - Course of theoretical physics Volume 7"" published?","When was Lev Landau's book ""Theory of elasticity - Course of theoretical physics Volume 7"" published?",1986-01-01,98,0
book,Lord Byron,The Mysteries of the Forest,"When was the book ""The Mysteries of the Forest"" published?","When was Lord Byron's book ""The Mysteries of the Forest"" published?",1846-01-01,217,0
book,Marcel Mauss,A General Theory of Magic,"When was the book ""A General Theory of Magic"" published?","When was Marcel Mauss's book ""A General Theory of Magic"" published?",1902-01-01,52,0
book,Marco Polo,The book of Ser Marco Polo the Venetian concerning the kingdoms and marvels of the East,"When was the book ""The book of Ser Marco Polo the Venetian concerning the kingdoms and marvels of the East"" published?","When was Marco Polo's book ""The book of Ser Marco Polo the Venetian concerning the kingdoms and marvels of the East"" published?",1903-01-01,210,1
book,Martin Gardner,Logic Machines and Diagrams,"When was the book ""Logic Machines and Diagrams"" published?","When was Martin Gardner's book ""Logic Machines and Diagrams"" published?",1958-01-01,51,0
book,Martin Gardner,Mathematical puzzles and diversions,"When was the book ""Mathematical puzzles and diversions"" published?","When was Martin Gardner's book ""Mathematical puzzles and diversions"" published?",1973-01-01,51,0
book,Massachusetts Institute of Technology,"Class record of ’88, Massachusetts Institute of Technology. Published by the Class.","When was the book ""Class record of ’88, Massachusetts Institute of Technology. Published by the Class."" published?","When was Massachusetts Institute of Technology's book ""Class record of ’88, Massachusetts Institute of Technology. Published by the Class."" published?",1924-01-01,112,1
book,Massachusetts Institute of Technology,The fourth book of the Class of Eighty-Nine.,"When was the book ""The fourth book of the Class of Eighty-Nine."" published?","When was Massachusetts Institute of Technology's book ""The fourth book of the Class of Eighty-Nine."" published?",1924-01-01,112,1
book,Massachusetts Institute of Technology,"Thirtieth anniversary report, sixth catalogue","When was the book ""Thirtieth anniversary report, sixth catalogue"" published?","When was Massachusetts Institute of Technology's book ""Thirtieth anniversary report, sixth catalogue"" published?",1924-01-01,112,1
book,Michio Kaku,To Win a Nuclear War,"When was the book ""To Win a Nuclear War"" published?","When was Michio Kaku's book ""To Win a Nuclear War"" published?",1987-01-01,72,0
book,Mo Yan,Radish (Novel),"When was the book ""Radish (Novel)"" published?","When was Mo Yan's book ""Radish (Novel)"" published?",1955-01-01,109,0
book,Muhammad ibn Jarir al-Tabari,"Tārīkh Al-Rusul Wa-Al-Mulūk (Dār al-Maʻārif, 1387 H. Vol. 9)","When was the book ""Tārīkh Al-Rusul Wa-Al-Mulūk (Dār al-Maʻārif, 1387 H. Vol. 9)"" published?","When was Muhammad ibn Jarir al-Tabari's book ""Tārīkh Al-Rusul Wa-Al-Mulūk (Dār al-Maʻārif, 1387 H. Vol. 9)"" published?",1967-01-01,67,0
book,Nnamdi Azikiwe,Zik: Testimonies to a Great African,"When was the book ""Zik: Testimonies to a Great African"" published?","When was Nnamdi Azikiwe's book ""Zik: Testimonies to a Great African"" published?",2006-01-01,52,0
book,Oliver Goldsmith,The Vicar of Wakefield,"When was the book ""The Vicar of Wakefield"" published?","When was Oliver Goldsmith's book ""The Vicar of Wakefield"" published?",1841-01-01,81,0
book,Oliver Goldsmith,The Vicar of Wakefield; a tale,"When was the book ""The Vicar of Wakefield; a tale"" published?","When was Oliver Goldsmith's book ""The Vicar of Wakefield; a tale"" published?",1858-01-01,81,0
book,Pablo Neruda,Poems,"When was the book ""Poems"" published?","When was Pablo Neruda's book ""Poems"" published?",2017-01-01,165,0
book,Paul Klee,Pedagogical Sketchbook,"When was the book ""Pedagogical Sketchbook"" published?","When was Paul Klee's book ""Pedagogical Sketchbook"" published?",1925-01-01,97,1
book,Paul McCartney,The Lyrics: 1956 to the Present,"When was the book ""The Lyrics: 1956 to the Present"" published?","When was Paul McCartney's book ""The Lyrics: 1956 to the Present"" published?",2021-11-02,148,2
book,Paulo Freire,Ação cultural: Para a liberdade e outros escritos,"When was the book ""Ação cultural: Para a liberdade e outros escritos"" published?","When was Paulo Freire's book ""Ação cultural: Para a liberdade e outros escritos"" published?",2014-01-01,62,0
book,Paulo Freire,"The politics of education: Culture, power, and liberation","When was the book ""The politics of education: Culture, power, and liberation"" published?","When was Paulo Freire's book ""The politics of education: Culture, power, and liberation"" published?",1985-01-01,62,0
book,Pier Paolo Pasolini,La Divina Mimesis,"When was the book ""La Divina Mimesis"" published?","When was Pier Paolo Pasolini's book ""La Divina Mimesis"" published?",1975-01-01,95,1
book,Piet Mondrian,Le néo-plasticisme,"When was the book ""Le néo-plasticisme"" published?","When was Piet Mondrian's book ""Le néo-plasticisme"" published?",1920-01-01,87,1
book,Pope Francis,Let us dream,"When was the book ""Let us dream"" published?","When was Pope Francis's book ""Let us dream"" published?",2020-12-02,235,1
book,Rachel Carson,The Sense of Wonder,"When was the book ""The Sense of Wonder"" published?","When was Rachel Carson's book ""The Sense of Wonder"" published?",1965-01-01,107,0
book,Richard Francis Burton,"Unexplored Syria: Visits to the Libanus, the Tulúl El Safá, the Anti-Libanus, the Northern Libanus, and the 'Aláh","When was the book ""Unexplored Syria: Visits to the Libanus, the Tulúl El Safá, the Anti-Libanus, the Northern Libanus, and the 'Aláh"" published?","When was Richard Francis Burton's book ""Unexplored Syria: Visits to the Libanus, the Tulúl El Safá, the Anti-Libanus, the Northern Libanus, and the 'Aláh"" published?",1872-01-01,70,0
book,Richard Owen,Memoirs on the extinct wingless birds of New Zealand,"When was the book ""Memoirs on the extinct wingless birds of New Zealand"" published?","When was Richard Owen's book ""Memoirs on the extinct wingless birds of New Zealand"" published?",1879-01-01,65,1
book,"Robert Baden-Powell, 1st Baron Baden-Powell",Boy Scouts and What They Do,"When was the book ""Boy Scouts and What They Do"" published?","When was Robert Baden-Powell, 1st Baron Baden-Powell's book ""Boy Scouts and What They Do"" published?",1913-01-01,106,2
book,Robert Browning,Fifine at the Fair,"When was the book ""Fifine at the Fair"" published?","When was Robert Browning's book ""Fifine at the Fair"" published?",1872-01-01,98,1
book,Robert Frost,Selected Poems,"When was the book ""Selected Poems"" published?","When was Robert Frost's book ""Selected Poems"" published?",1923-01-01,127,0
book,Robert Southey,"Poems, by Robert Southey","When was the book ""Poems, by Robert Southey"" published?","When was Robert Southey's book ""Poems, by Robert Southey"" published?",1797-01-01,64,0
book,Robert Southey,"The Destroyer; or, the sorcerers of the Domdaniel","When was the book ""The Destroyer; or, the sorcerers of the Domdaniel"" published?","When was Robert Southey's book ""The Destroyer; or, the sorcerers of the Domdaniel"" published?",1842-01-01,64,0
book,Rudyard Kipling,An Almanac of Twelve Sports,"When was the book ""An Almanac of Twelve Sports"" published?","When was Rudyard Kipling's book ""An Almanac of Twelve Sports"" published?",1898-01-01,188,1
book,Rumi,Sun of Tabriz,"When was the book ""Sun of Tabriz"" published?","When was Rumi's book ""Sun of Tabriz"" published?",1956-01-01,159,0
book,Sadhguru,Encounter the Enlightened,"When was the book ""Encounter the Enlightened"" published?","When was Sadhguru's book ""Encounter the Enlightened"" published?",2001-01-01,55,1
book,Sadhguru,Joy 24 x 7,"When was the book ""Joy 24 x 7"" published?","When was Sadhguru's book ""Joy 24 x 7"" published?",2008-01-01,55,1
book,Sadhguru,Pebbles of Wisdom,"When was the book ""Pebbles of Wisdom"" published?","When was Sadhguru's book ""Pebbles of Wisdom"" published?",2009-01-01,55,1
book,Selahattin Demirtaş,Devran,"When was the book ""Devran"" published?","When was Selahattin Demirtaş's book ""Devran"" published?",2019-01-01,53,3
book,Sheldon Glashow,From Alchemy to Quarks The Study of Physics as a Liberal Art),"When was the book ""From Alchemy to Quarks The Study of Physics as a Liberal Art)"" published?","When was Sheldon Glashow's book ""From Alchemy to Quarks The Study of Physics as a Liberal Art)"" published?",1994-01-01,71,1
book,Stendhal,Vita di Henri Brulard,"When was the book ""Vita di Henri Brulard"" published?","When was Stendhal's book ""Vita di Henri Brulard"" published?",1939-01-01,135,0
book,Subrahmanyan Chandrasekhar,Polytropic distributions,"When was the book ""Polytropic distributions"" published?","When was Subrahmanyan Chandrasekhar's book ""Polytropic distributions"" published?",1933-01-01,91,0
book,Talcott Parsons,The Negro American / Kenneth Bancroft Clark and Talcott Parsons. - 1966,"When was the book ""The Negro American / Kenneth Bancroft Clark and Talcott Parsons. - 1966"" published?","When was Talcott Parsons's book ""The Negro American / Kenneth Bancroft Clark and Talcott Parsons. - 1966"" published?",1966-01-01,60,0
book,Tjalling Koopmans,Linear Regression Analysis of Economic Time Series,"When was the book ""Linear Regression Analysis of Economic Time Series"" published?","When was Tjalling Koopmans's book ""Linear Regression Analysis of Economic Time Series"" published?",1936-01-01,52,0
book,Vere Gordon Childe,Piecing Together the Past: The Interpretation of Archeological Data,"When was the book ""Piecing Together the Past: The Interpretation of Archeological Data"" published?","When was Vere Gordon Childe's book ""Piecing Together the Past: The Interpretation of Archeological Data"" published?",1956-01-01,51,0
book,Vere Gordon Childe,Progress and Archaeology,"When was the book ""Progress and Archaeology"" published?","When was Vere Gordon Childe's book ""Progress and Archaeology"" published?",1944-01-01,51,0
book,Vere Gordon Childe,The Danube in Prehistory,"When was the book ""The Danube in Prehistory"" published?","When was Vere Gordon Childe's book ""The Danube in Prehistory"" published?",1929-01-01,51,0
book,Vere Gordon Childe,The Dawn of European Civilization,"When was the book ""The Dawn of European Civilization"" published?","When was Vere Gordon Childe's book ""The Dawn of European Civilization"" published?",1925-01-01,51,0
book,Vere Gordon Childe,The Prehistory of Scotland,"When was the book ""The Prehistory of Scotland"" published?","When was Vere Gordon Childe's book ""The Prehistory of Scotland"" published?",1935-01-01,51,0
book,Vicki Baum,Hotel Berlin,"When was the book ""Hotel Berlin"" published?","When was Vicki Baum's book ""Hotel Berlin"" published?",1943-01-01,51,1
book,Victor Pelevin,Blue Lantern,"When was the book ""Blue Lantern"" published?","When was Victor Pelevin's book ""Blue Lantern"" published?",1991-01-01,57,6
book,Victor Pelevin,DTP(NN),"When was the book ""DTP(NN)"" published?","When was Victor Pelevin's book ""DTP(NN)"" published?",2003-01-01,57,5
book,Walter Scott,Kenilworth; a romance,"When was the book ""Kenilworth; a romance"" published?","When was Walter Scott's book ""Kenilworth; a romance"" published?",1821-01-01,138,0
book,Walter Scott,The Fortunes of Nigel,"When was the book ""The Fortunes of Nigel"" published?","When was Walter Scott's book ""The Fortunes of Nigel"" published?",1822-01-01,138,0
book,Willard Van Orman Quine,The Logic of Sequences: A Generalization of Principia Mathematica,"When was the book ""The Logic of Sequences: A Generalization of Principia Mathematica"" published?","When was Willard Van Orman Quine's book ""The Logic of Sequences: A Generalization of Principia Mathematica"" published?",1932-01-01,62,0
book,William Butler Yeats,The Ten Principal Upanishads,"When was the book ""The Ten Principal Upanishads"" published?","When was William Butler Yeats's book ""The Ten Principal Upanishads"" published?",1938-01-01,153,2
book,Wole Soyinka,"Art, dialogue, and outrage: essays on literature and culture","When was the book ""Art, dialogue, and outrage: essays on literature and culture"" published?","When was Wole Soyinka's book ""Art, dialogue, and outrage: essays on literature and culture"" published?",1988-01-01,112,0
book,Wole Soyinka,A Shuttle in the Crypt,"When was the book ""A Shuttle in the Crypt"" published?","When was Wole Soyinka's book ""A Shuttle in the Crypt"" published?",1971-01-01,112,0
book,Wole Soyinka,Bacchae of Euripides: a communion rite.,"When was the book ""Bacchae of Euripides: a communion rite."" published?","When was Wole Soyinka's book ""Bacchae of Euripides: a communion rite."" published?",1973-01-01,112,0
book,Wole Soyinka,Isara: a voyage around essay,"When was the book ""Isara: a voyage around essay"" published?","When was Wole Soyinka's book ""Isara: a voyage around essay"" published?",1989-01-01,112,0
book,Wole Soyinka,Madmen and specialists: a play,"When was the book ""Madmen and specialists: a play"" published?","When was Wole Soyinka's book ""Madmen and specialists: a play"" published?",1972-01-01,112,0
book,Wole Soyinka,Open sore of a continent: a personal narative of the Nigerian crisis,"When was the book ""Open sore of a continent: a personal narative of the Nigerian crisis"" published?","When was Wole Soyinka's book ""Open sore of a continent: a personal narative of the Nigerian crisis"" published?",1996-01-01,112,0
book,Wole Soyinka,Opera wonyosi,"When was the book ""Opera wonyosi"" published?","When was Wole Soyinka's book ""Opera wonyosi"" published?",1981-01-01,112,0
book,World Health Organization,Global status report on road safety 2015: supporting a decade of action,"When was the book ""Global status report on road safety 2015: supporting a decade of action"" published?","When was World Health Organization's book ""Global status report on road safety 2015: supporting a decade of action"" published?",2015-01-01,208,0
book,World Intellectual Property Organization,World Intangible Investment Highlights 2025,"When was the book ""World Intangible Investment Highlights 2025"" published?","When was World Intellectual Property Organization's book ""World Intangible Investment Highlights 2025"" published?",2025-01-01,66,0
book,Zora Neale Hurston,Spunk,"When was the book ""Spunk"" published?","When was Zora Neale Hurston's book ""Spunk"" published?",1985-01-01,63,0
album,2NE1,2012 2NE1 Global Tour: New Evolution (Live in Seoul),"When was the album ""2012 2NE1 Global Tour: New Evolution (Live in Seoul)"" released?","When was 2NE1's album ""2012 2NE1 Global Tour: New Evolution (Live in Seoul)"" released?",2012-01-01,53,3
album,2NE1,Complete of 2NE1,"When was the album ""Complete of 2NE1"" released?","When was 2NE1's album ""Complete of 2NE1"" released?",2012-03-28,53,1
album,2NE1,Crush,"When was the album ""Crush"" released?","When was 2NE1's album ""Crush"" released?",2014-06-25,53,2
album,2NE1,Nolza!,"When was the album ""Nolza!"" released?","When was 2NE1's album ""Nolza!"" released?",2011-01-01,53,2
album,30 Seconds to Mars,Bartholomew Cubbins 2006–2014,"When was the album ""Bartholomew Cubbins 2006–2014"" released?","When was 30 Seconds to Mars's album ""Bartholomew Cubbins 2006–2014"" released?",2015-01-01,95,2
album,30 Seconds to Mars,It's the End of the World but It's a Beautiful Day,"When was the album ""It's the End of the World but It's a Beautiful Day"" released?","When was 30 Seconds to Mars's album ""It's the End of the World but It's a Beautiful Day"" released?",2023-09-15,95,7
album,50 Cent,24 Shots,"When was the album ""24 Shots"" released?","When was 50 Cent's album ""24 Shots"" released?",2003-01-01,110,4
album,50 Cent,After Curtis,"When was the album ""After Curtis"" released?","When was 50 Cent's album ""After Curtis"" released?",2007-01-01,110,2
album,50 Cent,Best of 50 Cent,"When was the album ""Best of 50 Cent"" released?","When was 50 Cent's album ""Best of 50 Cent"" released?",2017-03-31,110,3
album,50 Cent,Bulletproof,"When was the album ""Bulletproof"" released?","When was 50 Cent's album ""Bulletproof"" released?",2006-01-01,110,6
album,50 Cent,Forever King,"When was the album ""Forever King"" released?","When was 50 Cent's album ""Forever King"" released?",2009-01-01,110,7
album,50 Cent,God's Plan,"When was the album ""God's Plan"" released?","When was 50 Cent's album ""God's Plan"" released?",2002-11-01,110,6
album,50 Cent,G-Unit Radio Pt. 1 :: Smokin Day 2,"When was the album ""G-Unit Radio Pt. 1 :: Smokin Day 2"" released?","When was 50 Cent's album ""G-Unit Radio Pt. 1 :: Smokin Day 2"" released?",2003-01-01,110,2
album,50 Cent,"No Mercy, No Fear","When was the album ""No Mercy, No Fear"" released?","When was 50 Cent's album ""No Mercy, No Fear"" released?",2002-01-01,110,6
album,50 Cent,"Return of the Body Snatchers: This 50 Cent, Vol. 1","When was the album ""Return of the Body Snatchers: This 50 Cent, Vol. 1"" released?","When was 50 Cent's album ""Return of the Body Snatchers: This 50 Cent, Vol. 1"" released?",2008-01-01,110,1
album,50 Cent,The Big 10,"When was the album ""The Big 10"" released?","When was 50 Cent's album ""The Big 10"" released?",2011-01-01,110,5
album,50 Cent,The Kanan Tape,"When was the album ""The Kanan Tape"" released?","When was 50 Cent's album ""The Kanan Tape"" released?",2015-01-01,110,5
album,50 Cent,The Lost Tape,"When was the album ""The Lost Tape"" released?","When was 50 Cent's album ""The Lost Tape"" released?",2012-05-22,110,4
album,50 Cent,The Massacre: Special Edition,"When was the album ""The Massacre: Special Edition"" released?","When was 50 Cent's album ""The Massacre: Special Edition"" released?",2005-01-01,110,1
album,50 Cent,War Angel LP,"When was the album ""War Angel LP"" released?","When was 50 Cent's album ""War Angel LP"" released?",2009-01-01,110,5
album,6ix9ine,Day69: Graduation Day,"When was the album ""Day69: Graduation Day"" released?","When was 6ix9ine's album ""Day69: Graduation Day"" released?",2018-01-01,51,7
album,6ix9ine,Leyenda Viva,"When was the album ""Leyenda Viva"" released?","When was 6ix9ine's album ""Leyenda Viva"" released?",2023-06-16,51,3
album,6ix9ine,Scummy Scumz,"When was the album ""Scummy Scumz"" released?","When was 6ix9ine's album ""Scummy Scumz"" released?",2015-02-18,51,0
album,6ix9ine,Tekashi69,"When was the album ""Tekashi69"" released?","When was 6ix9ine's album ""Tekashi69"" released?",2017-01-01,51,1
album,Aaliyah,Ultimate Aaliyah,"When was the album ""Ultimate Aaliyah"" released?","When was Aaliyah's album ""Ultimate Aaliyah"" released?",2005-05-10,76,6
album,ABBA,18 Hits,"When was the album ""18 Hits"" released?","When was ABBA's album ""18 Hits"" released?",2005-09-08,161,9
album,ABBA,20th Century Masters – The Millennium Collection: The Best of ABBA,"When was the album ""20th Century Masters – The Millennium Collection: The Best of ABBA"" released?","When was ABBA's album ""20th Century Masters – The Millennium Collection: The Best of ABBA"" released?",2000-09-26,161,3
album,ABBA,25 Jaar na Waterloo,"When was the album ""25 Jaar na Waterloo"" released?","When was ABBA's album ""25 Jaar na Waterloo"" released?",1999-04-05,161,1
album,ABBA,ABBA: 16 Hits,"When was the album ""ABBA: 16 Hits"" released?","When was ABBA's album ""ABBA: 16 Hits"" released?",2006-01-01,161,2
album,ABBA,ABBA Bremen 1979,"When was the album ""ABBA Bremen 1979"" released?","When was ABBA's album ""ABBA Bremen 1979"" released?",2022-04-01,161,0
album,ABBA,ABBA Collected,"When was the album ""ABBA Collected"" released?","When was ABBA's album ""ABBA Collected"" released?",2011-06-17,161,1
album,ABBA,Abba Gold Anniversary Edition,"When was the album ""Abba Gold Anniversary Edition"" released?","When was ABBA's album ""Abba Gold Anniversary Edition"" released?",2014-01-01,161,1
album,ABBA,ABBA Gold: Complete Edition,"When was the album ""ABBA Gold: Complete Edition"" released?","When was ABBA's album ""ABBA Gold: Complete Edition"" released?",2008-01-01,161,1
album,ABBA,ABBA Live in Warsaw 1976,"When was the album ""ABBA Live in Warsaw 1976"" released?","When was ABBA's album ""ABBA Live in Warsaw 1976"" released?",2022-06-01,161,0
album,ABBA,"Agnetha, Björn, Benny, Annifrid: På Svenska","When was the album ""Agnetha, Björn, Benny, Annifrid: På Svenska"" released?","When was ABBA's album ""Agnetha, Björn, Benny, Annifrid: På Svenska"" released?",1994-01-01,161,1
album,ABBA,Classic ABBA: The Universal Masters Collection,"When was the album ""Classic ABBA: The Universal Masters Collection"" released?","When was ABBA's album ""Classic ABBA: The Universal Masters Collection"" released?",2005-01-01,161,1
album,ABBA,I Love ABBA,"When was the album ""I Love ABBA"" released?","When was ABBA's album ""I Love ABBA"" released?",1983-01-01,161,0
album,ABBA,Ring Ring: Deluxe Edition,"When was the album ""Ring Ring: Deluxe Edition"" released?","When was ABBA's album ""Ring Ring: Deluxe Edition"" released?",2013-01-01,161,0
album,ABBA,Take a Chance on Me,"When was the album ""Take a Chance on Me"" released?","When was ABBA's album ""Take a Chance on Me"" released?",2006-01-30,161,1
album,ABBA,Thank You for the Music,"When was the album ""Thank You for the Music"" released?","When was ABBA's album ""Thank You for the Music"" released?",1983-11-11,161,4
album,ABBA,The ABBA Collection,"When was the album ""The ABBA Collection"" released?","When was ABBA's album ""The ABBA Collection"" released?",2004-01-01,161,1
album,ABBA,The ABBA Story,"When was the album ""The ABBA Story"" released?","When was ABBA's album ""The ABBA Story"" released?",2004-01-01,161,1
album,ABBA,The Best of ABBA,"When was the album ""The Best of ABBA"" released?","When was ABBA's album ""The Best of ABBA"" released?",1975-11-01,161,3
album,ABBA,The Magic of ABBA,"When was the album ""The Magic of ABBA"" released?","When was ABBA's album ""The Magic of ABBA"" released?",1980-01-01,161,0
album,ABBA,The Singles: The First Fifty Years,"When was the album ""The Singles: The First Fifty Years"" released?","When was ABBA's album ""The Singles: The First Fifty Years"" released?",2024-10-25,161,0
album,ABBA,The Visitors / All of the Above,"When was the album ""The Visitors / All of the Above"" released?","When was ABBA's album ""The Visitors / All of the Above"" released?",1981-01-01,161,0
album,ABBA,Voulez-Vous - The Singles,"When was the album ""Voulez-Vous - The Singles"" released?","When was ABBA's album ""Voulez-Vous - The Singles"" released?",2019-01-01,161,0
album,AC/DC,Clipped,"When was the album ""Clipped"" released?","When was AC/DC's album ""Clipped"" released?",1991-01-01,103,6
album,AC/DC,Fly on the Wall,"When was the album ""Fly on the Wall"" released?","When was AC/DC's album ""Fly on the Wall"" released?",1985-01-01,103,4
album,AC/DC,Iron Man 2 (score),"When was the album ""Iron Man 2 (score)"" released?","When was AC/DC's album ""Iron Man 2 (score)"" released?",2010-01-01,103,5
album,AC/DC,Iron Man 3 – Original Motion Picture Soundtrack,"When was the album ""Iron Man 3 – Original Motion Picture Soundtrack"" released?","When was AC/DC's album ""Iron Man 3 – Original Motion Picture Soundtrack"" released?",2013-01-01,103,1
album,AC/DC,Let There Be Rock: The Movie – Live in Paris,"When was the album ""Let There Be Rock: The Movie – Live in Paris"" released?","When was AC/DC's album ""Let There Be Rock: The Movie – Live in Paris"" released?",1997-11-18,103,7
album,AC/DC,Live: 2 CD Collector's Edition,"When was the album ""Live: 2 CD Collector's Edition"" released?","When was AC/DC's album ""Live: 2 CD Collector's Edition"" released?",1992-10-27,103,3
album,AC/DC,Live '77,"When was the album ""Live '77"" released?","When was AC/DC's album ""Live '77"" released?",2003-01-01,103,4
album,AC/DC,Plug Me In,"When was the album ""Plug Me In"" released?","When was AC/DC's album ""Plug Me In"" released?",2007-01-01,103,9
album,AC/DC,Stiff Upper Lip Tour Edition,"When was the album ""Stiff Upper Lip Tour Edition"" released?","When was AC/DC's album ""Stiff Upper Lip Tour Edition"" released?",2001-01-08,103,2
album,Ace of Base,Cruel Summer,"When was the album ""Cruel Summer"" released?","When was Ace of Base's album ""Cruel Summer"" released?",1998-07-14,53,7
album,Ace of Base,Exclusive Fan Edition,"When was the album ""Exclusive Fan Edition"" released?","When was Ace of Base's album ""Exclusive Fan Edition"" released?",2003-01-01,53,1
album,Ace of Base,Greatest Hits,"When was the album ""Greatest Hits"" released?","When was Ace of Base's album ""Greatest Hits"" released?",2000-04-18,53,4
album,Ace of Base,Hidden Gems,"When was the album ""Hidden Gems"" released?","When was Ace of Base's album ""Hidden Gems"" released?",2015-03-06,53,5
album,Ace of Base,Platinum & Gold,"When was the album ""Platinum & Gold"" released?","When was Ace of Base's album ""Platinum & Gold"" released?",2010-01-01,53,3
album,Ace of Base,Platinum & Gold Collection,"When was the album ""Platinum & Gold Collection"" released?","When was Ace of Base's album ""Platinum & Gold Collection"" released?",2003-05-06,53,5
album,Ace of Base,Playlist: The Very Best of Ace of Base,"When was the album ""Playlist: The Very Best of Ace of Base"" released?","When was Ace of Base's album ""Playlist: The Very Best of Ace of Base"" released?",2011-01-25,53,1
album,Ace of Base,Singles of the 90s,"When was the album ""Singles of the 90s"" released?","When was Ace of Base's album ""Singles of the 90s"" released?",1999-11-15,53,7
album,Ace of Base,The Collection,"When was the album ""The Collection"" released?","When was Ace of Base's album ""The Collection"" released?",2002-10-21,53,3
album,Ace of Base,The Golden Ratio,"When was the album ""The Golden Ratio"" released?","When was Ace of Base's album ""The Golden Ratio"" released?",2010-01-01,53,6
album,Ace of Base,The Hits,"When was the album ""The Hits"" released?","When was Ace of Base's album ""The Hits"" released?",2004-01-01,53,1
album,Ace of Base,The Sign,"When was the album ""The Sign"" released?","When was Ace of Base's album ""The Sign"" released?",1993-11-23,53,5
album,Ace of Base,The Ultimate Collection,"When was the album ""The Ultimate Collection"" released?","When was Ace of Base's album ""The Ultimate Collection"" released?",2005-01-01,53,5
album,Adam Lambert,Glam Nation Live,"When was the album ""Glam Nation Live"" released?","When was Adam Lambert's album ""Glam Nation Live"" released?",2011-01-01,58,2
album,Adam Lambert,Season 8 Favorite Performances,"When was the album ""Season 8 Favorite Performances"" released?","When was Adam Lambert's album ""Season 8 Favorite Performances"" released?",2009-05-20,58,2
album,Adam Lambert,Take One,"When was the album ""Take One"" released?","When was Adam Lambert's album ""Take One"" released?",2009-11-17,58,9
album,Adam Lambert,The Rocky Horror Picture Show: Let's Do the Time Warp Again,"When was the album ""The Rocky Horror Picture Show: Let's Do the Time Warp Again"" released?","When was Adam Lambert's album ""The Rocky Horror Picture Show: Let's Do the Time Warp Again"" released?",2016-10-21,58,2
album,Adam Lambert,Velvet,"When was the album ""Velvet"" released?","When was Adam Lambert's album ""Velvet"" released?",2020-01-01,58,6
album,Adam Sandler,Shhh...Don't Tell,"When was the album ""Shhh...Don't Tell"" released?","When was Adam Sandler's album ""Shhh...Don't Tell"" released?",2004-01-01,93,2
album,Adam Sandler,Stan and Judy's Kid,"When was the album ""Stan and Judy's Kid"" released?","When was Adam Sandler's album ""Stan and Judy's Kid"" released?",1999-09-01,93,3
album,Adam Sandler,They're All Gonna Laugh at You!,"When was the album ""They're All Gonna Laugh at You!"" released?","When was Adam Sandler's album ""They're All Gonna Laugh at You!"" released?",1993-09-28,93,3
album,Adam Sandler,What's Your Name?,"When was the album ""What's Your Name?"" released?","When was Adam Sandler's album ""What's Your Name?"" released?",1997-01-01,93,2
album,Adam Sandler,What the Hell Happened to Me?,"When was the album ""What the Hell Happened to Me?"" released?","When was Adam Sandler's album ""What the Hell Happened to Me?"" released?",1996-01-01,93,2
album,Adele,19 – deluxe edition,"When was the album ""19 – deluxe edition"" released?","When was Adele's album ""19 – deluxe edition"" released?",2008-11-17,135,0
album,Adriano Celentano,Adrian,"When was the album ""Adrian"" released?","When was ""Adrian""o Celentano's album ""Adrian"" released?",2019-01-01,84,3
album,Adriano Celentano,...Adriano,"When was the album ""...Adriano"" released?","When was Adriano Celentano's album ""...Adriano"" released?",2013-01-01,84,3
album,Adriano Celentano,Adriano Celentano con Giulio Libano e la sua orchestra,"When was the album ""Adriano Celentano con Giulio Libano e la sua orchestra"" released?","When was Adriano Celentano's album ""Adriano Celentano con Giulio Libano e la sua orchestra"" released?",1960-01-01,84,2
album,Adriano Celentano,Adriano hits,"When was the album ""Adriano hits"" released?","When was Adriano Celentano's album ""Adriano hits"" released?",1970-01-01,84,2
album,Adriano Celentano,Adriano Live,"When was the album ""Adriano Live"" released?","When was Adriano Celentano's album ""Adriano Live"" released?",2012-01-01,84,4
album,Adriano Celentano,Adriano rock,"When was the album ""Adriano rock"" released?","When was Adriano Celentano's album ""Adriano rock"" released?",1968-01-01,84,5
album,Adriano Celentano,A New Orleans,"When was the album ""A New Orleans"" released?","When was Adriano Celentano's album ""A New Orleans"" released?",1963-01-01,84,2
album,Adriano Celentano,Arrivano gli uomini,"When was the album ""Arrivano gli uomini"" released?","When was Adriano Celentano's album ""Arrivano gli uomini"" released?",1996-01-01,84,4
album,Adriano Celentano,Atmosfera,"When was the album ""Atmosfera"" released?","When was Adriano Celentano's album ""Atmosfera"" released?",1983-01-01,84,4
album,Adriano Celentano,Azzurro,"When was the album ""Azzurro"" released?","When was Adriano Celentano's album ""Azzurro"" released?",1968-05-25,84,4
album,Adriano Celentano,C'è sempre un motivo,"When was the album ""C'è sempre un motivo"" released?","When was Adriano Celentano's album ""C'è sempre un motivo"" released?",2004-01-01,84,5
album,Adriano Celentano,Deus,"When was the album ""Deus"" released?","When was Adriano Celentano's album ""Deus"" released?",1981-01-01,84,4
album,Adriano Celentano,Disco dance,"When was the album ""Disco dance"" released?","When was Adriano Celentano's album ""Disco dance"" released?",1977-01-01,84,4
album,Adriano Celentano,"Dormi amore, la situazione non è buona","When was the album ""Dormi amore, la situazione non è buona"" released?","When was Adriano Celentano's album ""Dormi amore, la situazione non è buona"" released?",2007-01-01,84,5
album,Adriano Celentano,Er più - Storia d'amore e di coltello,"When was the album ""Er più - Storia d'amore e di coltello"" released?","When was Adriano Celentano's album ""Er più - Storia d'amore e di coltello"" released?",1971-01-01,84,2
album,Adriano Celentano,Esco di rado e parlo ancora meno,"When was the album ""Esco di rado e parlo ancora meno"" released?","When was Adriano Celentano's album ""Esco di rado e parlo ancora meno"" released?",2000-01-01,84,4
album,Adriano Celentano,Facciamo finta che sia vero,"When was the album ""Facciamo finta che sia vero"" released?","When was Adriano Celentano's album ""Facciamo finta che sia vero"" released?",2011-01-01,84,5
album,Adriano Celentano,Geppo il folle,"When was the album ""Geppo il folle"" released?","When was Adriano Celentano's album ""Geppo il folle"" released?",1978-01-01,84,3
album,Adriano Celentano,Il forestiero,"When was the album ""Il forestiero"" released?","When was Adriano Celentano's album ""Il forestiero"" released?",1970-01-01,84,3
album,Adriano Celentano,Il meglio di Adriano Celentano,"When was the album ""Il meglio di Adriano Celentano"" released?","When was Adriano Celentano's album ""Il meglio di Adriano Celentano"" released?",1975-01-01,84,2
album,Adriano Celentano,Il ragazzo della via Gluck,"When was the album ""Il ragazzo della via Gluck"" released?","When was Adriano Celentano's album ""Il ragazzo della via Gluck"" released?",1966-01-01,84,5
album,Adriano Celentano,Il re degli ignoranti,"When was the album ""Il re degli ignoranti"" released?","When was Adriano Celentano's album ""Il re degli ignoranti"" released?",1991-01-01,84,4
album,Adriano Celentano,I mali del secolo,"When was the album ""I mali del secolo"" released?","When was Adriano Celentano's album ""I mali del secolo"" released?",1972-01-01,84,4
album,Adriano Celentano,I miei americani (tre puntini),"When was the album ""I miei americani (tre puntini)"" released?","When was Adriano Celentano's album ""I miei americani (tre puntini)"" released?",1984-01-01,84,4
album,Adriano Celentano,I miei americani (tre puntini) 2,"When was the album ""I miei americani (tre puntini) 2"" released?","When was Adriano Celentano's album ""I miei americani (tre puntini) 2"" released?",1986-01-01,84,4
album,Adriano Celentano,Io non so parlar d’amore,"When was the album ""Io non so parlar d’amore"" released?","When was Adriano Celentano's album ""Io non so parlar d’amore"" released?",1999-01-01,84,5
album,Adriano Celentano,Joan Lui,"When was the album ""Joan Lui"" released?","When was Adriano Celentano's album ""Joan Lui"" released?",1985-01-01,84,3
album,Adriano Celentano,La festa,"When was the album ""La festa"" released?","When was Adriano Celentano's album ""La festa"" released?",1966-01-01,84,2
album,Adriano Celentano,L'animale,"When was the album ""L'animale"" released?","When was Adriano Celentano's album ""L'animale"" released?",2008-01-01,84,6
album,Adriano Celentano,La pubblica ottusità,"When was the album ""La pubblica ottusità"" released?","When was Adriano Celentano's album ""La pubblica ottusità"" released?",1987-01-01,84,4
album,Adriano Celentano,Le migliori,"When was the album ""Le migliori"" released?","When was Adriano Celentano's album ""Le migliori"" released?",2016-11-11,84,5
album,Adriano Celentano,Le robe che ha detto Adriano,"When was the album ""Le robe che ha detto Adriano"" released?","When was Adriano Celentano's album ""Le robe che ha detto Adriano"" released?",1969-01-01,84,3
album,Adriano Celentano,"Me, live!","When was the album ""Me, live!"" released?","When was Adriano Celentano's album ""Me, live!"" released?",1979-01-01,84,5
album,Adriano Celentano,Mina Celentano,"When was the album ""Mina Celentano"" released?","When was Adriano Celentano's album ""Mina Celentano"" released?",1998-05-14,84,9
album,Adriano Celentano,MinaCelentano – The Complete Recordings,"When was the album ""MinaCelentano – The Complete Recordings"" released?","When was Adriano Celentano's album ""MinaCelentano – The Complete Recordings"" released?",2021-11-26,84,4
album,Adriano Celentano,Non mi dir,"When was the album ""Non mi dir"" released?","When was Adriano Celentano's album ""Non mi dir"" released?",1965-01-01,84,3
album,Adriano Celentano,Nostalrock,"When was the album ""Nostalrock"" released?","When was Adriano Celentano's album ""Nostalrock"" released?",1973-01-01,84,4
album,Adriano Celentano,Peppermint twist,"When was the album ""Peppermint twist"" released?","When was Adriano Celentano's album ""Peppermint twist"" released?",1962-01-01,84,2
album,Adriano Celentano,Per sempre,"When was the album ""Per sempre"" released?","When was Adriano Celentano's album ""Per sempre"" released?",2002-01-01,84,4
album,Adriano Celentano,Pioggia di successi,"When was the album ""Pioggia di successi"" released?","When was Adriano Celentano's album ""Pioggia di successi"" released?",1969-01-01,84,1
album,Adriano Celentano,Porgy and Bess,"When was the album ""Porgy and Bess"" released?","When was Adriano Celentano's album ""Porgy and Bess"" released?",1965-01-01,84,0
album,Adriano Celentano,Quel punto,"When was the album ""Quel punto"" released?","When was Adriano Celentano's album ""Quel punto"" released?",1994-01-01,84,4
album,Adriano Celentano,Soli,"When was the album ""Soli"" released?","When was Adriano Celentano's album ""Soli"" released?",1979-01-01,84,4
album,Adriano Celentano,Superbest,"When was the album ""Superbest"" released?","When was Adriano Celentano's album ""Superbest"" released?",1992-01-01,84,2
album,Adriano Celentano,Svalutation,"When was the album ""Svalutation"" released?","When was Adriano Celentano's album ""Svalutation"" released?",1976-01-01,84,5
album,Adriano Celentano,Tecadisk,"When was the album ""Tecadisk"" released?","When was Adriano Celentano's album ""Tecadisk"" released?",1977-01-01,84,3
album,Adriano Celentano,Ti avrò,"When was the album ""Ti avrò"" released?","When was Adriano Celentano's album ""Ti avrò"" released?",1978-01-01,84,3
album,Adriano Celentano,Uh... uh...,"When was the album ""Uh... uh..."" released?","When was Adriano Celentano's album ""Uh... uh..."" released?",1982-01-01,84,4
album,Adriano Celentano,unicamentecelentano,"When was the album ""unicamentecelentano"" released?","When was Adriano Celentano's album ""unicamentecelentano"" released?",2006-01-01,84,3
album,Adriano Celentano,Un po' artista un po' no,"When was the album ""Un po' artista un po' no"" released?","When was Adriano Celentano's album ""Un po' artista un po' no"" released?",1980-01-01,84,4
album,Adriano Celentano,Yuppi du,"When was the album ""Yuppi du"" released?","When was Adriano Celentano's album ""Yuppi du"" released?",1975-01-01,84,3
album,Aerosmith,Aerosmith Rocks Donington 2014,"When was the album ""Aerosmith Rocks Donington 2014"" released?","When was Aerosmith's album ""Aerosmith Rocks Donington 2014"" released?",2015-09-04,83,1
album,Aerosmith,Box of Fire,"When was the album ""Box of Fire"" released?","When was Aerosmith's album ""Box of Fire"" released?",1994-11-22,83,6
album,Aerosmith,Classic Aerosmith: The Universal Masters Collection,"When was the album ""Classic Aerosmith: The Universal Masters Collection"" released?","When was Aerosmith's album ""Classic Aerosmith: The Universal Masters Collection"" released?",2002-01-01,83,1
album,Aerosmith,Classics Live,"When was the album ""Classics Live"" released?","When was Aerosmith's album ""Classics Live"" released?",1986-01-01,83,2
album,Aerosmith,Classics Live! Vol. 2,"When was the album ""Classics Live! Vol. 2"" released?","When was Aerosmith's album ""Classics Live! Vol. 2"" released?",1987-01-01,83,2
album,Aerosmith,Greatest Hits 1973-1988,"When was the album ""Greatest Hits 1973-1988"" released?","When was Aerosmith's album ""Greatest Hits 1973-1988"" released?",2004-01-01,83,1
album,Aerosmith,"O, Yeah! – Ultimate Aerosmith Hits","When was the album ""O, Yeah! – Ultimate Aerosmith Hits"" released?","When was Aerosmith's album ""O, Yeah! – Ultimate Aerosmith Hits"" released?",2002-07-02,83,9
album,Aerosmith,Pandora's Box,"When was the album ""Pandora's Box"" released?","When was Aerosmith's album ""Pandora's Box"" released?",1991-11-01,83,9
album,Aerosmith,Pandora's Toys,"When was the album ""Pandora's Toys"" released?","When was Aerosmith's album ""Pandora's Toys"" released?",1995-01-01,83,7
album,Aerosmith,Tough Love: Best of the Ballads,"When was the album ""Tough Love: Best of the Ballads"" released?","When was Aerosmith's album ""Tough Love: Best of the Ballads"" released?",2011-01-01,83,4
album,Aerosmith,Young Lust: The Aerosmith Anthology,"When was the album ""Young Lust: The Aerosmith Anthology"" released?","When was Aerosmith's album ""Young Lust: The Aerosmith Anthology"" released?",2001-11-20,83,8
album,Agnetha Fältskog,Agnetha Collection,"When was the album ""Agnetha Collection"" released?","When was Agnetha Fältskog's album ""Agnetha Collection"" released?",1986-01-01,82,1
album,Agnetha Fältskog,Agnetha Fältskogs bästa,"When was the album ""Agnetha Fältskogs bästa"" released?","When was Agnetha Fältskog's album ""Agnetha Fältskogs bästa"" released?",1973-01-01,82,4
album,Agnetha Fältskog,Agnetha Fältskogs svensktoppar,"When was the album ""Agnetha Fältskogs svensktoppar"" released?","When was Agnetha Fältskog's album ""Agnetha Fältskogs svensktoppar"" released?",1998-01-01,82,2
album,Agnetha Fältskog,Agnetha Fältskog Vol. 2,"When was the album ""Agnetha Fältskog Vol. 2"" released?","When was Agnetha Fältskog's album ""Agnetha Fältskog Vol. 2"" released?",1969-11-01,82,6
album,Agnetha Fältskog,Agnetha & Frida: The Voice of ABBA,"When was the album ""Agnetha & Frida: The Voice of ABBA"" released?","When was Agnetha Fältskog's album ""Agnetha & Frida: The Voice of ABBA"" released?",1994-01-01,82,5
album,Agnetha Fältskog,De första åren,"When was the album ""De första åren"" released?","When was Agnetha Fältskog's album ""De första åren"" released?",2004-12-21,82,4
album,Agnetha Fältskog,Elva kvinnor i ett hus,"When was the album ""Elva kvinnor i ett hus"" released?","When was Agnetha Fältskog's album ""Elva kvinnor i ett hus"" released?",1975-12-01,82,5
album,Agnetha Fältskog,Eyes of a Woman,"When was the album ""Eyes of a Woman"" released?","When was Agnetha Fältskog's album ""Eyes of a Woman"" released?",1985-03-01,82,5
album,Agnetha Fältskog,Geh' Mit Gott,"When was the album ""Geh' Mit Gott"" released?","When was Agnetha Fältskog's album ""Geh' Mit Gott"" released?",1994-01-01,82,1
album,Agnetha Fältskog,I Stand Alone,"When was the album ""I Stand Alone"" released?","When was Agnetha Fältskog's album ""I Stand Alone"" released?",1987-11-09,82,5
album,Agnetha Fältskog,Kom följ med i vår karusell,"When was the album ""Kom följ med i vår karusell"" released?","When was Agnetha Fältskog's album ""Kom följ med i vår karusell"" released?",1987-01-01,82,4
album,Agnetha Fältskog,My Colouring Book,"When was the album ""My Colouring Book"" released?","When was Agnetha Fältskog's album ""My Colouring Book"" released?",2004-04-19,82,7
album,Agnetha Fältskog,"My Love, My Life","When was the album ""My Love, My Life"" released?","When was Agnetha Fältskog's album ""My Love, My Life"" released?",1996-09-13,82,2
album,Agnetha Fältskog,My Very Best,"When was the album ""My Very Best"" released?","When was Agnetha Fältskog's album ""My Very Best"" released?",2008-10-08,82,3
album,Agnetha Fältskog,När en vacker tanke blir en sång,"When was the album ""När en vacker tanke blir en sång"" released?","When was Agnetha Fältskog's album ""När en vacker tanke blir en sång"" released?",1971-01-01,82,5
album,Agnetha Fältskog,Nu tändas tusen juleljus,"When was the album ""Nu tändas tusen juleljus"" released?","When was Agnetha Fältskog's album ""Nu tändas tusen juleljus"" released?",1981-10-01,82,5
album,Agnetha Fältskog,Sjung denna sång,"When was the album ""Sjung denna sång"" released?","When was Agnetha Fältskog's album ""Sjung denna sång"" released?",1986-01-01,82,1
album,Agnetha Fältskog,Som jag är,"When was the album ""Som jag är"" released?","When was Agnetha Fältskog's album ""Som jag är"" released?",1970-10-01,82,5
album,Agnetha Fältskog,Teamtoppen 1,"When was the album ""Teamtoppen 1"" released?","When was Agnetha Fältskog's album ""Teamtoppen 1"" released?",1985-01-01,82,1
album,Agnetha Fältskog,That's Me,"When was the album ""That's Me"" released?","When was Agnetha Fältskog's album ""That's Me"" released?",1998-01-01,82,2
album,Agnetha Fältskog,Tio år med Agnetha,"When was the album ""Tio år med Agnetha"" released?","When was Agnetha Fältskog's album ""Tio år med Agnetha"" released?",1979-09-01,82,4
album,Agnetha Fältskog,Wrap Your Arms Around Me,"When was the album ""Wrap Your Arms Around Me"" released?","When was Agnetha Fältskog's album ""Wrap Your Arms Around Me"" released?",1983-05-31,82,6
album,Agnez Mo,Agnes Is My Name,"When was the album ""Agnes Is My Name"" released?","When was Agnez Mo's album ""Agnes Is My Name"" released?",2011-01-01,147,4
album,Agnez Mo,And the Story Goes,"When was the album ""And the Story Goes"" released?","When was Agnez Mo's album ""And the Story Goes"" released?",2003-10-22,147,5
album,Agnez Mo,Bala Bala,"When was the album ""Bala Bala"" released?","When was Agnez Mo's album ""Bala Bala"" released?",1998-01-01,147,1
album,Agnez Mo,Sacredly Agnezious,"When was the album ""Sacredly Agnezious"" released?","When was Agnez Mo's album ""Sacredly Agnezious"" released?",2009-01-01,147,3
album,Agnez Mo,Si Meong,"When was the album ""Si Meong"" released?","When was Agnez Mo's album ""Si Meong"" released?",1994-01-01,147,1
album,Agnez Mo,Whaddup A.. '?!,"When was the album ""Whaddup A.. '?!"" released?","When was Agnez Mo's album ""Whaddup A.. '?!"" released?",2005-01-01,147,3
album,Agnez Mo,Yess!,"When was the album ""Yess!"" released?","When was Agnez Mo's album ""Yess!"" released?",1995-01-01,147,1
album,AKB48,0 to 1 no Aida,"When was the album ""0 to 1 no Aida"" released?","When was AKB48's album ""0 to 1 no Aida"" released?",2015-11-18,70,7
album,AKB48,"Bokutachi wa, Ano Hi no Yoake wo Shitteiru","When was the album ""Bokutachi wa, Ano Hi no Yoake wo Shitteiru"" released?","When was AKB48's album ""Bokutachi wa, Ano Hi no Yoake wo Shitteiru"" released?",2018-01-24,70,8
album,AKB48,"Koko ga Rhodes da, Koko de Tobe!","When was the album ""Koko ga Rhodes da, Koko de Tobe!"" released?","When was AKB48's album ""Koko ga Rhodes da, Koko de Tobe!"" released?",2015-01-21,70,9
album,AKB48,Set List - Greatest Songs - Kanzen Ban,"When was the album ""Set List - Greatest Songs - Kanzen Ban"" released?","When was AKB48's album ""Set List - Greatest Songs - Kanzen Ban"" released?",2010-01-01,70,4
album,AKB48,Team K 3rd Stage,"When was the album ""Team K 3rd Stage"" released?","When was AKB48's album ""Team K 3rd Stage"" released?",2007-01-01,70,3
album,AKB48,Thumbnail,"When was the album ""Thumbnail"" released?","When was AKB48's album ""Thumbnail"" released?",2017-01-25,70,9
album,AKB48,Tsugi no Ashiato,"When was the album ""Tsugi no Ashiato"" released?","When was AKB48's album ""Tsugi no Ashiato"" released?",2014-01-22,70,9
album,Akon,African Westside,"When was the album ""African Westside"" released?","When was Akon's album ""African Westside"" released?",2006-01-01,88,1
album,Akon,Akonda,"When was the album ""Akonda"" released?","When was Akon's album ""Akonda"" released?",2019-10-25,88,1
album,Akon,El Negreeto,"When was the album ""El Negreeto"" released?","When was Akon's album ""El Negreeto"" released?",2019-01-01,88,3
album,Akon,His Story,"When was the album ""His Story"" released?","When was Akon's album ""His Story"" released?",2008-01-01,88,1
album,Akon,In My Ghetto,"When was the album ""In My Ghetto"" released?","When was Akon's album ""In My Ghetto"" released?",2007-01-01,88,2
album,Akon,In My Ghetto Vol. 2,"When was the album ""In My Ghetto Vol. 2"" released?","When was Akon's album ""In My Ghetto Vol. 2"" released?",2007-01-01,88,1
album,Akon,Konkrete,"When was the album ""Konkrete"" released?","When was Akon's album ""Konkrete"" released?",2011-01-01,88,0
album,Akon,Konvikt Mixtape Vol. 2,"When was the album ""Konvikt Mixtape Vol. 2"" released?","When was Akon's album ""Konvikt Mixtape Vol. 2"" released?",2008-01-01,88,1
album,Akon,Stadium,"When was the album ""Stadium"" released?","When was Akon's album ""Stadium"" released?",2013-01-01,88,3
album,Alanis Morissette,Feast on Scraps,"When was the album ""Feast on Scraps"" released?","When was Alanis Morissette's album ""Feast on Scraps"" released?",2002-12-10,82,9
album,Alanis Morissette,iTunes Originals – Alanis Morissette,"When was the album ""iTunes Originals – Alanis Morissette"" released?","When was Alanis Morissette's album ""iTunes Originals – Alanis Morissette"" released?",2004-06-15,82,6
album,Alanis Morissette,Live in the Navajo Nation,"When was the album ""Live in the Navajo Nation"" released?","When was Alanis Morissette's album ""Live in the Navajo Nation"" released?",2002-01-01,82,4
album,Alanis Morissette,MTV Unplugged,"When was the album ""MTV Unplugged"" released?","When was Alanis Morissette's album ""MTV Unplugged"" released?",1999-01-01,82,8
album,Alanis Morissette,The Singles Box,"When was the album ""The Singles Box"" released?","When was Alanis Morissette's album ""The Singles Box"" released?",1997-01-01,82,2
album,Alanis Morissette,The Storm Before the Calm,"When was the album ""The Storm Before the Calm"" released?","When was Alanis Morissette's album ""The Storm Before the Calm"" released?",2022-06-17,82,3
album,Alan Silvestri,Back to the Future Part III: Original Motion Picture Soundtrack,"When was the album ""Back to the Future Part III: Original Motion Picture Soundtrack"" released?","When was Alan Silvestri's album ""Back to the Future Part III: Original Motion Picture Soundtrack"" released?",1990-01-01,51,4
album,Alan Silvestri,Back to the Future Part II: Original Motion Picture Soundtrack,"When was the album ""Back to the Future Part II: Original Motion Picture Soundtrack"" released?","When was Alan Silvestri's album ""Back to the Future Part II: Original Motion Picture Soundtrack"" released?",1989-01-01,51,4
album,Alan Silvestri,Captain America: The First Avenger—Original Motion Picture Soundtrack,"When was the album ""Captain America: The First Avenger—Original Motion Picture Soundtrack"" released?","When was Alan Silvestri's album ""Captain America: The First Avenger—Original Motion Picture Soundtrack"" released?",2011-07-19,51,8
album,Alan Silvestri,Contact – Music from the Motion Picture,"When was the album ""Contact – Music from the Motion Picture"" released?","When was Alan Silvestri's album ""Contact – Music from the Motion Picture"" released?",1997-01-01,51,1
album,Alan Silvestri,Forrest Gump – Original Motion Picture Score,"When was the album ""Forrest Gump – Original Motion Picture Score"" released?","When was Alan Silvestri's album ""Forrest Gump – Original Motion Picture Score"" released?",1994-06-28,51,1
album,Alan Silvestri,Night at the Museum: Battle of the Smithsonian – Original Motion Picture Soundtrack,"When was the album ""Night at the Museum: Battle of the Smithsonian – Original Motion Picture Soundtrack"" released?","When was Alan Silvestri's album ""Night at the Museum: Battle of the Smithsonian – Original Motion Picture Soundtrack"" released?",2009-05-19,51,1
album,Alan Silvestri,Night at the Museum – Original Motion Picture Soundtrack,"When was the album ""Night at the Museum – Original Motion Picture Soundtrack"" released?","When was Alan Silvestri's album ""Night at the Museum – Original Motion Picture Soundtrack"" released?",2006-12-19,51,1
album,Alan Silvestri,The Avengers – Original Motion Picture Soundtrack,"When was the album ""The Avengers – Original Motion Picture Soundtrack"" released?","When was Alan Silvestri's album ""The Avengers – Original Motion Picture Soundtrack"" released?",2012-05-01,51,9
album,Alan Silvestri,The Back to the Future Trilogy,"When was the album ""The Back to the Future Trilogy"" released?","When was Alan Silvestri's album ""The Back to the Future Trilogy"" released?",1999-01-01,51,3
album,Alan Silvestri,Van Helsing: Original Motion Picture Soundtrack,"When was the album ""Van Helsing: Original Motion Picture Soundtrack"" released?","When was Alan Silvestri's album ""Van Helsing: Original Motion Picture Soundtrack"" released?",2004-05-04,51,1
album,Alan Silvestri,Who Framed Roger Rabbit – Original Motion Picture Soundtrack,"When was the album ""Who Framed Roger Rabbit – Original Motion Picture Soundtrack"" released?","When was Alan Silvestri's album ""Who Framed Roger Rabbit – Original Motion Picture Soundtrack"" released?",1988-01-01,51,1
album,Alan Walker,Walkerworld,"When was the album ""Walkerworld"" released?","When was Alan Walker's album ""Walkerworld"" released?",2023-11-10,68,3
album,Alan Walker,World of Walker,"When was the album ""World of Walker"" released?","When was Alan Walker's album ""World of Walker"" released?",2021-11-26,68,2
album,Aldous Huxley,Who Are We?,"When was the album ""Who Are We?"" released?","When was Aldous Huxley's album ""Who Are We?"" released?",2008-01-01,142,1
album,Alec Baldwin,Rodgers & Hammerstein's South Pacific – In Concert from Carnegie Hall,"When was the album ""Rodgers & Hammerstein's South Pacific – In Concert from Carnegie Hall"" released?","When was Alec Baldwin's album ""Rodgers & Hammerstein's South Pacific – In Concert from Carnegie Hall"" released?",2006-01-01,88,0
album,Alexander Dugin,Krovavy navet,"When was the album ""Krovavy navet"" released?","When was Alexander Dugin's album ""Krovavy navet"" released?",2000-01-01,70,1
album,Alexander Rybak,Christmas Tales,"When was the album ""Christmas Tales"" released?","When was Alexander Rybak's album ""Christmas Tales"" released?",2012-01-01,70,7
album,Alexander Rybak,Visa vid vindens ängar,"When was the album ""Visa vid vindens ängar"" released?","When was Alexander Rybak's album ""Visa vid vindens ängar"" released?",2011-06-15,70,6
album,Alice Cooper,A Nice Nightmare,"When was the album ""A Nice Nightmare"" released?","When was Alice Cooper's album ""A Nice Nightmare"" released?",1997-01-01,82,1
album,Alice Cooper,Classicks,"When was the album ""Classicks"" released?","When was Alice Cooper's album ""Classicks"" released?",1995-09-05,82,4
album,Alice Cooper,Collections,"When was the album ""Collections"" released?","When was Alice Cooper's album ""Collections"" released?",2006-01-01,82,1
album,Alice Cooper,Extended Versions,"When was the album ""Extended Versions"" released?","When was Alice Cooper's album ""Extended Versions"" released?",2007-01-01,82,0
album,Alice Cooper,"Flash Fearless Vs. the Zorg Women, Pts. 5 & 6","When was the album ""Flash Fearless Vs. the Zorg Women, Pts. 5 & 6"" released?","When was Alice Cooper's album ""Flash Fearless Vs. the Zorg Women, Pts. 5 & 6"" released?",1975-01-01,82,1
album,Alice Cooper,Hell Is,"When was the album ""Hell Is"" released?","When was Alice Cooper's album ""Hell Is"" released?",2002-01-01,82,2
album,Alice Cooper,Live at Montreux 2005,"When was the album ""Live at Montreux 2005"" released?","When was Alice Cooper's album ""Live at Montreux 2005"" released?",2006-05-01,82,7
album,Alice Cooper,Live at the Whisky a-Go-Go 1969,"When was the album ""Live at the Whisky a-Go-Go 1969"" released?","When was Alice Cooper's album ""Live at the Whisky a-Go-Go 1969"" released?",1969-01-01,82,1
album,Alice Cooper,Mascara and Monsters: The Best of Alice Cooper,"When was the album ""Mascara and Monsters: The Best of Alice Cooper"" released?","When was Alice Cooper's album ""Mascara and Monsters: The Best of Alice Cooper"" released?",2001-01-01,82,4
album,Alice Cooper,Paranormal,"When was the album ""Paranormal"" released?","When was Alice Cooper's album ""Paranormal"" released?",2017-01-01,82,9
album,Alice Cooper,Prince of Darkness,"When was the album ""Prince of Darkness"" released?","When was Alice Cooper's album ""Prince of Darkness"" released?",1989-01-01,82,4
album,Alice Cooper,Road,"When was the album ""Road"" released?","When was Alice Cooper's album ""Road"" released?",2023-08-25,82,8
album,Alice Cooper,School Days: The Early Recordings,"When was the album ""School Days: The Early Recordings"" released?","When was Alice Cooper's album ""School Days: The Early Recordings"" released?",1973-01-01,82,2
album,Alice Cooper,School's Out and Other Hits,"When was the album ""School's Out and Other Hits"" released?","When was Alice Cooper's album ""School's Out and Other Hits"" released?",2004-01-01,82,1
album,Alice Cooper,Science Fiction,"When was the album ""Science Fiction"" released?","When was Alice Cooper's album ""Science Fiction"" released?",1988-01-01,82,2
album,Alice Cooper,The Alice Cooper's Story,"When was the album ""The Alice Cooper's Story"" released?","When was Alice Cooper's album ""The Alice Cooper's Story"" released?",2001-01-01,82,0
album,Alice Cooper,The Beast of Alice Cooper,"When was the album ""The Beast of Alice Cooper"" released?","When was Alice Cooper's album ""The Beast of Alice Cooper"" released?",1993-01-01,82,4
album,Alice Cooper,The Definitive Alice Cooper,"When was the album ""The Definitive Alice Cooper"" released?","When was Alice Cooper's album ""The Definitive Alice Cooper"" released?",2001-01-01,82,5
album,Alice Cooper,The Life and Crimes of Alice Cooper,"When was the album ""The Life and Crimes of Alice Cooper"" released?","When was Alice Cooper's album ""The Life and Crimes of Alice Cooper"" released?",1999-04-20,82,7
album,Alice Cooper,The Strange Case of Alice Cooper,"When was the album ""The Strange Case of Alice Cooper"" released?","When was Alice Cooper's album ""The Strange Case of Alice Cooper"" released?",2012-01-01,82,1
album,Alice Cooper,Trashes the World,"When was the album ""Trashes the World"" released?","When was Alice Cooper's album ""Trashes the World"" released?",1990-01-01,82,3
album,Alice Cooper,Triple Feature: Trash / Hey Stoopid / The Last Temptation,"When was the album ""Triple Feature: Trash / Hey Stoopid / The Last Temptation"" released?","When was Alice Cooper's album ""Triple Feature: Trash / Hey Stoopid / The Last Temptation"" released?",2009-01-01,82,0
album,Alice in Chains,Clerks,"When was the album ""Clerks"" released?","When was Alice in Chains's album ""Clerks"" released?",1994-10-11,65,5
album,Alice in Chains,Jar of Flies / Sap,"When was the album ""Jar of Flies / Sap"" released?","When was Alice in Chains's album ""Jar of Flies / Sap"" released?",1994-01-01,65,2
album,Alice in Chains,Sweet Alice,"When was the album ""Sweet Alice"" released?","When was Alice in Chains's album ""Sweet Alice"" released?",1993-01-01,65,1
album,Alice in Chains,The Treehouse Tapes,"When was the album ""The Treehouse Tapes"" released?","When was Alice in Chains's album ""The Treehouse Tapes"" released?",1988-01-01,65,2
album,Alicia Keys,Keys,"When was the album ""Keys"" released?","When was Alicia ""Keys""'s album ""Keys"" released?",2021-12-10,97,7
album,Alicia Keys,KEYS II,"When was the album ""KEYS II"" released?","When was Alicia Keys's album ""KEYS II"" released?",2022-08-12,97,1
album,Alicia Keys,Remixed,"When was the album ""Remixed"" released?","When was Alicia Keys's album ""Remixed"" released?",2008-08-12,97,8
album,Alicia Keys,Remixed & Unplugged in A Minor,"When was the album ""Remixed & Unplugged in A Minor"" released?","When was Alicia Keys's album ""Remixed & Unplugged in A Minor"" released?",2002-10-28,97,1
album,Alicia Keys,Santa Baby,"When was the album ""Santa Baby"" released?","When was Alicia Keys's album ""Santa Baby"" released?",2022-11-04,97,5
album,Alicia Keys,The Platinum Collection,"When was the album ""The Platinum Collection"" released?","When was Alicia Keys's album ""The Platinum Collection"" released?",2010-01-01,97,3
album,Alicia Keys,VH1 Storytellers,"When was the album ""VH1 Storytellers"" released?","When was Alicia Keys's album ""VH1 Storytellers"" released?",2013-06-25,97,4
album,Alizée,Blonde,"When was the album ""Blonde"" released?","When was Alizée's album ""Blonde"" released?",2014-06-23,63,9
album,Alizée,En Concert Tour,"When was the album ""En Concert Tour"" released?","When was Alizée's album ""En Concert Tour"" released?",2004-01-01,63,2
album,Alizée,Psychédélices (CD + DVD),"When was the album ""Psychédélices (CD + DVD)"" released?","When was Alizée's album ""Psychédélices (CD + DVD)"" released?",2008-01-01,63,1
album,Alizée,Remixes,"When was the album ""Remixes"" released?","When was Alizée's album ""Remixes"" released?",2018-12-21,63,0
album,Alizée,Tout Alizée,"When was the album ""Tout Alizée"" released?","When was Alizée's album ""Tout Alizée"" released?",2007-12-10,63,7
album,Alla Pugacheva,"Akh, kak khochetsya zhit","When was the album ""Akh, kak khochetsya zhit"" released?","When was Alla Pugacheva's album ""Akh, kak khochetsya zhit"" released?",1985-01-01,108,5
album,Alla Pugacheva,Alla,"When was the album ""Alla"" released?","When was ""Alla"" Pugacheva's album ""Alla"" released?",1990-01-01,108,2
album,Alla Pugacheva,…And Happiness in Private Life,"When was the album ""…And Happiness in Private Life"" released?","When was Alla Pugacheva's album ""…And Happiness in Private Life"" released?",1986-01-01,108,4
album,Alla Pugacheva,Arlekino i drugiye,"When was the album ""Arlekino i drugiye"" released?","When was Alla Pugacheva's album ""Arlekino i drugiye"" released?",1979-05-01,108,6
album,Alla Pugacheva,I'm Here Talking to You,"When was the album ""I'm Here Talking to You"" released?","When was Alla Pugacheva's album ""I'm Here Talking to You"" released?",1987-01-01,108,3
album,Alla Pugacheva,In Stockholm,"When was the album ""In Stockholm"" released?","When was Alla Pugacheva's album ""In Stockholm"" released?",1986-01-01,108,2
album,Alla Pugacheva,Kak trevozhen etot put,"When was the album ""Kak trevozhen etot put"" released?","When was Alla Pugacheva's album ""Kak trevozhen etot put"" released?",1982-09-01,108,5
album,Alla Pugacheva,Merry Christmas Show,"When was the album ""Merry Christmas Show"" released?","When was Alla Pugacheva's album ""Merry Christmas Show"" released?",1991-01-01,108,1
album,Alla Pugacheva,Podnimis nad suyetoj!,"When was the album ""Podnimis nad suyetoj!"" released?","When was Alla Pugacheva's album ""Podnimis nad suyetoj!"" released?",1980-11-01,108,5
album,Alla Pugacheva,Priglasheniye na zakat,"When was the album ""Priglasheniye na zakat"" released?","When was Alla Pugacheva's album ""Priglasheniye na zakat"" released?",2008-04-15,108,3
album,Alla Pugacheva,P.S.,"When was the album ""P.S."" released?","When was Alla Pugacheva's album ""P.S."" released?",2024-03-01,108,2
album,Alla Pugacheva,Songs Instead of Letters,"When was the album ""Songs Instead of Letters"" released?","When was Alla Pugacheva's album ""Songs Instead of Letters"" released?",1988-07-18,108,3
album,Alla Pugacheva,Soviet Superstar,"When was the album ""Soviet Superstar"" released?","When was Alla Pugacheva's album ""Soviet Superstar"" released?",1984-01-01,108,2
album,Alla Pugacheva,To li eshchyo budet…,"When was the album ""To li eshchyo budet…"" released?","When was Alla Pugacheva's album ""To li eshchyo budet…"" released?",1980-01-01,108,5
album,Alla Pugacheva,Watch Out,"When was the album ""Watch Out"" released?","When was Alla Pugacheva's album ""Watch Out"" released?",1985-01-01,108,4
album,Alla Pugacheva,Zerkalo dushi,"When was the album ""Zerkalo dushi"" released?","When was Alla Pugacheva's album ""Zerkalo dushi"" released?",1978-02-01,108,6
album,Alla Pugacheva,"Zhivi spokoyno, strana!","When was the album ""Zhivi spokoyno, strana!"" released?","When was Alla Pugacheva's album ""Zhivi spokoyno, strana!"" released?",2003-01-01,108,3
album,Alla Pugacheva,А был ли мальчик?,"When was the album ""А был ли мальчик?"" released?","When was Alla Pugacheva's album ""А был ли мальчик?"" released?",2002-01-01,108,2
album,Alla Pugacheva,Миллион роз,"When was the album ""Миллион роз"" released?","When was Alla Pugacheva's album ""Миллион роз"" released?",1983-01-01,108,2
album,Alla Pugacheva,Речной трамвайчик,"When was the album ""Речной трамвайчик"" released?","When was Alla Pugacheva's album ""Речной трамвайчик"" released?",2001-01-01,108,3
album,Allen Ginsberg,Songs of Innocence and Experience,"When was the album ""Songs of Innocence and Experience"" released?","When was Allen Ginsberg's album ""Songs of Innocence and Experience"" released?",1970-01-01,94,1
album,Allen Ginsberg,Üvöltés,"When was the album ""Üvöltés"" released?","When was Allen Ginsberg's album ""Üvöltés"" released?",1987-01-01,94,1
album,Alsou,I Had an Autumn Dream,"When was the album ""I Had an Autumn Dream"" released?","When was Alsou's album ""I Had an Autumn Dream"" released?",2002-01-01,57,2
album,Alsou,Inspired,"When was the album ""Inspired"" released?","When was Alsou's album ""Inspired"" released?",2013-01-01,57,1
album,Alsou,The Main Thing,"When was the album ""The Main Thing"" released?","When was Alsou's album ""The Main Thing"" released?",2008-01-01,57,2
album,Alsou,Tugan Tel,"When was the album ""Tugan Tel"" released?","When was Alsou's album ""Tugan Tel"" released?",2008-01-01,57,1
album,Alyssa Milano,Alyssa,"When was the album ""Alyssa"" released?","When was ""Alyssa"" Milano's album ""Alyssa"" released?",1989-01-01,67,3
album,Alyssa Milano,Do You See Me?,"When was the album ""Do You See Me?"" released?","When was Alyssa Milano's album ""Do You See Me?"" released?",1992-01-01,67,2
album,Alyssa Milano,Locked Inside a Dream,"When was the album ""Locked Inside a Dream"" released?","When was Alyssa Milano's album ""Locked Inside a Dream"" released?",1991-01-01,67,4
album,Alyssa Milano,Look in My Heart,"When was the album ""Look in My Heart"" released?","When was Alyssa Milano's album ""Look in My Heart"" released?",1989-01-01,67,4
album,Alyssa Milano,The Best in the World: Non-Stop Special Remix/Alyssa's Singles,"When was the album ""The Best in the World: Non-Stop Special Remix/Alyssa's Singles"" released?","When was Alyssa Milano's album ""The Best in the World: Non-Stop Special Remix/Alyssa's Singles"" released?",1990-01-01,67,3
album,Amália Rodrigues,Amália à l'Olympia,"When was the album ""Amália à l'Olympia"" released?","When was Amália Rodrigues's album ""Amália à l'Olympia"" released?",1956-01-01,53,1
album,Amália Rodrigues,Amália Fado,"When was the album ""Amália Fado"" released?","When was Amália Rodrigues's album ""Amália Fado"" released?",1982-01-01,53,1
album,Amália Rodrigues,Amalia in Italia,"When was the album ""Amalia in Italia"" released?","When was Amália Rodrigues's album ""Amalia in Italia"" released?",1974-01-01,53,2
album,Amália Rodrigues,Amália no Olympia,"When was the album ""Amália no Olympia"" released?","When was Amália Rodrigues's album ""Amália no Olympia"" released?",1957-01-01,53,2
album,Amália Rodrigues,Amália Rodrigues in Concert,"When was the album ""Amália Rodrigues in Concert"" released?","When was Amália Rodrigues's album ""Amália Rodrigues in Concert"" released?",1970-01-01,53,1
album,Amália Rodrigues,Amália/Vinicius,"When was the album ""Amália/Vinicius"" released?","When was Amália Rodrigues's album ""Amália/Vinicius"" released?",1970-01-01,53,2
album,Amália Rodrigues,A Tribute To Amália,"When was the album ""A Tribute To Amália"" released?","When was Amália Rodrigues's album ""A Tribute To Amália"" released?",2004-01-01,53,2
album,Amália Rodrigues,A una terra che amo,"When was the album ""A una terra che amo"" released?","When was Amália Rodrigues's album ""A una terra che amo"" released?",1973-01-01,53,2
album,Amália Rodrigues,Cantigas numa Língua Antiga,"When was the album ""Cantigas numa Língua Antiga"" released?","When was Amália Rodrigues's album ""Cantigas numa Língua Antiga"" released?",1977-01-01,53,2
album,Amália Rodrigues,Com Que Voz,"When was the album ""Com Que Voz"" released?","When was Amália Rodrigues's album ""Com Que Voz"" released?",1970-01-01,53,2
album,Amália Rodrigues,Fado Português,"When was the album ""Fado Português"" released?","When was Amália Rodrigues's album ""Fado Português"" released?",1965-01-01,53,2
album,Amália Rodrigues,Fados 67,"When was the album ""Fados 67"" released?","When was Amália Rodrigues's album ""Fados 67"" released?",1967-01-01,53,2
album,Amália Rodrigues,Gostava de Ser Quem Era,"When was the album ""Gostava de Ser Quem Era"" released?","When was Amália Rodrigues's album ""Gostava de Ser Quem Era"" released?",1980-01-01,53,1
album,Amália Rodrigues,Il Recital di Maria Carta e Amalia Rodriguez,"When was the album ""Il Recital di Maria Carta e Amalia Rodriguez"" released?","When was Amália Rodrigues's album ""Il Recital di Maria Carta e Amalia Rodriguez"" released?",2012-01-01,53,1
album,Amália Rodrigues,Lágrima (Amália Rodrigues album),"When was the album ""Lágrima (Amália Rodrigues album)"" released?","When was Amália Rodrigues's album ""Lágrima (Amália Rodrigues album)"" released?",1983-01-01,53,2
album,Amália Rodrigues,O Melhor de Amália – Estranha forma de vida,"When was the album ""O Melhor de Amália – Estranha forma de vida"" released?","When was Amália Rodrigues's album ""O Melhor de Amália – Estranha forma de vida"" released?",1985-01-01,53,1
album,Amália Rodrigues,Segredo,"When was the album ""Segredo"" released?","When was Amália Rodrigues's album ""Segredo"" released?",1997-01-01,53,1
album,Amália Rodrigues,Vou Dar de Beber à Dor,"When was the album ""Vou Dar de Beber à Dor"" released?","When was Amália Rodrigues's album ""Vou Dar de Beber à Dor"" released?",1969-01-01,53,3
album,Amr Diab,Ahla w Ahla,"When was the album ""Ahla w Ahla"" released?","When was Amr Diab's album ""Ahla w Ahla"" released?",2016-04-28,53,1
album,Amr Diab,Aktar Wahed,"When was the album ""Aktar Wahed"" released?","When was Amr Diab's album ""Aktar Wahed"" released?",2001-01-01,53,2
album,Amr Diab,Allem Alby,"When was the album ""Allem Alby"" released?","When was Amr Diab's album ""Allem Alby"" released?",2003-01-01,53,2
album,Amr Diab,Amarain,"When was the album ""Amarain"" released?","When was Amr Diab's album ""Amarain"" released?",1999-01-01,53,2
album,Amr Diab,Awedony,"When was the album ""Awedony"" released?","When was Amr Diab's album ""Awedony"" released?",1998-01-01,53,2
album,Amr Diab,Bnadik Taala,"When was the album ""Bnadik Taala"" released?","When was Amr Diab's album ""Bnadik Taala"" released?",2011-09-11,53,1
album,Amr Diab,El Leila,"When was the album ""El Leila"" released?","When was Amr Diab's album ""El Leila"" released?",2013-09-18,53,1
album,Amr Diab,El Lilady,"When was the album ""El Lilady"" released?","When was Amr Diab's album ""El Lilady"" released?",2007-07-16,53,3
album,Amr Diab,Ice Cream in Gleam,"When was the album ""Ice Cream in Gleam"" released?","When was Amr Diab's album ""Ice Cream in Gleam"" released?",1992-01-01,53,1
album,Amr Diab,Kammel Kalamak,"When was the album ""Kammel Kalamak"" released?","When was Amr Diab's album ""Kammel Kalamak"" released?",2005-01-01,53,3
album,Amr Diab,Kol Hayaty,"When was the album ""Kol Hayaty"" released?","When was Amr Diab's album ""Kol Hayaty"" released?",2018-10-01,53,1
album,Amr Diab,Leily Nahary,"When was the album ""Leily Nahary"" released?","When was Amr Diab's album ""Leily Nahary"" released?",2004-01-01,53,3
album,Amr Diab,Maady Elnas,"When was the album ""Maady Elnas"" released?","When was Amr Diab's album ""Maady Elnas"" released?",2017-08-15,53,1
album,Amr Diab,Mayal,"When was the album ""Mayal"" released?","When was Amr Diab's album ""Mayal"" released?",1988-01-01,53,1
album,Amr Diab,Nour El Ain,"When was the album ""Nour El Ain"" released?","When was Amr Diab's album ""Nour El Ain"" released?",1996-01-01,53,4
album,Amr Diab,Ragein,"When was the album ""Ragein"" released?","When was Amr Diab's album ""Ragein"" released?",1995-01-01,53,1
album,Amr Diab,Shoft Elayam,"When was the album ""Shoft Elayam"" released?","When was Amr Diab's album ""Shoft Elayam"" released?",2014-09-13,53,1
album,Amr Diab,Tamally Maak,"When was the album ""Tamally Maak"" released?","When was Amr Diab's album ""Tamally Maak"" released?",2000-01-01,53,3
album,Amr Diab,Wayah,"When was the album ""Wayah"" released?","When was Amr Diab's album ""Wayah"" released?",2009-06-27,53,3
album,Amy Lee,Dream Too Much,"When was the album ""Dream Too Much"" released?","When was Amy Lee's album ""Dream Too Much"" released?",2016-01-01,67,6
album,Amy Lee,"Recover, Vol. 1","When was the album ""Recover, Vol. 1"" released?","When was Amy Lee's album ""Recover, Vol. 1"" released?",2016-01-01,67,8
album,Amy Macdonald,Is This What You've Been Waiting For?,"When was the album ""Is This What You've Been Waiting For?"" released?","When was Amy Macdonald's album ""Is This What You've Been Waiting For?"" released?",2025-07-11,61,2
album,Amy Macdonald,The Human Demands,"When was the album ""The Human Demands"" released?","When was Amy Macdonald's album ""The Human Demands"" released?",2020-01-01,61,5
album,Amy Macdonald,Under Stars,"When was the album ""Under Stars"" released?","When was Amy Macdonald's album ""Under Stars"" released?",2017-01-01,61,9
album,Amy Macdonald,Woman of the World – The Best of 2007–2018,"When was the album ""Woman of the World – The Best of 2007–2018"" released?","When was Amy Macdonald's album ""Woman of the World – The Best of 2007–2018"" released?",2018-11-23,61,1
album,Amy Winehouse,Amy Winehouse at the BBC,"When was the album ""Amy Winehouse at the BBC"" released?","When was Amy Winehouse's album ""Amy Winehouse at the BBC"" released?",2012-01-01,129,6
album,Amy Winehouse,Amy Winehouse at The BBC,"When was the album ""Amy Winehouse at The BBC"" released?","When was Amy Winehouse's album ""Amy Winehouse at The BBC"" released?",2012-01-01,129,1
album,Amy Winehouse,Frank & Back to Black,"When was the album ""Frank & Back to Black"" released?","When was Amy Winehouse's album ""Frank & Back to Black"" released?",2008-01-01,129,2
album,Amy Winehouse,Frank: B-Sides,"When was the album ""Frank: B-Sides"" released?","When was Amy Winehouse's album ""Frank: B-Sides"" released?",2008-01-01,129,1
album,Amy Winehouse,In Concert 2007,"When was the album ""In Concert 2007"" released?","When was Amy Winehouse's album ""In Concert 2007"" released?",2011-01-01,129,1
album,Amy Winehouse,I Told You I Was Trouble: Live in London,"When was the album ""I Told You I Was Trouble: Live in London"" released?","When was Amy Winehouse's album ""I Told You I Was Trouble: Live in London"" released?",2007-11-05,129,9
album,Amy Winehouse,Sympatico MSN Presents Amy Winehouse Live @ The Orange Lounge,"When was the album ""Sympatico MSN Presents Amy Winehouse Live @ The Orange Lounge"" released?","When was Amy Winehouse's album ""Sympatico MSN Presents Amy Winehouse Live @ The Orange Lounge"" released?",2007-01-01,129,2
album,Amy Winehouse,The Album Collection,"When was the album ""The Album Collection"" released?","When was Amy Winehouse's album ""The Album Collection"" released?",2012-01-01,129,1
album,Ana Mena,Bellodrama,"When was the album ""Bellodrama"" released?","When was Ana Mena's album ""Bellodrama"" released?",2023-03-24,77,3
album,Ana Mena,Index,"When was the album ""Index"" released?","When was Ana Mena's album ""Index"" released?",2018-05-11,77,2
album,Anastacia,A4App: Live Album,"When was the album ""A4App: Live Album"" released?","When was Anastacia's album ""A4App: Live Album"" released?",2016-01-01,106,7
album,Anastacia,Evolution,"When was the album ""Evolution"" released?","When was Anastacia's album ""Evolution"" released?",2017-09-15,106,8
album,Anastacia,Live at Last,"When was the album ""Live at Last"" released?","When was Anastacia's album ""Live at Last"" released?",2006-03-27,106,5
album,Anastacia,Live at the Eventim Apollo Hammersmith 2017,"When was the album ""Live at the Eventim Apollo Hammersmith 2017"" released?","When was Anastacia's album ""Live at the Eventim Apollo Hammersmith 2017"" released?",2017-01-01,106,3
album,Anastacia,Live at the O2 Apollo Manchester 2017,"When was the album ""Live at the O2 Apollo Manchester 2017"" released?","When was Anastacia's album ""Live at the O2 Apollo Manchester 2017"" released?",2017-01-01,106,3
album,Anastacia,Our Songs,"When was the album ""Our Songs"" released?","When was Anastacia's album ""Our Songs"" released?",2023-09-22,106,5
album,Anastacia,Ultimate Collection,"When was the album ""Ultimate Collection"" released?","When was Anastacia's album ""Ultimate Collection"" released?",2015-11-06,106,8
album,Andrea Bocelli,A Family Christmas,"When was the album ""A Family Christmas"" released?","When was Andrea Bocelli's album ""A Family Christmas"" released?",2022-10-22,96,2
album,Andrea Bocelli,Amore,"When was the album ""Amore"" released?","When was Andrea Bocelli's album ""Amore"" released?",2006-01-31,96,8
album,Andrea Bocelli,Andrea,"When was the album ""Andrea"" released?","When was ""Andrea"" Bocelli's album ""Andrea"" released?",2004-11-09,96,5
album,Andrea Bocelli,Aria: The Opera Album,"When was the album ""Aria: The Opera Album"" released?","When was Andrea Bocelli's album ""Aria: The Opera Album"" released?",1998-01-01,96,5
album,Andrea Bocelli,Believe,"When was the album ""Believe"" released?","When was Andrea Bocelli's album ""Believe"" released?",2020-11-13,96,2
album,Andrea Bocelli,Carmen: Duets & Arias,"When was the album ""Carmen: Duets & Arias"" released?","When was Andrea Bocelli's album ""Carmen: Duets & Arias"" released?",2010-07-12,96,2
album,Andrea Bocelli,Cieli di Toscana,"When was the album ""Cieli di Toscana"" released?","When was Andrea Bocelli's album ""Cieli di Toscana"" released?",2001-10-16,96,4
album,Andrea Bocelli,Cinema,"When was the album ""Cinema"" released?","When was Andrea Bocelli's album ""Cinema"" released?",2015-10-23,96,4
album,Andrea Bocelli,Concerto: One Night in Central Park,"When was the album ""Concerto: One Night in Central Park"" released?","When was Andrea Bocelli's album ""Concerto: One Night in Central Park"" released?",2011-11-15,96,3
album,Andrea Bocelli,Duets (30th Anniversary),"When was the album ""Duets (30th Anniversary)"" released?","When was Andrea Bocelli's album ""Duets (30th Anniversary)"" released?",2024-10-25,96,2
album,Andrea Bocelli,Il Mare Calmo della Sera,"When was the album ""Il Mare Calmo della Sera"" released?","When was Andrea Bocelli's album ""Il Mare Calmo della Sera"" released?",1994-01-01,96,8
album,Andrea Bocelli,Incanto,"When was the album ""Incanto"" released?","When was Andrea Bocelli's album ""Incanto"" released?",2008-11-04,96,7
album,Andrea Bocelli,Love in Portofino,"When was the album ""Love in Portofino"" released?","When was Andrea Bocelli's album ""Love in Portofino"" released?",2013-10-22,96,1
album,Andrea Bocelli,My Christmas,"When was the album ""My Christmas"" released?","When was Andrea Bocelli's album ""My Christmas"" released?",2009-11-03,96,8
album,Andrea Bocelli,My Christmas Special,"When was the album ""My Christmas Special"" released?","When was Andrea Bocelli's album ""My Christmas Special"" released?",2009-12-08,96,2
album,Andrea Bocelli,Notte Illuminata,"When was the album ""Notte Illuminata"" released?","When was Andrea Bocelli's album ""Notte Illuminata"" released?",2011-02-08,96,1
album,Andrea Bocelli,Passione,"When was the album ""Passione"" released?","When was Andrea Bocelli's album ""Passione"" released?",2013-01-29,96,4
album,Andrea Bocelli,Romanza,"When was the album ""Romanza"" released?","When was Andrea Bocelli's album ""Romanza"" released?",1997-01-01,96,8
album,Andrea Bocelli,Sacred Arias,"When was the album ""Sacred Arias"" released?","When was Andrea Bocelli's album ""Sacred Arias"" released?",1999-01-01,96,6
album,Andrea Bocelli,Sentimento,"When was the album ""Sentimento"" released?","When was Andrea Bocelli's album ""Sentimento"" released?",2002-11-05,96,7
album,Andrea Bocelli,Sì,"When was the album ""Sì"" released?","When was Andrea Bocelli's album ""Sì"" released?",2018-10-26,96,7
album,Andrea Bocelli,Sogno,"When was the album ""Sogno"" released?","When was Andrea Bocelli's album ""Sogno"" released?",1999-01-01,96,7
album,Andrea Bocelli,The Best of Andrea Bocelli: Vivere,"When was the album ""The Best of Andrea Bocelli: Vivere"" released?","When was Andrea Bocelli's album ""The Best of Andrea Bocelli: Vivere"" released?",2007-10-22,96,6
album,Andrea Bocelli,Under the Desert Sky,"When was the album ""Under the Desert Sky"" released?","When was Andrea Bocelli's album ""Under the Desert Sky"" released?",2006-01-01,96,4
album,Andrea Bocelli,Verdi,"When was the album ""Verdi"" released?","When was Andrea Bocelli's album ""Verdi"" released?",2000-01-01,96,4
album,Andrea Bocelli,Viaggio Italiano,"When was the album ""Viaggio Italiano"" released?","When was Andrea Bocelli's album ""Viaggio Italiano"" released?",1995-01-01,96,7
album,Andrea Bocelli,Vivere Live in Tuscany,"When was the album ""Vivere Live in Tuscany"" released?","When was Andrea Bocelli's album ""Vivere Live in Tuscany"" released?",2007-01-01,96,2
album,Andrew Lloyd Webber,Andrew Lloyd Webber: Now & Forever,"When was the album ""Andrew Lloyd Webber: Now & Forever"" released?","When was Andrew Lloyd Webber's album ""Andrew Lloyd Webber: Now & Forever"" released?",2001-01-01,66,1
album,Andrew Lloyd Webber,Andrew Lloyd Webber: The Premiere Collection Encore,"When was the album ""Andrew Lloyd Webber: The Premiere Collection Encore"" released?","When was Andrew Lloyd Webber's album ""Andrew Lloyd Webber: The Premiere Collection Encore"" released?",1992-01-01,66,1
album,Andrew Lloyd Webber,Cats: Complete Original Broadway Cast Recording,"When was the album ""Cats: Complete Original Broadway Cast Recording"" released?","When was Andrew Lloyd Webber's album ""Cats: Complete Original Broadway Cast Recording"" released?",1983-01-26,66,2
album,Andrew Lloyd Webber,Evita – Premiere American Recording,"When was the album ""Evita – Premiere American Recording"" released?","When was Andrew Lloyd Webber's album ""Evita – Premiere American Recording"" released?",1979-07-01,66,0
album,Andrew Lloyd Webber,Jesus Christ Superstar,"When was the album ""Jesus Christ Superstar"" released?","When was Andrew Lloyd Webber's album ""Jesus Christ Superstar"" released?",1994-01-01,66,1
album,Andrew Lloyd Webber,Song & Dance,"When was the album ""Song & Dance"" released?","When was Andrew Lloyd Webber's album ""Song & Dance"" released?",1982-01-01,66,0
album,Andrew Lloyd Webber,The Phantom of the Opera,"When was the album ""The Phantom of the Opera"" released?","When was Andrew Lloyd Webber's album ""The Phantom of the Opera"" released?",1987-01-01,66,1
album,Andrew Lloyd Webber,The Phantom of the Opera – The Original Motion Picture Soundtrack,"When was the album ""The Phantom of the Opera – The Original Motion Picture Soundtrack"" released?","When was Andrew Lloyd Webber's album ""The Phantom of the Opera – The Original Motion Picture Soundtrack"" released?",2004-01-01,66,3
album,Andrew Lloyd Webber,The Premiere Collection: The Best of Andrew Lloyd Webber,"When was the album ""The Premiere Collection: The Best of Andrew Lloyd Webber"" released?","When was Andrew Lloyd Webber's album ""The Premiere Collection: The Best of Andrew Lloyd Webber"" released?",1988-01-01,66,1
album,Andrew Lloyd Webber,Variations,"When was the album ""Variations"" released?","When was Andrew Lloyd Webber's album ""Variations"" released?",1978-11-22,66,2
album,Angelique Kidjo,Ayé,"When was the album ""Ayé"" released?","When was Angelique Kidjo's album ""Ayé"" released?",1994-01-01,64,1
album,Angelique Kidjo,Black Ivory Soul,"When was the album ""Black Ivory Soul"" released?","When was Angelique Kidjo's album ""Black Ivory Soul"" released?",2002-03-19,64,1
album,Angelique Kidjo,Celia,"When was the album ""Celia"" released?","When was Angelique Kidjo's album ""Celia"" released?",2019-04-19,64,1
album,Angelique Kidjo,Djin Djin,"When was the album ""Djin Djin"" released?","When was Angelique Kidjo's album ""Djin Djin"" released?",2007-04-27,64,4
album,Angelique Kidjo,Ewa Ka Djo (Let's Dance),"When was the album ""Ewa Ka Djo (Let's Dance)"" released?","When was Angelique Kidjo's album ""Ewa Ka Djo (Let's Dance)"" released?",1985-01-01,64,0
album,Angelique Kidjo,Fifa,"When was the album ""Fifa"" released?","When was Angelique Kidjo's album ""Fifa"" released?",1996-01-01,64,2
album,Angelique Kidjo,Keep On Moving: The Best Of Angelique Kidjo,"When was the album ""Keep On Moving: The Best Of Angelique Kidjo"" released?","When was Angelique Kidjo's album ""Keep On Moving: The Best Of Angelique Kidjo"" released?",2001-05-15,64,1
album,Angelique Kidjo,Logozo,"When was the album ""Logozo"" released?","When was Angelique Kidjo's album ""Logozo"" released?",1990-01-01,64,1
album,Angelique Kidjo,Mother Nature,"When was the album ""Mother Nature"" released?","When was Angelique Kidjo's album ""Mother Nature"" released?",2021-06-18,64,1
album,Angelique Kidjo,Oremi,"When was the album ""Oremi"" released?","When was Angelique Kidjo's album ""Oremi"" released?",1996-06-16,64,1
album,Angelique Kidjo,Oyaya!,"When was the album ""Oyaya!"" released?","When was Angelique Kidjo's album ""Oyaya!"" released?",2004-01-01,64,1
album,Angelique Kidjo,Õÿö,"When was the album ""Õÿö"" released?","When was Angelique Kidjo's album ""Õÿö"" released?",2010-01-01,64,1
album,Angelique Kidjo,Pretty,"When was the album ""Pretty"" released?","When was Angelique Kidjo's album ""Pretty"" released?",1981-01-01,64,0
album,Angelique Kidjo,Remain in Light,"When was the album ""Remain in Light"" released?","When was Angelique Kidjo's album ""Remain in Light"" released?",2018-01-01,64,0
album,Angelique Kidjo,Sings,"When was the album ""Sings"" released?","When was Angelique Kidjo's album ""Sings"" released?",2015-01-01,64,0
album,Angelique Kidjo,Spirit Rising,"When was the album ""Spirit Rising"" released?","When was Angelique Kidjo's album ""Spirit Rising"" released?",2012-01-01,64,0
album,Anggun,Anak Putih Abu Abu,"When was the album ""Anak Putih Abu Abu"" released?","When was Anggun's album ""Anak Putih Abu Abu"" released?",1991-01-01,149,7
album,Anggun,Anggun C. Sasmi... Lah!!!,"When was the album ""Anggun C. Sasmi... Lah!!!"" released?","When was Anggun's album ""Anggun C. Sasmi... Lah!!!"" released?",1993-01-01,149,7
album,Anggun,Best-Of Anggun,"When was the album ""Best-Of Anggun"" released?","When was Anggun's album ""Best-Of Anggun"" released?",2006-12-01,149,5
album,Anggun,Best-Of: Design of a Decade 2003–2013,"When was the album ""Best-Of: Design of a Decade 2003–2013"" released?","When was Anggun's album ""Best-Of: Design of a Decade 2003–2013"" released?",2013-05-10,149,5
album,Anggun,Chrysalis,"When was the album ""Chrysalis"" released?","When was Anggun's album ""Chrysalis"" released?",2000-01-01,149,0
album,Anggun,Désirs contraires,"When was the album ""Désirs contraires"" released?","When was Anggun's album ""Désirs contraires"" released?",2000-01-01,149,3
album,Anggun,Di Kota Mati,"When was the album ""Di Kota Mati"" released?","When was Anggun's album ""Di Kota Mati"" released?",1990-08-01,149,2
album,Anggun,Dunia Aku Punya,"When was the album ""Dunia Aku Punya"" released?","When was Anggun's album ""Dunia Aku Punya"" released?",1986-01-01,149,9
album,Anggun,Echoes,"When was the album ""Echoes"" released?","When was Anggun's album ""Echoes"" released?",2011-11-07,149,8
album,Anggun,Elevation,"When was the album ""Elevation"" released?","When was Anggun's album ""Elevation"" released?",2008-10-20,149,8
album,Anggun,Élévation,"When was the album ""Élévation"" released?","When was Anggun's album ""Élévation"" released?",2008-10-20,149,0
album,Anggun,Gaya Remaja,"When was the album ""Gaya Remaja"" released?","When was Anggun's album ""Gaya Remaja"" released?",1991-01-01,149,2
album,Anggun,Laba Laba,"When was the album ""Laba Laba"" released?","When was Anggun's album ""Laba Laba"" released?",1990-01-01,149,2
album,Anggun,Luminescence,"When was the album ""Luminescence"" released?","When was Anggun's album ""Luminescence"" released?",2005-02-22,149,8
album,Anggun,Mimpi,"When was the album ""Mimpi"" released?","When was Anggun's album ""Mimpi"" released?",1989-01-01,149,5
album,Anggun,Nocturno,"When was the album ""Nocturno"" released?","When was Anggun's album ""Nocturno"" released?",1992-01-01,149,7
album,Anggun,Open Hearts,"When was the album ""Open Hearts"" released?","When was Anggun's album ""Open Hearts"" released?",2002-01-01,149,4
album,Anggun,Si Roy – Original Soundtrack,"When was the album ""Si Roy – Original Soundtrack"" released?","When was Anggun's album ""Si Roy – Original Soundtrack"" released?",1989-01-01,149,1
album,Anggun,Snow on the Sahara,"When was the album ""Snow on the Sahara"" released?","When was Anggun's album ""Snow on the Sahara"" released?",1997-01-01,149,9
album,Anggun,Takut,"When was the album ""Takut"" released?","When was Anggun's album ""Takut"" released?",1990-01-01,149,5
album,Anggun,Thérèse – Vivre d'amour,"When was the album ""Thérèse – Vivre d'amour"" released?","When was Anggun's album ""Thérèse – Vivre d'amour"" released?",2013-04-22,149,2
album,Anggun,Toujours un ailleurs,"When was the album ""Toujours un ailleurs"" released?","When was Anggun's album ""Toujours un ailleurs"" released?",2015-11-20,149,4
album,Anggun,Tua Tua Keladi,"When was the album ""Tua Tua Keladi"" released?","When was Anggun's album ""Tua Tua Keladi"" released?",1990-01-01,149,5
album,Anggun,Yang Hilang,"When was the album ""Yang Hilang"" released?","When was Anggun's album ""Yang Hilang"" released?",1994-01-01,149,6
album,Ani Lorak,Shady Lady,"When was the album ""Shady Lady"" released?","When was Ani Lorak's album ""Shady Lady"" released?",2008-01-01,56,2
album,Ani Lorak,Smile,"When was the album ""Smile"" released?","When was Ani Lorak's album ""Smile"" released?",2005-01-01,56,2
album,Ani Lorak,Solntse,"When was the album ""Solntse"" released?","When was Ani Lorak's album ""Solntse"" released?",2009-01-01,56,5
album,Ani Lorak,"Tam, De Ti Ye...","When was the album ""Tam, De Ti Ye..."" released?","When was Ani Lorak's album ""Tam, De Ti Ye..."" released?",2001-01-01,56,2
album,Ani Lorak,The Best,"When was the album ""The Best"" released?","When was Ani Lorak's album ""The Best"" released?",2010-01-01,56,2
album,Ani Lorak,www.anilorak.com,"When was the album ""www.anilorak.com"" released?","When was Ani Lorak's album ""www.anilorak.com"" released?",2000-01-01,56,1
album,Ani Lorak,Ya zhiva,"When was the album ""Ya zhiva"" released?","When was Ani Lorak's album ""Ya zhiva"" released?",2021-11-12,56,1
album,Ani Lorak,Zazhigay serdtse,"When was the album ""Zazhigay serdtse"" released?","When was Ani Lorak's album ""Zazhigay serdtse"" released?",2013-01-01,56,2
album,Anna Magnani,Le canzoni di Anna Magnani,"When was the album ""Le canzoni di Anna Magnani"" released?","When was Anna Magnani's album ""Le canzoni di Anna Magnani"" released?",1989-01-01,75,1
album,Anna Netrebko,Opera Arias,"When was the album ""Opera Arias"" released?","When was Anna Netrebko's album ""Opera Arias"" released?",2003-01-01,169,1
album,Anna Netrebko,Sempre libera,"When was the album ""Sempre libera"" released?","When was Anna Netrebko's album ""Sempre libera"" released?",2004-01-01,169,1
album,Anne-Marie,Therapy,"When was the album ""Therapy"" released?","When was Anne-Marie's album ""Therapy"" released?",2021-07-23,52,4
album,Anne-Marie,Unhealthy,"When was the album ""Unhealthy"" released?","When was Anne-Marie's album ""Unhealthy"" released?",2023-07-28,52,4
album,Annie Lennox,A Christmas Cornucopia,"When was the album ""A Christmas Cornucopia"" released?","When was Annie Lennox's album ""A Christmas Cornucopia"" released?",2010-11-12,69,5
album,Annie Lennox,Bare,"When was the album ""Bare"" released?","When was Annie Lennox's album ""Bare"" released?",2003-06-05,69,9
album,Annie Lennox,Nostalgia,"When was the album ""Nostalgia"" released?","When was Annie Lennox's album ""Nostalgia"" released?",2014-01-01,69,4
album,Annie Lennox,The Annie Lennox Collection,"When was the album ""The Annie Lennox Collection"" released?","When was Annie Lennox's album ""The Annie Lennox Collection"" released?",2009-03-09,69,8
album,Anni-Frid Lyngstad,Djupa andetag,"When was the album ""Djupa andetag"" released?","When was Anni-Frid Lyngstad's album ""Djupa andetag"" released?",1996-09-20,67,8
album,Anni-Frid Lyngstad,Frida,"When was the album ""Frida"" released?","When was Anni-Frid Lyngstad's album ""Frida"" released?",1971-03-01,67,9
album,Anni-Frid Lyngstad,Frida 1967–1972,"When was the album ""Frida 1967–1972"" released?","When was Anni-Frid Lyngstad's album ""Frida 1967–1972"" released?",1997-10-27,67,3
album,Anni-Frid Lyngstad,Frida – 4xCD 1xDVD,"When was the album ""Frida – 4xCD 1xDVD"" released?","When was Anni-Frid Lyngstad's album ""Frida – 4xCD 1xDVD"" released?",2005-01-01,67,2
album,Anni-Frid Lyngstad,Frida ensam,"When was the album ""Frida ensam"" released?","When was Anni-Frid Lyngstad's album ""Frida ensam"" released?",1975-11-10,67,8
album,Anni-Frid Lyngstad,Frida – The Mixes,"When was the album ""Frida – The Mixes"" released?","When was Anni-Frid Lyngstad's album ""Frida – The Mixes"" released?",1998-01-01,67,2
album,Anni-Frid Lyngstad,På egen hand,"When was the album ""På egen hand"" released?","When was Anni-Frid Lyngstad's album ""På egen hand"" released?",1991-01-01,67,1
album,Anni-Frid Lyngstad,Shine,"When was the album ""Shine"" released?","When was Anni-Frid Lyngstad's album ""Shine"" released?",1984-01-01,67,7
album,Anni-Frid Lyngstad,Something's Going On,"When was the album ""Something's Going On"" released?","When was Anni-Frid Lyngstad's album ""Something's Going On"" released?",1982-09-01,67,8
album,Anni-Frid Lyngstad,Tre kvart från nu,"When was the album ""Tre kvart från nu"" released?","When was Anni-Frid Lyngstad's album ""Tre kvart från nu"" released?",1993-01-01,67,3
album,Ann-Margret,1961–1966,"When was the album ""1961–1966"" released?","When was Ann-Margret's album ""1961–1966"" released?",1998-01-01,57,1
album,Ann-Margret,And Here She Is,"When was the album ""And Here She Is"" released?","When was Ann-Margret's album ""And Here She Is"" released?",1961-01-01,57,2
album,Ann-Margret,Ann-Margret's Christmas Carol Collection,"When was the album ""Ann-Margret's Christmas Carol Collection"" released?","When was Ann-Margret's album ""Ann-Margret's Christmas Carol Collection"" released?",2004-11-23,57,1
album,Ann-Margret,Bachelors' Paradise,"When was the album ""Bachelors' Paradise"" released?","When was Ann-Margret's album ""Bachelors' Paradise"" released?",1963-01-01,57,2
album,Ann-Margret,Beauty and the Beard,"When was the album ""Beauty and the Beard"" released?","When was Ann-Margret's album ""Beauty and the Beard"" released?",1964-01-01,57,3
album,Ann-Margret,Born to Be Wild,"When was the album ""Born to Be Wild"" released?","When was Ann-Margret's album ""Born to Be Wild"" released?",2023-04-14,57,1
album,Ann-Margret,God Is Love: The Gospel Sessions,"When was the album ""God Is Love: The Gospel Sessions"" released?","When was Ann-Margret's album ""God Is Love: The Gospel Sessions"" released?",2001-09-28,57,1
album,Ann-Margret,God Is Love: The Gospel Sessions 2,"When was the album ""God Is Love: The Gospel Sessions 2"" released?","When was Ann-Margret's album ""God Is Love: The Gospel Sessions 2"" released?",2011-08-30,57,1
album,Ann-Margret,Let Me Entertain You,"When was the album ""Let Me Entertain You"" released?","When was Ann-Margret's album ""Let Me Entertain You"" released?",1996-07-30,57,1
album,Ann-Margret,On the Way Up,"When was the album ""On the Way Up"" released?","When was Ann-Margret's album ""On the Way Up"" released?",1962-01-01,57,2
album,Ann-Margret,Rodgers and Hammerstein's State Fair,"When was the album ""Rodgers and Hammerstein's State Fair"" released?","When was Ann-Margret's album ""Rodgers and Hammerstein's State Fair"" released?",1962-01-01,57,1
album,Ann-Margret,Songs from The Swinger and Other Swingin' Songs,"When was the album ""Songs from The Swinger and Other Swingin' Songs"" released?","When was Ann-Margret's album ""Songs from The Swinger and Other Swingin' Songs"" released?",1966-11-01,57,1
album,Ann-Margret,The Best Little Whorehouse in Texas – The New Cast Recording,"When was the album ""The Best Little Whorehouse in Texas – The New Cast Recording"" released?","When was Ann-Margret's album ""The Best Little Whorehouse in Texas – The New Cast Recording"" released?",2001-07-10,57,1
album,Ann-Margret,The Cowboy & The Lady,"When was the album ""The Cowboy & The Lady"" released?","When was Ann-Margret's album ""The Cowboy & The Lady"" released?",1969-01-01,57,2
album,Ann-Margret,The Essential Ann-Margret,"When was the album ""The Essential Ann-Margret"" released?","When was Ann-Margret's album ""The Essential Ann-Margret"" released?",2016-07-15,57,1
album,Ann-Margret,The Very Best of Ann-Margret,"When was the album ""The Very Best of Ann-Margret"" released?","When was Ann-Margret's album ""The Very Best of Ann-Margret"" released?",2001-08-07,57,1
album,Ann-Margret,The Vivacious One,"When was the album ""The Vivacious One"" released?","When was Ann-Margret's album ""The Vivacious One"" released?",1962-01-01,57,2
album,Anthrax,Anthrology: No Hit Wonders (1985–1991),"When was the album ""Anthrology: No Hit Wonders (1985–1991)"" released?","When was Anthrax's album ""Anthrology: No Hit Wonders (1985–1991)"" released?",2005-01-01,53,4
album,Anthrax,Caught in a Mosh: BBC Live in Concert,"When was the album ""Caught in a Mosh: BBC Live in Concert"" released?","When was Anthrax's album ""Caught in a Mosh: BBC Live in Concert"" released?",2007-01-22,53,3
album,Anthrax,Classic Anthrax: The Universal Masters Collection,"When was the album ""Classic Anthrax: The Universal Masters Collection"" released?","When was Anthrax's album ""Classic Anthrax: The Universal Masters Collection"" released?",2001-01-01,53,2
album,Anthrax,Cursum Perficio,"When was the album ""Cursum Perficio"" released?","When was Anthrax's album ""Cursum Perficio"" released?",2026-01-01,53,1
album,Anthrax,Fistful of Anthrax,"When was the album ""Fistful of Anthrax"" released?","When was Anthrax's album ""Fistful of Anthrax"" released?",1987-01-01,53,1
video_game,Akira Toriyama,Dragon Ball Online,"When was the video game ""Dragon Ball Online"" released?","When was the video game ""Dragon Ball Online"" developed by Akira Toriyama released?",2010-02-04,71,9
video_game,Alan Turing,Turochamp,"When was the video game ""Turochamp"" released?","When was the video game ""Turochamp"" developed by Alan Turing released?",1948-01-01,188,8
video_game,Amazon,Diner Dash: Flo on the Go,"When was the video game ""Diner Dash: Flo on the Go"" released?","When was the video game ""Diner Dash: Flo on the Go"" developed by Amazon released?",2007-06-04,124,3
video_game,Apple Inc.,Vortex,"When was the video game ""Vortex"" released?","When was the video game ""Vortex"" developed by Apple Inc. released?",2006-09-12,182,1
video_game,Bill Gates,DONKEY.BAS,"When was the video game ""DONKEY.BAS"" released?","When was the video game ""DONKEY.BAS"" developed by Bill Gates released?",1981-01-01,242,9
video_game,Blizzard Entertainment,Diablo IV: Vessel of Hatred,"When was the video game ""Diablo IV: Vessel of Hatred"" released?","When was the video game ""Diablo IV: Vessel of Hatred"" developed by Blizzard Entertainment released?",2024-10-07,63,3
video_game,Blizzard Entertainment,RPM Racing,"When was the video game ""RPM Racing"" released?","When was the video game ""RPM Racing"" developed by Blizzard Entertainment released?",1992-03-19,63,6
video_game,Blizzard Entertainment,The Death and Return of Superman,"When was the video game ""The Death and Return of Superman"" released?","When was the video game ""The Death and Return of Superman"" developed by Blizzard Entertainment released?",1994-01-01,63,9
video_game,Blizzard Entertainment,Warcraft II: Battle.net Edition,"When was the video game ""Warcraft II: Battle.net Edition"" released?","When was the video game ""Warcraft II: Battle.net Edition"" developed by Blizzard Entertainment released?",1999-09-30,63,4
video_game,Blizzard Entertainment,Warcraft Rumble,"When was the video game ""Warcraft Rumble"" released?","When was the video game ""Warcraft Rumble"" developed by Blizzard Entertainment released?",2023-08-18,63,6
video_game,Blizzard Entertainment,World of Warcraft: Mists of Pandaria Classic,"When was the video game ""World of Warcraft: Mists of Pandaria Classic"" released?","When was the video game ""World of Warcraft: Mists of Pandaria Classic"" developed by Blizzard Entertainment released?",2025-08-31,63,0
video_game,Blizzard Entertainment,World of Warcraft: Wrath of the Lich King Classic,"When was the video game ""World of Warcraft: Wrath of the Lich King Classic"" released?","When was the video game ""World of Warcraft: Wrath of the Lich King Classic"" developed by Blizzard Entertainment released?",2022-09-26,63,1
video_game,British Broadcasting Corporation,Adventure Rock,"When was the video game ""Adventure Rock"" released?","When was the video game ""Adventure Rock"" developed by British Broadcasting Corporation released?",2007-09-05,148,3
video_game,Capcom,1943 Kai: Midway Kaisen,"When was the video game ""1943 Kai: Midway Kaisen"" released?","When was the video game ""1943 Kai: Midway Kaisen"" developed by Capcom released?",1988-01-01,57,6
video_game,Capcom,19XX: The War Against Destiny,"When was the video game ""19XX: The War Against Destiny"" released?","When was the video game ""19XX: The War Against Destiny"" developed by Capcom released?",1995-12-01,57,5
video_game,Capcom,Ace Attorney Investigations Collection,"When was the video game ""Ace Attorney Investigations Collection"" released?","When was the video game ""Ace Attorney Investigations Collection"" developed by Capcom released?",2024-09-06,57,4
video_game,Capcom,Armored Warriors,"When was the video game ""Armored Warriors"" released?","When was the video game ""Armored Warriors"" developed by Capcom released?",1994-10-24,57,6
video_game,Capcom,Auto Modellista,"When was the video game ""Auto Modellista"" released?","When was the video game ""Auto Modellista"" developed by Capcom released?",2002-08-22,57,9
video_game,Capcom,Battle Circuit,"When was the video game ""Battle Circuit"" released?","When was the video game ""Battle Circuit"" developed by Capcom released?",1997-03-19,57,8
video_game,Capcom,Black Cat: The Mechanical Angel,"When was the video game ""Black Cat: The Mechanical Angel"" released?","When was the video game ""Black Cat: The Mechanical Angel"" developed by Capcom released?",2006-03-30,57,0
video_game,Capcom,Black Tiger,"When was the video game ""Black Tiger"" released?","When was the video game ""Black Tiger"" developed by Capcom released?",1987-08-01,57,9
video_game,Capcom,Bonkers,"When was the video game ""Bonkers"" released?","When was the video game ""Bonkers"" developed by Capcom released?",1994-01-01,57,3
video_game,Capcom,Breath of Fire 6,"When was the video game ""Breath of Fire 6"" released?","When was the video game ""Breath of Fire 6"" developed by Capcom released?",2016-01-01,57,6
video_game,Capcom,Capcom Bowling,"When was the video game ""Capcom Bowling"" released?","When was the video game ""Capcom Bowling"" developed by Capcom released?",1988-01-01,57,4
video_game,Capcom,Capcom Fighting All-Stars,"When was the video game ""Capcom Fighting All-Stars"" released?","When was the video game ""Capcom Fighting All-Stars"" developed by Capcom released?",2003-01-01,57,4
video_game,Capcom,Capcom Fighting Evolution,"When was the video game ""Capcom Fighting Evolution"" released?","When was the video game ""Capcom Fighting Evolution"" developed by Capcom released?",2004-11-16,57,6
video_game,Capcom,Capcom's Gold Medal Challenge '92,"When was the video game ""Capcom's Gold Medal Challenge '92"" released?","When was the video game ""Capcom's Gold Medal Challenge '92"" developed by Capcom released?",1992-06-05,57,3
video_game,Capcom,Capcom Sports Club,"When was the video game ""Capcom Sports Club"" released?","When was the video game ""Capcom Sports Club"" developed by Capcom released?",1997-07-22,57,2
video_game,Capcom,Capcom vs. SNK: Millennium Fight 2000,"When was the video game ""Capcom vs. SNK: Millennium Fight 2000"" released?","When was the video game ""Capcom vs. SNK: Millennium Fight 2000"" developed by Capcom released?",2000-09-06,57,9
video_game,Capcom,Capcom World 2,"When was the video game ""Capcom World 2"" released?","When was the video game ""Capcom World 2"" developed by Capcom released?",1992-01-01,57,2
video_game,Capcom,Carrier Air Wing,"When was the video game ""Carrier Air Wing"" released?","When was the video game ""Carrier Air Wing"" developed by Capcom released?",1990-10-01,57,6
video_game,Capcom,Chaos Legion,"When was the video game ""Chaos Legion"" released?","When was the video game ""Chaos Legion"" developed by Capcom released?",2003-03-06,57,9
video_game,Capcom,Code Name: Viper,"When was the video game ""Code Name: Viper"" released?","When was the video game ""Code Name: Viper"" developed by Capcom released?",1990-02-23,57,5
video_game,Capcom,Cyberbots: Full Metal Madness,"When was the video game ""Cyberbots: Full Metal Madness"" released?","When was the video game ""Cyberbots: Full Metal Madness"" developed by Capcom released?",1995-04-20,57,6
video_game,Capcom,Darkstalkers 3,"When was the video game ""Darkstalkers 3"" released?","When was the video game ""Darkstalkers 3"" developed by Capcom released?",1998-04-16,57,7
video_game,Capcom,Darkstalkers: The Night Warriors,"When was the video game ""Darkstalkers: The Night Warriors"" released?","When was the video game ""Darkstalkers: The Night Warriors"" developed by Capcom released?",1994-07-01,57,9
video_game,Capcom,Dead Rising Deluxe Remaster,"When was the video game ""Dead Rising Deluxe Remaster"" released?","When was the video game ""Dead Rising Deluxe Remaster"" developed by Capcom released?",2024-09-19,57,1
video_game,Capcom,Destiny of an Emperor,"When was the video game ""Destiny of an Emperor"" released?","When was the video game ""Destiny of an Emperor"" developed by Capcom released?",1989-05-15,57,8
video_game,Capcom,Devil May Cry 4: Special Edition,"When was the video game ""Devil May Cry 4: Special Edition"" released?","When was the video game ""Devil May Cry 4: Special Edition"" developed by Capcom released?",2015-01-01,57,2
video_game,Capcom,Devil May Cry: HD Collection,"When was the video game ""Devil May Cry: HD Collection"" released?","When was the video game ""Devil May Cry: HD Collection"" developed by Capcom released?",2012-03-22,57,3
video_game,Capcom,Disney's Hide and Sneak,"When was the video game ""Disney's Hide and Sneak"" released?","When was the video game ""Disney's Hide and Sneak"" developed by Capcom released?",2003-11-30,57,5
video_game,Capcom,Disney's Magical Mirror Starring Mickey Mouse,"When was the video game ""Disney's Magical Mirror Starring Mickey Mouse"" released?","When was the video game ""Disney's Magical Mirror Starring Mickey Mouse"" developed by Capcom released?",2002-08-09,57,9
video_game,Capcom,Disney's Magical Quest 3 Starring Mickey & Donald,"When was the video game ""Disney's Magical Quest 3 Starring Mickey & Donald"" released?","When was the video game ""Disney's Magical Quest 3 Starring Mickey & Donald"" developed by Capcom released?",1995-12-01,57,5
video_game,Capcom,Dragon's Dogma: Dark Arisen,"When was the video game ""Dragon's Dogma: Dark Arisen"" released?","When was the video game ""Dragon's Dogma: Dark Arisen"" developed by Capcom released?",2016-01-15,57,2
video_game,Capcom,Dungeons & Dragons: Shadow over Mystara,"When was the video game ""Dungeons & Dragons: Shadow over Mystara"" released?","When was the video game ""Dungeons & Dragons: Shadow over Mystara"" developed by Capcom released?",1996-01-01,57,7
video_game,Capcom,Dungeons & Dragons: Tower of Doom,"When was the video game ""Dungeons & Dragons: Tower of Doom"" released?","When was the video game ""Dungeons & Dragons: Tower of Doom"" developed by Capcom released?",1993-01-01,57,8
video_game,Capcom,Dynasty Wars,"When was the video game ""Dynasty Wars"" released?","When was the video game ""Dynasty Wars"" developed by Capcom released?",1989-07-01,57,7
video_game,Capcom,Eco Fighters,"When was the video game ""Eco Fighters"" released?","When was the video game ""Eco Fighters"" developed by Capcom released?",1993-12-01,57,6
video_game,Capcom,El Dorado Gate,"When was the video game ""El Dorado Gate"" released?","When was the video game ""El Dorado Gate"" developed by Capcom released?",2000-10-10,57,6
video_game,Capcom,Exed Exes,"When was the video game ""Exed Exes"" released?","When was the video game ""Exed Exes"" developed by Capcom released?",1985-01-01,57,6
video_game,Capcom,Exoprimal,"When was the video game ""Exoprimal"" released?","When was the video game ""Exoprimal"" developed by Capcom released?",2023-07-13,57,7
video_game,Capcom,E.X. Troopers,"When was the video game ""E.X. Troopers"" released?","When was the video game ""E.X. Troopers"" developed by Capcom released?",2012-01-01,57,8
video_game,Capcom,F-1 Dream,"When was the video game ""F-1 Dream"" released?","When was the video game ""F-1 Dream"" developed by Capcom released?",1989-08-25,57,4
video_game,Capcom,Final Fight: Streetwise,"When was the video game ""Final Fight: Streetwise"" released?","When was the video game ""Final Fight: Streetwise"" developed by Capcom released?",2006-02-28,57,6
video_game,Capcom,Finder Love,"When was the video game ""Finder Love"" released?","When was the video game ""Finder Love"" developed by Capcom released?",2006-01-01,57,4
video_game,Capcom,Forgotten Worlds,"When was the video game ""Forgotten Worlds"" released?","When was the video game ""Forgotten Worlds"" developed by Capcom released?",1988-07-01,57,8
video_game,Capcom,Gaia Master,"When was the video game ""Gaia Master"" released?","When was the video game ""Gaia Master"" developed by Capcom released?",2000-04-13,57,1
video_game,Capcom,Gargoyle's Quest II,"When was the video game ""Gargoyle's Quest II"" released?","When was the video game ""Gargoyle's Quest II"" developed by Capcom released?",1992-07-17,57,8
video_game,Capcom,Ghosts 'n Goblins: Gold Knights,"When was the video game ""Ghosts 'n Goblins: Gold Knights"" released?","When was the video game ""Ghosts 'n Goblins: Gold Knights"" developed by Capcom released?",2009-11-11,57,3
video_game,Capcom,Ghosts 'n Goblins Resurrection,"When was the video game ""Ghosts 'n Goblins Resurrection"" released?","When was the video game ""Ghosts 'n Goblins Resurrection"" developed by Capcom released?",2021-02-25,57,8
video_game,Capcom,GioGio's Bizarre Adventure,"When was the video game ""GioGio's Bizarre Adventure"" released?","When was the video game ""GioGio's Bizarre Adventure"" developed by Capcom released?",2002-07-25,57,5
video_game,Capcom,Gotcha Force,"When was the video game ""Gotcha Force"" released?","When was the video game ""Gotcha Force"" developed by Capcom released?",2003-11-27,57,3
video_game,Capcom,Granbo,"When was the video game ""Granbo"" released?","When was the video game ""Granbo"" developed by Capcom released?",2001-12-28,57,0
video_game,Capcom,Gregory Horror Show,"When was the video game ""Gregory Horror Show"" released?","When was the video game ""Gregory Horror Show"" developed by Capcom released?",2003-08-07,57,4
video_game,Capcom,Group S Challenge,"When was the video game ""Group S Challenge"" released?","When was the video game ""Group S Challenge"" developed by Capcom released?",2003-11-11,57,3
video_game,Capcom,Gun.Smoke,"When was the video game ""Gun.Smoke"" released?","When was the video game ""Gun.Smoke"" developed by Capcom released?",1985-11-01,57,8
video_game,Capcom,Heavy Metal: Geomatrix,"When was the video game ""Heavy Metal: Geomatrix"" released?","When was the video game ""Heavy Metal: Geomatrix"" developed by Capcom released?",2001-07-12,57,3
video_game,Capcom,Higemaru Makaijima - Nanatsu no Shima Daibōken,"When was the video game ""Higemaru Makaijima - Nanatsu no Shima Daibōken"" released?","When was the video game ""Higemaru Makaijima - Nanatsu no Shima Daibōken"" developed by Capcom released?",1987-04-14,57,2
video_game,Capcom,Hyper Street Fighter II,"When was the video game ""Hyper Street Fighter II"" released?","When was the video game ""Hyper Street Fighter II"" developed by Capcom released?",2003-12-01,57,6
video_game,Capcom,Kabu Trader Shun,"When was the video game ""Kabu Trader Shun"" released?","When was the video game ""Kabu Trader Shun"" developed by Capcom released?",2007-06-07,57,4
video_game,Capcom,Kidou Senshi Gundam Seed Destiny: Rengou vs. Z.A.F.T. II,"When was the video game ""Kidou Senshi Gundam Seed Destiny: Rengou vs. Z.A.F.T. II"" released?","When was the video game ""Kidou Senshi Gundam Seed Destiny: Rengou vs. Z.A.F.T. II"" developed by Capcom released?",2006-01-01,57,4
video_game,Capcom,Kidou Senshi Gundam Seed: Rengou vs. Z.A.F.T.,"When was the video game ""Kidou Senshi Gundam Seed: Rengou vs. Z.A.F.T."" released?","When was the video game ""Kidou Senshi Gundam Seed: Rengou vs. Z.A.F.T."" developed by Capcom released?",2005-01-01,57,4
video_game,Capcom,Kono e Tako,"When was the video game ""Kono e Tako"" released?","When was the video game ""Kono e Tako"" developed by Capcom released?",2003-01-01,57,0
video_game,Capcom,Kunitsu-Gami: Path of the Goddess,"When was the video game ""Kunitsu-Gami: Path of the Goddess"" released?","When was the video game ""Kunitsu-Gami: Path of the Goddess"" developed by Capcom released?",2024-07-19,57,6
video_game,Capcom,Last Duel,"When was the video game ""Last Duel"" released?","When was the video game ""Last Duel"" developed by Capcom released?",1988-01-01,57,5
video_game,Capcom,Legendary Wings,"When was the video game ""Legendary Wings"" released?","When was the video game ""Legendary Wings"" developed by Capcom released?",1986-12-01,57,8
video_game,Capcom,Magical Tetris Challenge,"When was the video game ""Magical Tetris Challenge"" released?","When was the video game ""Magical Tetris Challenge"" developed by Capcom released?",1998-11-20,57,9
video_game,Capcom,Makaimura for WonderSwan,"When was the video game ""Makaimura for WonderSwan"" released?","When was the video game ""Makaimura for WonderSwan"" developed by Capcom released?",1999-01-01,57,2
video_game,Capcom,Mario Party: Fushigi no Challenge World,"When was the video game ""Mario Party: Fushigi no Challenge World"" released?","When was the video game ""Mario Party: Fushigi no Challenge World"" developed by Capcom released?",2016-01-01,57,1
video_game,Capcom,Mario Party Fushigi no Korokoro Catcher 2,"When was the video game ""Mario Party Fushigi no Korokoro Catcher 2"" released?","When was the video game ""Mario Party Fushigi no Korokoro Catcher 2"" developed by Capcom released?",2013-01-01,57,1
video_game,Capcom,Mario Party: Kuru-kuru! Carnival,"When was the video game ""Mario Party: Kuru-kuru! Carnival"" released?","When was the video game ""Mario Party: Kuru-kuru! Carnival"" developed by Capcom released?",2012-07-01,57,1
video_game,Capcom,Marvel Super Heroes in War of the Gems,"When was the video game ""Marvel Super Heroes in War of the Gems"" released?","When was the video game ""Marvel Super Heroes in War of the Gems"" developed by Capcom released?",1996-10-18,57,8
video_game,Capcom,Marvel vs. Capcom Fighting Collection: Arcade Classics,"When was the video game ""Marvel vs. Capcom Fighting Collection: Arcade Classics"" released?","When was the video game ""Marvel vs. Capcom Fighting Collection: Arcade Classics"" developed by Capcom released?",2024-09-12,57,4
video_game,Capcom,Marvel vs. Capcom Origins,"When was the video game ""Marvel vs. Capcom Origins"" released?","When was the video game ""Marvel vs. Capcom Origins"" developed by Capcom released?",2012-09-25,57,8
video_game,Capcom,Maximo: Ghosts to Glory,"When was the video game ""Maximo: Ghosts to Glory"" released?","When was the video game ""Maximo: Ghosts to Glory"" developed by Capcom released?",2001-12-27,57,7
video_game,Capcom,Maximo vs. Army of Zin,"When was the video game ""Maximo vs. Army of Zin"" released?","When was the video game ""Maximo vs. Army of Zin"" developed by Capcom released?",2003-09-18,57,6
video_game,Capcom,Mega Man 2: The Power Fighters,"When was the video game ""Mega Man 2: The Power Fighters"" released?","When was the video game ""Mega Man 2: The Power Fighters"" developed by Capcom released?",2010-01-06,57,7
video_game,Capcom,Mega Man Battle Network 3,"When was the video game ""Mega Man Battle Network 3"" released?","When was the video game ""Mega Man Battle Network 3"" developed by Capcom released?",2002-12-06,57,8
video_game,Capcom,Mega Man Battle Network 4,"When was the video game ""Mega Man Battle Network 4"" released?","When was the video game ""Mega Man Battle Network 4"" developed by Capcom released?",2003-12-14,57,7
video_game,Capcom,Mega Man Battle Network 5,"When was the video game ""Mega Man Battle Network 5"" released?","When was the video game ""Mega Man Battle Network 5"" developed by Capcom released?",2004-12-09,57,8
video_game,Capcom,Mega Man Battle Network 5: Double Team DS,"When was the video game ""Mega Man Battle Network 5: Double Team DS"" released?","When was the video game ""Mega Man Battle Network 5: Double Team DS"" developed by Capcom released?",2006-01-01,57,3
video_game,Capcom,Mega Man Battle Network 6,"When was the video game ""Mega Man Battle Network 6"" released?","When was the video game ""Mega Man Battle Network 6"" developed by Capcom released?",2005-11-23,57,8
video_game,Capcom,Mega Man Battle Network Legacy Collection,"When was the video game ""Mega Man Battle Network Legacy Collection"" released?","When was the video game ""Mega Man Battle Network Legacy Collection"" developed by Capcom released?",2023-04-14,57,3
video_game,Capcom,Mega Man Maverick Hunter X,"When was the video game ""Mega Man Maverick Hunter X"" released?","When was the video game ""Mega Man Maverick Hunter X"" developed by Capcom released?",2005-12-15,57,7
video_game,Capcom,Mega Man Powered Up,"When was the video game ""Mega Man Powered Up"" released?","When was the video game ""Mega Man Powered Up"" developed by Capcom released?",2006-03-02,57,7
video_game,Capcom,Mega Man Star Force 2,"When was the video game ""Mega Man Star Force 2"" released?","When was the video game ""Mega Man Star Force 2"" developed by Capcom released?",2007-11-22,57,8
video_game,Capcom,Mega Man Star Force 3,"When was the video game ""Mega Man Star Force 3"" released?","When was the video game ""Mega Man Star Force 3"" developed by Capcom released?",2008-11-13,57,6
video_game,Capcom,Mega Man Star Force Legacy Collection,"When was the video game ""Mega Man Star Force Legacy Collection"" released?","When was the video game ""Mega Man Star Force Legacy Collection"" developed by Capcom released?",2026-03-27,57,3
video_game,Capcom,Mega Man X Collection,"When was the video game ""Mega Man X Collection"" released?","When was the video game ""Mega Man X Collection"" developed by Capcom released?",2006-01-10,57,8
video_game,Capcom,Mega Man X DiVE,"When was the video game ""Mega Man X DiVE"" released?","When was the video game ""Mega Man X DiVE"" developed by Capcom released?",2020-03-24,57,3
video_game,Capcom,Mega Man X: Legacy Collection 2,"When was the video game ""Mega Man X: Legacy Collection 2"" released?","When was the video game ""Mega Man X: Legacy Collection 2"" developed by Capcom released?",2018-01-01,57,1
video_game,Capcom,Mega Man Zero/ZX Legacy Collection,"When was the video game ""Mega Man Zero/ZX Legacy Collection"" released?","When was the video game ""Mega Man Zero/ZX Legacy Collection"" developed by Capcom released?",2020-01-01,57,4
video_game,Capcom,Megami Meguri,"When was the video game ""Megami Meguri"" released?","When was the video game ""Megami Meguri"" developed by Capcom released?",2016-12-08,57,2
video_game,Capcom,Mega Twins,"When was the video game ""Mega Twins"" released?","When was the video game ""Mega Twins"" developed by Capcom released?",1990-06-01,57,7
video_game,Capcom,Metal Walker,"When was the video game ""Metal Walker"" released?","When was the video game ""Metal Walker"" developed by Capcom released?",1999-12-24,57,1
video_game,Capcom,Mobile Suit Gundam: Federation vs. Zeon,"When was the video game ""Mobile Suit Gundam: Federation vs. Zeon"" released?","When was the video game ""Mobile Suit Gundam: Federation vs. Zeon"" developed by Capcom released?",2001-12-06,57,5
video_game,Capcom,Mobile Suit Gundam: Gundam vs. Gundam,"When was the video game ""Mobile Suit Gundam: Gundam vs. Gundam"" released?","When was the video game ""Mobile Suit Gundam: Gundam vs. Gundam"" developed by Capcom released?",2008-11-20,57,5
video_game,Capcom,Mobile Suit Gundam: Gundam vs. Gundam Next,"When was the video game ""Mobile Suit Gundam: Gundam vs. Gundam Next"" released?","When was the video game ""Mobile Suit Gundam: Gundam vs. Gundam Next"" developed by Capcom released?",2009-03-18,57,5
video_game,Capcom,Mobile Suit Gundam: Gundam vs. Zeta Gundam,"When was the video game ""Mobile Suit Gundam: Gundam vs. Zeta Gundam"" released?","When was the video game ""Mobile Suit Gundam: Gundam vs. Zeta Gundam"" developed by Capcom released?",2004-12-09,57,6
video_game,Capcom,Mobile Suit Z Gundam: AEUG vs. Titans,"When was the video game ""Mobile Suit Z Gundam: AEUG vs. Titans"" released?","When was the video game ""Mobile Suit Z Gundam: AEUG vs. Titans"" developed by Capcom released?",2003-09-01,57,3
video_game,Capcom,Mobile Suit Z Gundam: AEUG vs. Titans DX,"When was the video game ""Mobile Suit Z Gundam: AEUG vs. Titans DX"" released?","When was the video game ""Mobile Suit Z Gundam: AEUG vs. Titans DX"" developed by Capcom released?",2004-01-01,57,3
video_game,Capcom,Monster Hunter 2,"When was the video game ""Monster Hunter 2"" released?","When was the video game ""Monster Hunter 2"" developed by Capcom released?",2006-02-16,57,7
video_game,Capcom,Monster Hunter Dynamic Hunting,"When was the video game ""Monster Hunter Dynamic Hunting"" released?","When was the video game ""Monster Hunter Dynamic Hunting"" developed by Capcom released?",2011-06-01,57,3
video_game,Capcom,Monster Hunter Freedom 2,"When was the video game ""Monster Hunter Freedom 2"" released?","When was the video game ""Monster Hunter Freedom 2"" developed by Capcom released?",2007-02-22,57,8
video_game,Capcom,Monster Hunter: Frontier G,"When was the video game ""Monster Hunter: Frontier G"" released?","When was the video game ""Monster Hunter: Frontier G"" developed by Capcom released?",2013-04-17,57,2
video_game,Capcom,Monster Hunter Frontier Online,"When was the video game ""Monster Hunter Frontier Online"" released?","When was the video game ""Monster Hunter Frontier Online"" developed by Capcom released?",2007-06-21,57,7
video_game,Capcom,Monster Hunter G,"When was the video game ""Monster Hunter G"" released?","When was the video game ""Monster Hunter G"" developed by Capcom released?",2005-01-20,57,2
video_game,Capcom,Monster Hunter Portable 3rd,"When was the video game ""Monster Hunter Portable 3rd"" released?","When was the video game ""Monster Hunter Portable 3rd"" developed by Capcom released?",2010-12-01,57,7
video_game,Capcom,Monster Hunter Puzzles: Felyne Isles,"When was the video game ""Monster Hunter Puzzles: Felyne Isles"" released?","When was the video game ""Monster Hunter Puzzles: Felyne Isles"" developed by Capcom released?",2024-06-27,57,0
video_game,Capcom,Monster Hunter Stories,"When was the video game ""Monster Hunter Stories"" released?","When was the video game ""Monster Hunter Stories"" developed by Capcom released?",2016-10-08,57,8
video_game,Capcom,Monster Hunter XX,"When was the video game ""Monster Hunter XX"" released?","When was the video game ""Monster Hunter XX"" developed by Capcom released?",2017-03-18,57,1
video_game,Capcom,Night Warriors: Darkstalkers' Revenge,"When was the video game ""Night Warriors: Darkstalkers' Revenge"" released?","When was the video game ""Night Warriors: Darkstalkers' Revenge"" developed by Capcom released?",1995-03-01,57,8
video_game,Capcom,One Piece Mansion,"When was the video game ""One Piece Mansion"" released?","When was the video game ""One Piece Mansion"" developed by Capcom released?",2001-06-21,57,3
video_game,Capcom,Onimusha 2: Samurai's Destiny Remaster,"When was the video game ""Onimusha 2: Samurai's Destiny Remaster"" released?","When was the video game ""Onimusha 2: Samurai's Destiny Remaster"" developed by Capcom released?",2025-05-23,57,0
video_game,Capcom,Onimusha Blade Warriors,"When was the video game ""Onimusha Blade Warriors"" released?","When was the video game ""Onimusha Blade Warriors"" developed by Capcom released?",2003-11-27,57,7
video_game,Capcom,Onimusha Tactics,"When was the video game ""Onimusha Tactics"" released?","When was the video game ""Onimusha Tactics"" developed by Capcom released?",2003-07-25,57,7
video_game,Capcom,Phoenix Wright: Ace Attorney Trilogy,"When was the video game ""Phoenix Wright: Ace Attorney Trilogy"" released?","When was the video game ""Phoenix Wright: Ace Attorney Trilogy"" developed by Capcom released?",2012-02-07,57,6
video_game,Capcom,Pirate Ship Higemaru,"When was the video game ""Pirate Ship Higemaru"" released?","When was the video game ""Pirate Ship Higemaru"" developed by Capcom released?",1984-01-01,57,4
video_game,Capcom,Plasma Sword: Nightmare of Bilstein,"When was the video game ""Plasma Sword: Nightmare of Bilstein"" released?","When was the video game ""Plasma Sword: Nightmare of Bilstein"" developed by Capcom released?",1999-12-09,57,5
video_game,Capcom,Pnickies,"When was the video game ""Pnickies"" released?","When was the video game ""Pnickies"" developed by Capcom released?",1994-06-01,57,4
video_game,Capcom,Power Stone,"When was the video game ""Power Stone"" released?","When was the video game ""Power Stone"" developed by Capcom released?",1999-02-13,57,9
video_game,Capcom,Power Stone 2,"When was the video game ""Power Stone 2"" released?","When was the video game ""Power Stone 2"" developed by Capcom released?",2000-04-27,57,4
video_game,Capcom,PrideGP Grand Prix 2003,"When was the video game ""PrideGP Grand Prix 2003"" released?","When was the video game ""PrideGP Grand Prix 2003"" developed by Capcom released?",2003-03-20,57,2
video_game,Capcom,Project Justice,"When was the video game ""Project Justice"" released?","When was the video game ""Project Justice"" developed by Capcom released?",2000-12-17,57,8
video_game,Capcom,Puzzle Fighter,"When was the video game ""Puzzle Fighter"" released?","When was the video game ""Puzzle Fighter"" developed by Capcom released?",2017-09-27,57,1
video_game,Capcom,Quiz & Dragons: Capcom Quiz Game,"When was the video game ""Quiz & Dragons: Capcom Quiz Game"" released?","When was the video game ""Quiz & Dragons: Capcom Quiz Game"" developed by Capcom released?",1992-01-01,57,3
video_game,Capcom,Quiz Nanairo Dreams,"When was the video game ""Quiz Nanairo Dreams"" released?","When was the video game ""Quiz Nanairo Dreams"" developed by Capcom released?",1996-08-01,57,4
video_game,Capcom,Red Earth,"When was the video game ""Red Earth"" released?","When was the video game ""Red Earth"" developed by Capcom released?",1996-11-21,57,6
video_game,Capcom,Resident Evil 0 HD Remaster,"When was the video game ""Resident Evil 0 HD Remaster"" released?","When was the video game ""Resident Evil 0 HD Remaster"" developed by Capcom released?",2016-01-19,57,0
video_game,Capcom,Resident Evil 4: Ultimate HD Edition,"When was the video game ""Resident Evil 4: Ultimate HD Edition"" released?","When was the video game ""Resident Evil 4: Ultimate HD Edition"" developed by Capcom released?",2014-02-28,57,0
video_game,Capcom,Resident Evil 4 VR,"When was the video game ""Resident Evil 4 VR"" released?","When was the video game ""Resident Evil 4 VR"" developed by Capcom released?",2021-10-20,57,2
video_game,Capcom,Resident Evil 6,"When was the video game ""Resident Evil 6"" released?","When was the video game ""Resident Evil 6"" developed by Capcom released?",2016-03-29,57,0
video_game,Capcom,Resident Evil Archives: Resident Evil,"When was the video game ""Resident Evil Archives: Resident Evil"" released?","When was the video game ""Resident Evil Archives: Resident Evil"" developed by Capcom released?",2008-12-25,57,2
video_game,Capcom,Resident Evil: Deadly Silence,"When was the video game ""Resident Evil: Deadly Silence"" released?","When was the video game ""Resident Evil: Deadly Silence"" developed by Capcom released?",2006-01-19,57,4
video_game,Capcom,Resident Evil: Genesis,"When was the video game ""Resident Evil: Genesis"" released?","When was the video game ""Resident Evil: Genesis"" developed by Capcom released?",2007-01-01,57,2
video_game,Capcom,Resident Evil HD Remaster,"When was the video game ""Resident Evil HD Remaster"" released?","When was the video game ""Resident Evil HD Remaster"" developed by Capcom released?",2014-11-27,57,1
video_game,Capcom,Resident Evil Re:Verse,"When was the video game ""Resident Evil Re:Verse"" released?","When was the video game ""Resident Evil Re:Verse"" developed by Capcom released?",2022-01-01,57,2
video_game,Capcom,Resident Evil: The Missions,"When was the video game ""Resident Evil: The Missions"" released?","When was the video game ""Resident Evil: The Missions"" developed by Capcom released?",2005-06-02,57,3
video_game,Capcom,Resident Evil Uprising,"When was the video game ""Resident Evil Uprising"" released?","When was the video game ""Resident Evil Uprising"" developed by Capcom released?",2009-01-01,57,1
video_game,Capcom,Ring of Destruction: Slammasters II,"When was the video game ""Ring of Destruction: Slammasters II"" released?","When was the video game ""Ring of Destruction: Slammasters II"" developed by Capcom released?",1994-09-01,57,3
video_game,Capcom,Rockman Battle & Fighters,"When was the video game ""Rockman Battle & Fighters"" released?","When was the video game ""Rockman Battle & Fighters"" developed by Capcom released?",2000-07-26,57,4
video_game,Capcom,Rockman Complete Works,"When was the video game ""Rockman Complete Works"" released?","When was the video game ""Rockman Complete Works"" developed by Capcom released?",1999-08-04,57,4
video_game,Capcom,Rockman EXE 4.5 Real Operation,"When was the video game ""Rockman EXE 4.5 Real Operation"" released?","When was the video game ""Rockman EXE 4.5 Real Operation"" developed by Capcom released?",2004-08-06,57,5
video_game,Capcom,Rockman EXE Battle Chip Stadium,"When was the video game ""Rockman EXE Battle Chip Stadium"" released?","When was the video game ""Rockman EXE Battle Chip Stadium"" developed by Capcom released?",2005-01-01,57,3
video_game,Capcom,Rockman EXE Legend of Network,"When was the video game ""Rockman EXE Legend of Network"" released?","When was the video game ""Rockman EXE Legend of Network"" developed by Capcom released?",2006-01-01,57,2
video_game,Capcom,Rockman EXE Operate Shooting Star,"When was the video game ""Rockman EXE Operate Shooting Star"" released?","When was the video game ""Rockman EXE Operate Shooting Star"" developed by Capcom released?",2009-11-12,57,5
video_game,Capcom,Rockman EXE WS,"When was the video game ""Rockman EXE WS"" released?","When was the video game ""Rockman EXE WS"" developed by Capcom released?",2003-02-08,57,7
video_game,Capcom,Rockman & Forte Mirai kara no Chōsensha,"When was the video game ""Rockman & Forte Mirai kara no Chōsensha"" released?","When was the video game ""Rockman & Forte Mirai kara no Chōsensha"" developed by Capcom released?",1999-10-21,57,7
video_game,Capcom,Rosario + Vampire: Tanabata's Miss Yokai Academy,"When was the video game ""Rosario + Vampire: Tanabata's Miss Yokai Academy"" released?","When was the video game ""Rosario + Vampire: Tanabata's Miss Yokai Academy"" developed by Capcom released?",2008-03-20,57,1
video_game,Capcom,Saturday Night Slam Masters,"When was the video game ""Saturday Night Slam Masters"" released?","When was the video game ""Saturday Night Slam Masters"" developed by Capcom released?",1993-07-13,57,8
video_game,Capcom,Section Z,"When was the video game ""Section Z"" released?","When was the video game ""Section Z"" developed by Capcom released?",1985-12-09,57,9
video_game,Capcom,Sengoku Basara 2,"When was the video game ""Sengoku Basara 2"" released?","When was the video game ""Sengoku Basara 2"" developed by Capcom released?",2006-07-27,57,7
video_game,Capcom,Sengoku Basara 3 Utage,"When was the video game ""Sengoku Basara 3 Utage"" released?","When was the video game ""Sengoku Basara 3 Utage"" developed by Capcom released?",2011-11-10,57,1
video_game,Capcom,Sengoku Basara 4,"When was the video game ""Sengoku Basara 4"" released?","When was the video game ""Sengoku Basara 4"" developed by Capcom released?",2014-01-23,57,5
video_game,Capcom,Sengoku Basara: Battle Heroes,"When was the video game ""Sengoku Basara: Battle Heroes"" released?","When was the video game ""Sengoku Basara: Battle Heroes"" developed by Capcom released?",2009-04-04,57,0
video_game,Capcom,Sengoku Basara: Samurai Heroes,"When was the video game ""Sengoku Basara: Samurai Heroes"" released?","When was the video game ""Sengoku Basara: Samurai Heroes"" developed by Capcom released?",2010-07-29,57,8
video_game,Capcom,Side Arms Hyper Dyne,"When was the video game ""Side Arms Hyper Dyne"" released?","When was the video game ""Side Arms Hyper Dyne"" developed by Capcom released?",1986-12-31,57,5
video_game,Capcom,SonSon,"When was the video game ""SonSon"" released?","When was the video game ""SonSon"" developed by Capcom released?",1984-07-01,57,8
video_game,Capcom,Son Son II,"When was the video game ""Son Son II"" released?","When was the video game ""Son Son II"" developed by Capcom released?",1989-02-27,57,0
video_game,Capcom,Spawn: In the Demon's Hand,"When was the video game ""Spawn: In the Demon's Hand"" released?","When was the video game ""Spawn: In the Demon's Hand"" developed by Capcom released?",2000-08-10,57,5
video_game,Capcom,Star Gladiator,"When was the video game ""Star Gladiator"" released?","When was the video game ""Star Gladiator"" developed by Capcom released?",1996-10-25,57,6
video_game,Capcom,Steel Battalion,"When was the video game ""Steel Battalion"" released?","When was the video game ""Steel Battalion"" developed by Capcom released?",2002-09-12,57,4
video_game,Capcom,Steel Battalion: Line of Contact,"When was the video game ""Steel Battalion: Line of Contact"" released?","When was the video game ""Steel Battalion: Line of Contact"" developed by Capcom released?",2004-02-26,57,3
video_game,Capcom,Street Fighter Alpha 3 MAX,"When was the video game ""Street Fighter Alpha 3 MAX"" released?","When was the video game ""Street Fighter Alpha 3 MAX"" developed by Capcom released?",2006-01-19,57,0
video_game,Capcom,Street Fighter Alpha Anthology,"When was the video game ""Street Fighter Alpha Anthology"" released?","When was the video game ""Street Fighter Alpha Anthology"" developed by Capcom released?",2006-05-25,57,5
video_game,Capcom,Street Fighter II: Champion Edition,"When was the video game ""Street Fighter II: Champion Edition"" released?","When was the video game ""Street Fighter II: Champion Edition"" developed by Capcom released?",1992-01-01,57,9
video_game,Capcom,Street Fighter III: 2nd Impact,"When was the video game ""Street Fighter III: 2nd Impact"" released?","When was the video game ""Street Fighter III: 2nd Impact"" developed by Capcom released?",1997-09-01,57,6
video_game,Capcom,Street Fighter III: 3rd Strike,"When was the video game ""Street Fighter III: 3rd Strike"" released?","When was the video game ""Street Fighter III: 3rd Strike"" developed by Capcom released?",1999-05-12,57,8
video_game,Capcom,Street Fighter II: Movie,"When was the video game ""Street Fighter II: Movie"" released?","When was the video game ""Street Fighter II: Movie"" developed by Capcom released?",1995-12-15,57,2
video_game,Capcom,Street Fighter: The Movie,"When was the video game ""Street Fighter: The Movie"" released?","When was the video game ""Street Fighter: The Movie"" developed by Capcom released?",1995-08-11,57,9
video_game,Capcom,Street Fighter V: Champion Edition,"When was the video game ""Street Fighter V: Champion Edition"" released?","When was the video game ""Street Fighter V: Champion Edition"" developed by Capcom released?",2020-02-14,57,1
video_game,Capcom,Strider,"When was the video game ""Strider"" released?","When was the video game ""Strider"" developed by Capcom released?",1989-07-01,57,4
video_game,Capcom,Strider 2,"When was the video game ""Strider 2"" released?","When was the video game ""Strider 2"" developed by Capcom released?",1999-12-13,57,5
video_game,Capcom,Super Buster Bros.,"When was the video game ""Super Buster Bros."" released?","When was the video game ""Super Buster Bros."" developed by Capcom released?",1990-01-01,57,6
video_game,Capcom,Super Gem Fighter Mini Mix,"When was the video game ""Super Gem Fighter Mini Mix"" released?","When was the video game ""Super Gem Fighter Mini Mix"" developed by Capcom released?",1998-07-09,57,8
video_game,Capcom,Super Ghouls 'n Ghosts,"When was the video game ""Super Ghouls 'n Ghosts"" released?","When was the video game ""Super Ghouls 'n Ghosts"" developed by Capcom released?",1991-10-04,57,9
video_game,Capcom,Super Puzzle Fighter II Turbo,"When was the video game ""Super Puzzle Fighter II Turbo"" released?","When was the video game ""Super Puzzle Fighter II Turbo"" developed by Capcom released?",1996-05-31,57,9
video_game,Capcom,Talespin,"When was the video game ""Talespin"" released?","When was the video game ""Talespin"" developed by Capcom released?",1991-01-01,57,4
video_game,Capcom,Tech Romancer,"When was the video game ""Tech Romancer"" released?","When was the video game ""Tech Romancer"" developed by Capcom released?",1998-01-01,57,6
video_game,Capcom,Tenchi wo Kurau II,"When was the video game ""Tenchi wo Kurau II"" released?","When was the video game ""Tenchi wo Kurau II"" developed by Capcom released?",1991-04-05,57,5
video_game,Capcom,The Great Ace Attorney 2: Resolve,"When was the video game ""The Great Ace Attorney 2: Resolve"" released?","When was the video game ""The Great Ace Attorney 2: Resolve"" developed by Capcom released?",2017-08-03,57,8
video_game,Capcom,The Great Circus Mystery Starring Mickey & Minnie,"When was the video game ""The Great Circus Mystery Starring Mickey & Minnie"" released?","When was the video game ""The Great Circus Mystery Starring Mickey & Minnie"" developed by Capcom released?",1994-10-01,57,4
video_game,Capcom,The King of Dragons,"When was the video game ""The King of Dragons"" released?","When was the video game ""The King of Dragons"" developed by Capcom released?",1994-03-04,57,9
video_game,Capcom,The Legend of Zelda: Oracle of Seasons,"When was the video game ""The Legend of Zelda: Oracle of Seasons"" released?","When was the video game ""The Legend of Zelda: Oracle of Seasons"" developed by Capcom released?",2001-02-27,57,7
video_game,Capcom,The Magical Quest starring Mickey Mouse,"When was the video game ""The Magical Quest starring Mickey Mouse"" released?","When was the video game ""The Magical Quest starring Mickey Mouse"" developed by Capcom released?",1992-11-20,57,2
video_game,Capcom,The Misadventures of Tron Bonne,"When was the video game ""The Misadventures of Tron Bonne"" released?","When was the video game ""The Misadventures of Tron Bonne"" developed by Capcom released?",1999-07-22,57,9
video_game,Capcom,The Nightmare Before Christmas: Oogie's Revenge,"When was the video game ""The Nightmare Before Christmas: Oogie's Revenge"" released?","When was the video game ""The Nightmare Before Christmas: Oogie's Revenge"" developed by Capcom released?",2004-10-21,57,8
video_game,Capcom,Three Wonders,"When was the video game ""Three Wonders"" released?","When was the video game ""Three Wonders"" developed by Capcom released?",1991-05-01,57,7
video_game,Capcom,Tiger Road,"When was the video game ""Tiger Road"" released?","When was the video game ""Tiger Road"" developed by Capcom released?",1987-01-01,57,6
video_game,Capcom,Trojan,"When was the video game ""Trojan"" released?","When was the video game ""Trojan"" developed by Capcom released?",1986-04-01,57,8
video_game,Capcom,Ultra Street Fighter IV,"When was the video game ""Ultra Street Fighter IV"" released?","When was the video game ""Ultra Street Fighter IV"" developed by Capcom released?",2014-08-07,57,1
video_game,Capcom,Under the Skin,"When was the video game ""Under the Skin"" released?","When was the video game ""Under the Skin"" developed by Capcom released?",2004-08-05,57,4
video_game,Capcom,U.N. Squadron,"When was the video game ""U.N. Squadron"" released?","When was the video game ""U.N. Squadron"" developed by Capcom released?",1991-09-01,57,8
video_game,Capcom,Vampire: Darkstalkers Collection,"When was the video game ""Vampire: Darkstalkers Collection"" released?","When was the video game ""Vampire: Darkstalkers Collection"" developed by Capcom released?",2005-05-19,57,4
video_game,Capcom,Varth: Operation Thunderstorm,"When was the video game ""Varth: Operation Thunderstorm"" released?","When was the video game ""Varth: Operation Thunderstorm"" developed by Capcom released?",1992-06-01,57,6
video_game,Capcom,Vulgus,"When was the video game ""Vulgus"" released?","When was the video game ""Vulgus"" developed by Capcom released?",1984-09-10,57,8
video_game,Capcom,War of the Grail,"When was the video game ""War of the Grail"" released?","When was the video game ""War of the Grail"" developed by Capcom released?",2006-01-01,57,3
video_game,Capcom,Warriors of Fate,"When was the video game ""Warriors of Fate"" released?","When was the video game ""Warriors of Fate"" developed by Capcom released?",1996-03-22,57,9
video_game,Capcom,Willow,"When was the video game ""Willow"" released?","When was the video game ""Willow"" developed by Capcom released?",1989-01-01,57,4
video_game,Capcom,Wily & Right no RockBoard: That's Paradise,"When was the video game ""Wily & Right no RockBoard: That's Paradise"" released?","When was the video game ""Wily & Right no RockBoard: That's Paradise"" developed by Capcom released?",1993-01-15,57,6
video_game,Capcom,X-Men: Mutant Apocalypse,"When was the video game ""X-Men: Mutant Apocalypse"" released?","When was the video game ""X-Men: Mutant Apocalypse"" developed by Capcom released?",1995-01-03,57,8
video_game,Carnegie Mellon University,EteRNA,"When was the video game ""EteRNA"" released?","When was the video game ""EteRNA"" developed by Carnegie Mellon University released?",2010-01-01,55,5
video_game,Cartoon Network,Adventure Time: Battle Party,"When was the video game ""Adventure Time: Battle Party"" released?","When was the video game ""Adventure Time: Battle Party"" developed by Cartoon Network released?",2014-06-23,98,2
video_game,Cartoon Network,Cartoon Network: Superstar Soccer,"When was the video game ""Cartoon Network: Superstar Soccer"" released?","When was the video game ""Cartoon Network: Superstar Soccer"" developed by Cartoon Network released?",2014-04-21,98,1
video_game,Cartoon Network,FusionFall,"When was the video game ""FusionFall"" released?","When was the video game ""FusionFall"" developed by Cartoon Network released?",2009-01-14,98,5
video_game,Cartoon Network,Mixels Rush,"When was the video game ""Mixels Rush"" released?","When was the video game ""Mixels Rush"" developed by Cartoon Network released?",2015-05-21,98,0
video_game,Casio,Yōkai Yashiki,"When was the video game ""Yōkai Yashiki"" released?","When was the video game ""Yōkai Yashiki"" developed by Casio released?",1986-01-01,55,4
video_game,DC Comics,Army Men Advance,"When was the video game ""Army Men Advance"" released?","When was the video game ""Army Men Advance"" developed by DC Comics released?",2001-06-11,84,5
video_game,DC Comics,Bratz,"When was the video game ""Bratz"" released?","When was the video game ""Bratz"" developed by DC Comics released?",2002-12-17,84,2
video_game,Electronic Arts,Air Mail,"When was the video game ""Air Mail"" released?","When was the video game ""Air Mail"" developed by Electronic Arts released?",2012-05-24,70,1
video_game,Electronic Arts,Australian Rugby League,"When was the video game ""Australian Rugby League"" released?","When was the video game ""Australian Rugby League"" developed by Electronic Arts released?",1995-01-01,70,3
video_game,Electronic Arts,Axis Assassin,"When was the video game ""Axis Assassin"" released?","When was the video game ""Axis Assassin"" developed by Electronic Arts released?",1983-01-01,70,3
video_game,Electronic Arts,Bartender DS,"When was the video game ""Bartender DS"" released?","When was the video game ""Bartender DS"" developed by Electronic Arts released?",2007-09-27,70,0
video_game,Electronic Arts,Battle Stations,"When was the video game ""Battle Stations"" released?","When was the video game ""Battle Stations"" developed by Electronic Arts released?",1997-01-01,70,3
video_game,Electronic Arts,Bill Walsh College Football,"When was the video game ""Bill Walsh College Football"" released?","When was the video game ""Bill Walsh College Football"" developed by Electronic Arts released?",1993-01-01,70,4
video_game,Electronic Arts,Budokan: The Martial Spirit,"When was the video game ""Budokan: The Martial Spirit"" released?","When was the video game ""Budokan: The Martial Spirit"" developed by Electronic Arts released?",1991-01-01,70,9
video_game,Electronic Arts,Bulls vs. Blazers and the NBA Playoffs,"When was the video game ""Bulls vs. Blazers and the NBA Playoffs"" released?","When was the video game ""Bulls vs. Blazers and the NBA Playoffs"" developed by Electronic Arts released?",1992-01-01,70,4
video_game,Electronic Arts,Bulls vs Lakers and the NBA Playoffs,"When was the video game ""Bulls vs Lakers and the NBA Playoffs"" released?","When was the video game ""Bulls vs Lakers and the NBA Playoffs"" developed by Electronic Arts released?",1993-04-02,70,4
video_game,Electronic Arts,Championship Hockey,"When was the video game ""Championship Hockey"" released?","When was the video game ""Championship Hockey"" developed by Electronic Arts released?",1994-01-01,70,2
video_game,Electronic Arts,Coach K College Basketball,"When was the video game ""Coach K College Basketball"" released?","When was the video game ""Coach K College Basketball"" developed by Electronic Arts released?",1997-01-01,70,1
video_game,Electronic Arts,Command & Conquer: Red Alert Mobile,"When was the video game ""Command & Conquer: Red Alert Mobile"" released?","When was the video game ""Command & Conquer: Red Alert Mobile"" developed by Electronic Arts released?",2009-01-01,70,1
video_game,Electronic Arts,Create,"When was the video game ""Create"" released?","When was the video game ""Create"" developed by Electronic Arts released?",2010-11-16,70,4
video_game,Electronic Arts,CyberTiger,"When was the video game ""CyberTiger"" released?","When was the video game ""CyberTiger"" developed by Electronic Arts released?",1999-09-30,70,5
video_game,Electronic Arts,Deathlord,"When was the video game ""Deathlord"" released?","When was the video game ""Deathlord"" developed by Electronic Arts released?",1987-01-01,70,4
video_game,Electronic Arts,EA SPORTS FC EMPIRES,"When was the video game ""EA SPORTS FC EMPIRES"" released?","When was the video game ""EA SPORTS FC EMPIRES"" developed by Electronic Arts released?",2024-12-13,70,0
video_game,Electronic Arts,EA Sports FIFA Superstars,"When was the video game ""EA Sports FIFA Superstars"" released?","When was the video game ""EA Sports FIFA Superstars"" developed by Electronic Arts released?",2010-05-26,70,5
video_game,Electronic Arts,EA Sports NASCAR Racing,"When was the video game ""EA Sports NASCAR Racing"" released?","When was the video game ""EA Sports NASCAR Racing"" developed by Electronic Arts released?",2007-01-01,70,4
video_game,Electronic Arts,Elitserien 2001,"When was the video game ""Elitserien 2001"" released?","When was the video game ""Elitserien 2001"" developed by Electronic Arts released?",2001-04-01,70,1
video_game,Electronic Arts,Escape from Hell,"When was the video game ""Escape from Hell"" released?","When was the video game ""Escape from Hell"" developed by Electronic Arts released?",1990-01-01,70,1
video_game,Electronic Arts,FIFA Manager 07,"When was the video game ""FIFA Manager 07"" released?","When was the video game ""FIFA Manager 07"" developed by Electronic Arts released?",2006-11-03,70,7
video_game,Electronic Arts,FIFA Soccer 64,"When was the video game ""FIFA Soccer 64"" released?","When was the video game ""FIFA Soccer 64"" developed by Electronic Arts released?",1997-01-01,70,5
video_game,Electronic Arts,FIFA World,"When was the video game ""FIFA World"" released?","When was the video game ""FIFA World"" developed by Electronic Arts released?",2013-11-12,70,9
video_game,Electronic Arts,Fountain of Dreams,"When was the video game ""Fountain of Dreams"" released?","When was the video game ""Fountain of Dreams"" developed by Electronic Arts released?",1990-01-01,70,4
video_game,Electronic Arts,Hank Hazard,"When was the video game ""Hank Hazard"" released?","When was the video game ""Hank Hazard"" developed by Electronic Arts released?",2011-12-22,70,1
video_game,Electronic Arts,Hasbro Family Game Night,"When was the video game ""Hasbro Family Game Night"" released?","When was the video game ""Hasbro Family Game Night"" developed by Electronic Arts released?",2008-11-11,70,4
video_game,Electronic Arts,Haunting,"When was the video game ""Haunting"" released?","When was the video game ""Haunting"" developed by Electronic Arts released?",2006-11-07,70,5
video_game,Electronic Arts,Imperium,"When was the video game ""Imperium"" released?","When was the video game ""Imperium"" developed by Electronic Arts released?",1990-01-01,70,2
video_game,Electronic Arts,Jane's US Navy Fighters 97,"When was the video game ""Jane's US Navy Fighters 97"" released?","When was the video game ""Jane's US Navy Fighters 97"" developed by Electronic Arts released?",1996-09-30,70,3
video_game,Electronic Arts,J. League Live 64,"When was the video game ""J. League Live 64"" released?","When was the video game ""J. League Live 64"" developed by Electronic Arts released?",1997-03-28,70,5
video_game,Electronic Arts,Joe Montana Football,"When was the video game ""Joe Montana Football"" released?","When was the video game ""Joe Montana Football"" developed by Electronic Arts released?",1991-01-01,70,5
video_game,Electronic Arts,John Madden Football '92,"When was the video game ""John Madden Football '92"" released?","When was the video game ""John Madden Football '92"" developed by Electronic Arts released?",1991-01-01,70,4
video_game,Electronic Arts,Jordan vs. Bird: One on One,"When was the video game ""Jordan vs. Bird: One on One"" released?","When was the video game ""Jordan vs. Bird: One on One"" developed by Electronic Arts released?",1988-01-01,70,6
video_game,Electronic Arts,Jungle Strike,"When was the video game ""Jungle Strike"" released?","When was the video game ""Jungle Strike"" developed by Electronic Arts released?",1993-01-01,70,8
video_game,Electronic Arts,Kings of the Beach,"When was the video game ""Kings of the Beach"" released?","When was the video game ""Kings of the Beach"" developed by Electronic Arts released?",1990-01-01,70,4
video_game,Electronic Arts,Lakers versus Celtics and the NBA Playoffs,"When was the video game ""Lakers versus Celtics and the NBA Playoffs"" released?","When was the video game ""Lakers versus Celtics and the NBA Playoffs"" developed by Electronic Arts released?",1989-01-01,70,6
video_game,Electronic Arts,Lion,"When was the video game ""Lion"" released?","When was the video game ""Lion"" developed by Electronic Arts released?",1995-01-01,70,2
video_game,Electronic Arts,Madden NFL 16,"When was the video game ""Madden NFL 16"" released?","When was the video game ""Madden NFL 16"" developed by Electronic Arts released?",2015-08-25,70,8
video_game,Electronic Arts,Madden NFL '95,"When was the video game ""Madden NFL '95"" released?","When was the video game ""Madden NFL '95"" developed by Electronic Arts released?",1994-11-18,70,4
video_game,Electronic Arts,Matt Hayes Fishing,"When was the video game ""Matt Hayes Fishing"" released?","When was the video game ""Matt Hayes Fishing"" developed by Electronic Arts released?",2002-01-01,70,2
video_game,Electronic Arts,Michael Jordan: Chaos in the Windy City,"When was the video game ""Michael Jordan: Chaos in the Windy City"" released?","When was the video game ""Michael Jordan: Chaos in the Windy City"" developed by Electronic Arts released?",1994-11-21,70,3
video_game,Electronic Arts,Michael Jordan in Flight,"When was the video game ""Michael Jordan in Flight"" released?","When was the video game ""Michael Jordan in Flight"" developed by Electronic Arts released?",1993-01-01,70,2
video_game,Electronic Arts,Murder on the Zinderneuf,"When was the video game ""Murder on the Zinderneuf"" released?","When was the video game ""Murder on the Zinderneuf"" developed by Electronic Arts released?",1983-01-01,70,6
video_game,Electronic Arts,Mutant League Football,"When was the video game ""Mutant League Football"" released?","When was the video game ""Mutant League Football"" developed by Electronic Arts released?",1993-09-10,70,3
video_game,Electronic Arts,Mutant League Hockey,"When was the video game ""Mutant League Hockey"" released?","When was the video game ""Mutant League Hockey"" developed by Electronic Arts released?",1994-01-01,70,3
video_game,Electronic Arts,NASCAR 06: Total Team Control,"When was the video game ""NASCAR 06: Total Team Control"" released?","When was the video game ""NASCAR 06: Total Team Control"" developed by Electronic Arts released?",2005-08-30,70,6
video_game,Electronic Arts,NASCAR 07,"When was the video game ""NASCAR 07"" released?","When was the video game ""NASCAR 07"" developed by Electronic Arts released?",2006-09-06,70,4
video_game,Electronic Arts,NASCAR 2005: Chase for the Cup,"When was the video game ""NASCAR 2005: Chase for the Cup"" released?","When was the video game ""NASCAR 2005: Chase for the Cup"" developed by Electronic Arts released?",2004-08-31,70,4
video_game,Electronic Arts,NASCAR Kart Racing,"When was the video game ""NASCAR Kart Racing"" released?","When was the video game ""NASCAR Kart Racing"" developed by Electronic Arts released?",2009-02-10,70,6
video_game,Electronic Arts,NASCAR Rumble,"When was the video game ""NASCAR Rumble"" released?","When was the video game ""NASCAR Rumble"" developed by Electronic Arts released?",2000-01-31,70,7
video_game,Electronic Arts,NBA Live 95,"When was the video game ""NBA Live 95"" released?","When was the video game ""NBA Live 95"" developed by Electronic Arts released?",1994-01-01,70,8
video_game,Electronic Arts,NBA Showdown,"When was the video game ""NBA Showdown"" released?","When was the video game ""NBA Showdown"" developed by Electronic Arts released?",1994-06-21,70,4
video_game,Electronic Arts,NFL Head Coach,"When was the video game ""NFL Head Coach"" released?","When was the video game ""NFL Head Coach"" developed by Electronic Arts released?",2006-06-20,70,4
video_game,Electronic Arts,NFL Head Coach 09,"When was the video game ""NFL Head Coach 09"" released?","When was the video game ""NFL Head Coach 09"" developed by Electronic Arts released?",2008-08-12,70,3
video_game,Electronic Arts,Normy's Beach Babe-O-Rama,"When was the video game ""Normy's Beach Babe-O-Rama"" released?","When was the video game ""Normy's Beach Babe-O-Rama"" developed by Electronic Arts released?",1994-01-01,70,2
video_game,Electronic Arts,Nuclear Strike,"When was the video game ""Nuclear Strike"" released?","When was the video game ""Nuclear Strike"" developed by Electronic Arts released?",1997-08-31,70,7
video_game,Electronic Arts,One on One,"When was the video game ""One on One"" released?","When was the video game ""One on One"" developed by Electronic Arts released?",1983-01-01,70,8
video_game,Electronic Arts,Poppit! To Go,"When was the video game ""Poppit! To Go"" released?","When was the video game ""Poppit! To Go"" developed by Electronic Arts released?",2005-09-07,70,0
video_game,Electronic Arts,Real Racing,"When was the video game ""Real Racing"" released?","When was the video game ""Real Racing"" developed by Electronic Arts released?",2009-06-08,70,6
video_game,Electronic Arts,ReBoot,"When was the video game ""ReBoot"" released?","When was the video game ""ReBoot"" developed by Electronic Arts released?",1998-01-09,70,5
video_game,Electronic Arts,Road Rash,"When was the video game ""Road Rash"" released?","When was the video game ""Road Rash"" developed by Electronic Arts released?",1994-01-01,70,3
video_game,Electronic Arts,Road Rash 3D,"When was the video game ""Road Rash 3D"" released?","When was the video game ""Road Rash 3D"" developed by Electronic Arts released?",1998-07-01,70,7
video_game,Electronic Arts,Road Rash: Jailbreak,"When was the video game ""Road Rash: Jailbreak"" released?","When was the video game ""Road Rash: Jailbreak"" developed by Electronic Arts released?",2000-02-04,70,7
video_game,Electronic Arts,Rumble Racing,"When was the video game ""Rumble Racing"" released?","When was the video game ""Rumble Racing"" developed by Electronic Arts released?",2001-04-23,70,3
video_game,Electronic Arts,SEAL Team,"When was the video game ""SEAL Team"" released?","When was the video game ""SEAL Team"" developed by Electronic Arts released?",1993-06-01,70,3
video_game,Electronic Arts,Sentinel Worlds I: Future Magic,"When was the video game ""Sentinel Worlds I: Future Magic"" released?","When was the video game ""Sentinel Worlds I: Future Magic"" developed by Electronic Arts released?",1989-01-01,70,5
video_game,Electronic Arts,Sesame Street: Counting Cafe,"When was the video game ""Sesame Street: Counting Cafe"" released?","When was the video game ""Sesame Street: Counting Cafe"" developed by Electronic Arts released?",1994-01-01,70,2
video_game,Electronic Arts,Shock Wave,"When was the video game ""Shock Wave"" released?","When was the video game ""Shock Wave"" developed by Electronic Arts released?",1994-01-01,70,1
video_game,Electronic Arts,Shox,"When was the video game ""Shox"" released?","When was the video game ""Shox"" developed by Electronic Arts released?",2002-11-12,70,4
video_game,Electronic Arts,Skate or Die!,"When was the video game ""Skate or Die!"" released?","When was the video game ""Skate or Die!"" developed by Electronic Arts released?",1987-01-01,70,8
video_game,Electronic Arts,Skate or Die 2: The Search for Double Trouble,"When was the video game ""Skate or Die 2: The Search for Double Trouble"" released?","When was the video game ""Skate or Die 2: The Search for Double Trouble"" developed by Electronic Arts released?",1990-09-01,70,3
video_game,Electronic Arts,Skate or Die: Tour de Thrash,"When was the video game ""Skate or Die: Tour de Thrash"" released?","When was the video game ""Skate or Die: Tour de Thrash"" developed by Electronic Arts released?",1991-06-01,70,2
video_game,Electronic Arts,Ski or Die,"When was the video game ""Ski or Die"" released?","When was the video game ""Ski or Die"" developed by Electronic Arts released?",1990-12-31,70,9
video_game,Electronic Arts,Skitchin',"When was the video game ""Skitchin'"" released?","When was the video game ""Skitchin'"" developed by Electronic Arts released?",1994-01-01,70,5
video_game,Electronic Arts,Skydive!,"When was the video game ""Skydive!"" released?","When was the video game ""Skydive!"" developed by Electronic Arts released?",1999-06-30,70,2
video_game,Electronic Arts,Space Hulk,"When was the video game ""Space Hulk"" released?","When was the video game ""Space Hulk"" developed by Electronic Arts released?",1993-06-01,70,7
video_game,Electronic Arts,Spare Parts,"When was the video game ""Spare Parts"" released?","When was the video game ""Spare Parts"" developed by Electronic Arts released?",2011-01-18,70,2
video_game,Electronic Arts,SSX: Out of Bounds,"When was the video game ""SSX: Out of Bounds"" released?","When was the video game ""SSX: Out of Bounds"" developed by Electronic Arts released?",2005-01-21,70,4
video_game,Electronic Arts,Starflight 2: Trade Routes of the Cloud Nebula,"When was the video game ""Starflight 2: Trade Routes of the Cloud Nebula"" released?","When was the video game ""Starflight 2: Trade Routes of the Cloud Nebula"" developed by Electronic Arts released?",1989-01-01,70,3
video_game,Electronic Arts,Stars,"When was the video game ""Stars"" released?","When was the video game ""Stars"" developed by Electronic Arts released?",2000-08-24,70,1
video_game,Electronic Arts,Stormovik: SU-25 Soviet Attack Fighter,"When was the video game ""Stormovik: SU-25 Soviet Attack Fighter"" released?","When was the video game ""Stormovik: SU-25 Soviet Attack Fighter"" developed by Electronic Arts released?",1990-01-01,70,4
video_game,Electronic Arts,Supercross 2000,"When was the video game ""Supercross 2000"" released?","When was the video game ""Supercross 2000"" developed by Electronic Arts released?",1999-10-31,70,4
video_game,Electronic Arts,Team USA Basketball,"When was the video game ""Team USA Basketball"" released?","When was the video game ""Team USA Basketball"" developed by Electronic Arts released?",1992-01-01,70,5
video_game,Electronic Arts,The F.A. Premier League Football Manager 2002,"When was the video game ""The F.A. Premier League Football Manager 2002"" released?","When was the video game ""The F.A. Premier League Football Manager 2002"" developed by Electronic Arts released?",2002-01-17,70,5
video_game,Electronic Arts,The F.A. Premier League Football Manager 99,"When was the video game ""The F.A. Premier League Football Manager 99"" released?","When was the video game ""The F.A. Premier League Football Manager 99"" developed by Electronic Arts released?",1998-01-01,70,4
video_game,Electronic Arts,The F.A. Premier League Stars,"When was the video game ""The F.A. Premier League Stars"" released?","When was the video game ""The F.A. Premier League Stars"" developed by Electronic Arts released?",2000-06-30,70,6
video_game,Electronic Arts,The F.A. Premier League Stars 2001,"When was the video game ""The F.A. Premier League Stars 2001"" released?","When was the video game ""The F.A. Premier League Stars 2001"" developed by Electronic Arts released?",2000-01-01,70,1
video_game,Electronic Arts,The Lord of the Rings: Tactics,"When was the video game ""The Lord of the Rings: Tactics"" released?","When was the video game ""The Lord of the Rings: Tactics"" developed by Electronic Arts released?",2005-11-08,70,8
video_game,Electronic Arts,Tiger Woods PGA Tour 2000,"When was the video game ""Tiger Woods PGA Tour 2000"" released?","When was the video game ""Tiger Woods PGA Tour 2000"" developed by Electronic Arts released?",2000-01-30,70,2
video_game,Electronic Arts,Total Club Manager 2003,"When was the video game ""Total Club Manager 2003"" released?","When was the video game ""Total Club Manager 2003"" developed by Electronic Arts released?",2002-11-27,70,7
video_game,Electronic Arts,Total Club Manager 2004,"When was the video game ""Total Club Manager 2004"" released?","When was the video game ""Total Club Manager 2004"" developed by Electronic Arts released?",2003-11-21,70,6
video_game,Electronic Arts,Toughman Contest,"When was the video game ""Toughman Contest"" released?","When was the video game ""Toughman Contest"" developed by Electronic Arts released?",1995-01-01,70,2
video_game,Electronic Arts,TwinGo!,"When was the video game ""TwinGo!"" released?","When was the video game ""TwinGo!"" developed by Electronic Arts released?",2012-03-08,70,1
video_game,Electronic Arts,Ultima Online: Kingdom Reborn,"When was the video game ""Ultima Online: Kingdom Reborn"" released?","When was the video game ""Ultima Online: Kingdom Reborn"" developed by Electronic Arts released?",2007-08-27,70,4
video_game,Electronic Arts,WCW Backstage Assault,"When was the video game ""WCW Backstage Assault"" released?","When was the video game ""WCW Backstage Assault"" developed by Electronic Arts released?",2000-12-01,70,7
video_game,Electronic Arts,WCW Mayhem,"When was the video game ""WCW Mayhem"" released?","When was the video game ""WCW Mayhem"" developed by Electronic Arts released?",1999-08-31,70,8
video_game,Electronic Arts,Wolf,"When was the video game ""Wolf"" released?","When was the video game ""Wolf"" developed by Electronic Arts released?",1994-09-01,70,4
video_game,Electronic Arts,Zubo,"When was the video game ""Zubo"" released?","When was the video game ""Zubo"" developed by Electronic Arts released?",2008-10-03,70,3
video_game,Epic Games,7th Legion,"When was the video game ""7th Legion"" released?","When was the video game ""7th Legion"" developed by Epic Games released?",1997-09-30,53,6
video_game,Epic Games,Battle Breakers,"When was the video game ""Battle Breakers"" released?","When was the video game ""Battle Breakers"" developed by Epic Games released?",2019-11-13,53,1
video_game,Epic Games,Black Fire,"When was the video game ""Black Fire"" released?","When was the video game ""Black Fire"" developed by Epic Games released?",2015-02-13,53,0
video_game,Epic Games,Bravery,"When was the video game ""Bravery"" released?","When was the video game ""Bravery"" developed by Epic Games released?",2022-07-31,53,0
video_game,Epic Games,Brix,"When was the video game ""Brix"" released?","When was the video game ""Brix"" developed by Epic Games released?",1991-10-01,53,3
video_game,Epic Games,Crescite,"When was the video game ""Crescite"" released?","When was the video game ""Crescite"" developed by Epic Games released?",2023-08-30,53,0
video_game,Epic Games,Dare to Dream: A Study in the Imagination of a Ten-Year-Old Boy,"When was the video game ""Dare to Dream: A Study in the Imagination of a Ten-Year-Old Boy"" released?","When was the video game ""Dare to Dream: A Study in the Imagination of a Ten-Year-Old Boy"" developed by Epic Games released?",1993-01-01,53,3
video_game,Epic Games,Duty Calls: The Calm Before the Storm,"When was the video game ""Duty Calls: The Calm Before the Storm"" released?","When was the video game ""Duty Calls: The Calm Before the Storm"" developed by Epic Games released?",2011-02-02,53,2
video_game,Epic Games,Extreme Pinball,"When was the video game ""Extreme Pinball"" released?","When was the video game ""Extreme Pinball"" developed by Epic Games released?",1996-03-28,53,6
video_game,Epic Games,Fortnite Creative,"When was the video game ""Fortnite Creative"" released?","When was the video game ""Fortnite Creative"" developed by Epic Games released?",2018-12-13,53,9
video_game,Epic Games,Hour of Victory,"When was the video game ""Hour of Victory"" released?","When was the video game ""Hour of Victory"" developed by Epic Games released?",2007-06-25,53,5
video_game,Epic Games,Jill of the Jungle,"When was the video game ""Jill of the Jungle"" released?","When was the video game ""Jill of the Jungle"" developed by Epic Games released?",1992-01-01,53,1
video_game,Epic Games,Jill of the Jungle: Jill Goes Underground,"When was the video game ""Jill of the Jungle: Jill Goes Underground"" released?","When was the video game ""Jill of the Jungle: Jill Goes Underground"" developed by Epic Games released?",1992-01-01,53,1
video_game,Epic Games,Jill of the Jungle: Jill Saves the Prince,"When was the video game ""Jill of the Jungle: Jill Saves the Prince"" released?","When was the video game ""Jill of the Jungle: Jill Saves the Prince"" developed by Epic Games released?",1992-01-01,53,1
video_game,Epic Games,Kiloblaster,"When was the video game ""Kiloblaster"" released?","When was the video game ""Kiloblaster"" developed by Epic Games released?",1992-01-01,53,5
video_game,Epic Games,Lego Fortnite,"When was the video game ""Lego Fortnite"" released?","When was the video game ""Lego Fortnite"" developed by Epic Games released?",2023-12-07,53,6
video_game,Epic Games,Matrix World,"When was the video game ""Matrix World"" released?","When was the video game ""Matrix World"" developed by Epic Games released?",2023-11-02,53,0
video_game,Epic Games,Radix: Beyond the Void,"When was the video game ""Radix: Beyond the Void"" released?","When was the video game ""Radix: Beyond the Void"" developed by Epic Games released?",1995-01-01,53,2
video_game,Epic Games,Robo Recall,"When was the video game ""Robo Recall"" released?","When was the video game ""Robo Recall"" developed by Epic Games released?",2017-03-01,53,5
video_game,Epic Games,Super ZZT,"When was the video game ""Super ZZT"" released?","When was the video game ""Super ZZT"" developed by Epic Games released?",1992-01-01,53,3
video_game,Epic Games,Totally Unreal,"When was the video game ""Totally Unreal"" released?","When was the video game ""Totally Unreal"" developed by Epic Games released?",2001-08-30,53,2
video_game,Epic Games,Unreal Championship,"When was the video game ""Unreal Championship"" released?","When was the video game ""Unreal Championship"" developed by Epic Games released?",2002-11-12,53,8
video_game,Epic Games,Unreal Championship 2: The Liandri Conflict,"When was the video game ""Unreal Championship 2: The Liandri Conflict"" released?","When was the video game ""Unreal Championship 2: The Liandri Conflict"" developed by Epic Games released?",2005-04-18,53,6
video_game,Epic Games,Valley of the Ancient,"When was the video game ""Valley of the Ancient"" released?","When was the video game ""Valley of the Ancient"" developed by Epic Games released?",2021-05-26,53,0
video_game,Epic Games,Warna,"When was the video game ""Warna"" released?","When was the video game ""Warna"" developed by Epic Games released?",2022-09-01,53,0
video_game,Epic Games,Xargon,"When was the video game ""Xargon"" released?","When was the video game ""Xargon"" developed by Epic Games released?",1994-01-15,53,6
video_game,Epic Games,Xargon: The Mystery of the Blue Builders - Beyond Reality,"When was the video game ""Xargon: The Mystery of the Blue Builders - Beyond Reality"" released?","When was the video game ""Xargon: The Mystery of the Blue Builders - Beyond Reality"" developed by Epic Games released?",1994-01-01,53,1
video_game,FIDE,Chess: FIDE Online Arena,"When was the video game ""Chess: FIDE Online Arena"" released?","When was the video game ""Chess: FIDE Online Arena"" developed by FIDE released?",2014-04-04,78,4
video_game,Fujitsu,Eberouge,"When was the video game ""Eberouge"" released?","When was the video game ""Eberouge"" developed by Fujitsu released?",1997-05-30,52,3
video_game,Fujitsu,Fin Fin on Teo the Magic Planet,"When was the video game ""Fin Fin on Teo the Magic Planet"" released?","When was the video game ""Fin Fin on Teo the Magic Planet"" developed by Fujitsu released?",1996-01-01,52,3
video_game,Fujitsu,Twins Story,"When was the video game ""Twins Story"" released?","When was the video game ""Twins Story"" developed by Fujitsu released?",1998-09-25,52,1
video_game,Gabe Newell,Doom 95,"When was the video game ""Doom 95"" released?","When was the video game ""Doom 95"" developed by Gabe Newell released?",1996-08-20,61,0
video_game,Google,Tilt Brush,"When was the video game ""Tilt Brush"" released?","When was the video game ""Tilt Brush"" developed by Google released?",2016-04-05,209,4
video_game,IBM,Freddy's Rescue Roundup,"When was the video game ""Freddy's Rescue Roundup"" released?","When was the video game ""Freddy's Rescue Roundup"" developed by IBM released?",1984-01-01,113,2
video_game,IBM,IBM CityOne,"When was the video game ""IBM CityOne"" released?","When was the video game ""IBM CityOne"" developed by IBM released?",2010-10-04,113,2
video_game,IBM,Zyll,"When was the video game ""Zyll"" released?","When was the video game ""Zyll"" developed by IBM released?",1984-01-01,113,2
video_game,Intel,IT Manager: Duels,"When was the video game ""IT Manager: Duels"" released?","When was the video game ""IT Manager: Duels"" developed by Intel released?",2012-01-01,100,1
video_game,KLM,KLM Jets,"When was the video game ""KLM Jets"" released?","When was the video game ""KLM Jets"" developed by KLM released?",2015-01-01,76,0
video_game,Konami,7 Blades,"When was the video game ""7 Blades"" released?","When was the video game ""7 Blades"" developed by Konami released?",2000-12-21,57,7
video_game,Konami,Adrenalin Misfits,"When was the video game ""Adrenalin Misfits"" released?","When was the video game ""Adrenalin Misfits"" developed by Konami released?",2010-11-04,57,2
video_game,Konami,Adventure of Tokyo Disney Sea,"When was the video game ""Adventure of Tokyo Disney Sea"" released?","When was the video game ""Adventure of Tokyo Disney Sea"" developed by Konami released?",2001-11-22,57,0
video_game,Konami,Airforce Delta,"When was the video game ""Airforce Delta"" released?","When was the video game ""Airforce Delta"" developed by Konami released?",1999-07-29,57,7
video_game,Konami,Ai Senshi Nicol,"When was the video game ""Ai Senshi Nicol"" released?","When was the video game ""Ai Senshi Nicol"" developed by Konami released?",1987-04-24,57,6
video_game,Konami,A-Jax,"When was the video game ""A-Jax"" released?","When was the video game ""A-Jax"" developed by Konami released?",1987-01-01,57,4
video_game,Konami,Ant Nation,"When was the video game ""Ant Nation"" released?","When was the video game ""Ant Nation"" developed by Konami released?",2009-07-13,57,4
video_game,Konami,Arumana no Kiseki,"When was the video game ""Arumana no Kiseki"" released?","When was the video game ""Arumana no Kiseki"" developed by Konami released?",1987-08-11,57,5
video_game,Konami,Astro Invader,"When was the video game ""Astro Invader"" released?","When was the video game ""Astro Invader"" developed by Konami released?",1980-01-01,57,6
video_game,Konami,Atsumare! Power Pro Kun no DS Koushien,"When was the video game ""Atsumare! Power Pro Kun no DS Koushien"" released?","When was the video game ""Atsumare! Power Pro Kun no DS Koushien"" developed by Konami released?",2006-08-01,57,3
video_game,Konami,Azure Dreams,"When was the video game ""Azure Dreams"" released?","When was the video game ""Azure Dreams"" developed by Konami released?",1997-11-13,57,7
video_game,Konami,Badlands,"When was the video game ""Badlands"" released?","When was the video game ""Badlands"" developed by Konami released?",1984-01-01,57,4
video_game,Konami,Base Wars,"When was the video game ""Base Wars"" released?","When was the video game ""Base Wars"" developed by Konami released?",1991-06-01,57,6
video_game,Konami,Batman: The Animated Series,"When was the video game ""Batman: The Animated Series"" released?","When was the video game ""Batman: The Animated Series"" developed by Konami released?",1993-11-01,57,7
video_game,Konami,Battlantis,"When was the video game ""Battlantis"" released?","When was the video game ""Battlantis"" developed by Konami released?",1987-01-01,57,3
video_game,Konami,Battle Tryst,"When was the video game ""Battle Tryst"" released?","When was the video game ""Battle Tryst"" developed by Konami released?",1998-02-01,57,3
video_game,Konami,BEAT ARENA,"When was the video game ""BEAT ARENA"" released?","When was the video game ""BEAT ARENA"" developed by Konami released?",2021-09-09,57,0
video_game,Konami,Beatmania,"When was the video game ""Beatmania"" released?","When was the video game ""Beatmania"" developed by Konami released?",2000-01-01,57,1
video_game,Konami,Beatmania IIDX,"When was the video game ""Beatmania IIDX"" released?","When was the video game ""Beatmania IIDX"" developed by Konami released?",1999-02-26,57,5
video_game,Konami,Beatmania IIDX 10th Style,"When was the video game ""Beatmania IIDX 10th Style"" released?","When was the video game ""Beatmania IIDX 10th Style"" developed by Konami released?",2004-02-16,57,5
video_game,Konami,Beatmania IIDX 11 IIDXRED,"When was the video game ""Beatmania IIDX 11 IIDXRED"" released?","When was the video game ""Beatmania IIDX 11 IIDXRED"" developed by Konami released?",2006-05-18,57,2
video_game,Konami,Beatmania IIDX 12: Happy Sky,"When was the video game ""Beatmania IIDX 12: Happy Sky"" released?","When was the video game ""Beatmania IIDX 12: Happy Sky"" developed by Konami released?",2005-07-13,57,2
video_game,Konami,Beatmania IIDX 13: Distorted,"When was the video game ""Beatmania IIDX 13: Distorted"" released?","When was the video game ""Beatmania IIDX 13: Distorted"" developed by Konami released?",2006-03-15,57,2
video_game,Konami,Beatmania IIDX 14: Gold,"When was the video game ""Beatmania IIDX 14: Gold"" released?","When was the video game ""Beatmania IIDX 14: Gold"" developed by Konami released?",2007-02-21,57,2
video_game,Konami,Beatmania IIDX 15: DJ Troopers,"When was the video game ""Beatmania IIDX 15: DJ Troopers"" released?","When was the video game ""Beatmania IIDX 15: DJ Troopers"" developed by Konami released?",2007-12-19,57,4
video_game,Konami,Beatmania IIDX 16: Empress,"When was the video game ""Beatmania IIDX 16: Empress"" released?","When was the video game ""Beatmania IIDX 16: Empress"" developed by Konami released?",2008-11-19,57,2
video_game,Konami,Beatmania IIDX 17: Sirius,"When was the video game ""Beatmania IIDX 17: Sirius"" released?","When was the video game ""Beatmania IIDX 17: Sirius"" developed by Konami released?",2009-10-21,57,2
video_game,Konami,Beatmania IIDX 19: Lincle,"When was the video game ""Beatmania IIDX 19: Lincle"" released?","When was the video game ""Beatmania IIDX 19: Lincle"" developed by Konami released?",2011-09-15,57,2
video_game,Konami,Beatmania IIDX 20: Tricoro,"When was the video game ""Beatmania IIDX 20: Tricoro"" released?","When was the video game ""Beatmania IIDX 20: Tricoro"" developed by Konami released?",2012-09-19,57,5
video_game,Konami,Beatmania IIDX 21: Spada,"When was the video game ""Beatmania IIDX 21: Spada"" released?","When was the video game ""Beatmania IIDX 21: Spada"" developed by Konami released?",2013-11-13,57,3
video_game,Konami,Beatmania IIDX 22: Pendual,"When was the video game ""Beatmania IIDX 22: Pendual"" released?","When was the video game ""Beatmania IIDX 22: Pendual"" developed by Konami released?",2014-09-17,57,3
video_game,Konami,Beatmania IIDX 2nd Style,"When was the video game ""Beatmania IIDX 2nd Style"" released?","When was the video game ""Beatmania IIDX 2nd Style"" developed by Konami released?",1999-09-30,57,4
tv_series,Andrzej Wajda,Broken Silence,"When was the TV series ""Broken Silence"" first aired?","When was Andrzej Wajda's TV series ""Broken Silence"" first aired?",2002-01-01,78,1
tv_series,Bryan Singer,Mockingbird Lane,"When was the TV series ""Mockingbird Lane"" first aired?","When was Bryan Singer's TV series ""Mockingbird Lane"" first aired?",2012-01-01,52,6
tv_series,David Schwimmer,Little Britain USA,"When was the TV series ""Little Britain USA"" first aired?","When was David Schwimmer's TV series ""Little Britain USA"" first aired?",2008-01-01,69,6
tv_series,John Hurt,The Alan Clark Diaries,"When was the TV series ""The Alan Clark Diaries"" first aired?","When was John Hurt's TV series ""The Alan Clark Diaries"" first aired?",2004-01-15,65,2
tv_series,Joseph Barbera,Samson & Goliath,"When was the TV series ""Samson & Goliath"" first aired?","When was Joseph Barbera's TV series ""Samson & Goliath"" first aired?",1967-09-09,54,5
tv_series,Michael Moore,TV Nation,"When was the TV series ""TV Nation"" first aired?","When was Michael Moore's TV series ""TV Nation"" first aired?",1994-07-19,76,1
tv_series,Milo Ventimiglia,Suite 7,"When was the TV series ""Suite 7"" first aired?","When was Milo Ventimiglia's TV series ""Suite 7"" first aired?",2010-12-13,53,1
tv_series,Orson Welles,Around the World with Orson Welles,"When was the TV series ""Around the World with Orson Welles"" first aired?","When was Orson Welles's TV series ""Around the World with Orson Welles"" first aired?",1955-01-01,112,4
tv_series,Rainer Werner Fassbinder,Eight Hours Don't Make a Day,"When was the TV series ""Eight Hours Don't Make a Day"" first aired?","When was Rainer Werner Fassbinder's TV series ""Eight Hours Don't Make a Day"" first aired?",1972-01-01,62,6
tv_series,Roger Vadim,La Nouvelle tribu,"When was the TV series ""La Nouvelle tribu"" first aired?","When was Roger Vadim's TV series ""La Nouvelle tribu"" first aired?",1996-01-01,56,3
tv_series,Steven Soderbergh,Mosaic,"When was the TV series ""Mosaic"" first aired?","When was Steven Soderbergh's TV series ""Mosaic"" first aired?",2017-11-08,77,4
tv_series,Steven Spielberg,The Psychiatrist,"When was the TV series ""The Psychiatrist"" first aired?","When was Steven Spielberg's TV series ""The Psychiatrist"" first aired?",1970-12-14,169,2
tv_series,Theo van Gogh,Najib en Julia,"When was the TV series ""Najib en Julia"" first aired?","When was Theo van Gogh's TV series ""Najib en Julia"" first aired?",2001-01-01,54,2
tv_series,Tom Hanks,The Seventies,"When was the TV series ""The Seventies"" first aired?","When was Tom Hanks's TV series ""The Seventies"" first aired?",2015-01-01,133,4
tv_series,Trey Parker,Time Warped,"When was the TV series ""Time Warped"" first aired?","When was Trey Parker's TV series ""Time Warped"" first aired?",1995-01-01,53,3
tv_series,Tyler Perry,Bruh,"When was the TV series ""Bruh"" first aired?","When was Tyler Perry's TV series ""Bruh"" first aired?",2020-01-01,53,1
tv_series,Tyler Perry,Tyler Perry's Assisted Living,"When was the TV series ""Tyler Perry's Assisted Living"" first aired?","When was Tyler Perry's TV series ""Tyler Perry's Assisted Living"" first aired?",2020-09-02,53,1
short_film,Abbas Kiarostami,Jahan Nama Palace,"When was the short film ""Jahan Nama Palace"" released?","When was Abbas Kiarostami's short film ""Jahan Nama Palace"" released?",1977-01-01,70,1
short_film,Abbas Kiarostami,No,"When was the short film ""No"" released?","When was Abbas Kiarostami's short film ""No"" released?",2010-01-01,70,1
short_film,Abbas Kiarostami,Rang-ha,"When was the short film ""Rang-ha"" released?","When was Abbas Kiarostami's short film ""Rang-ha"" released?",1976-01-01,70,5
short_film,Agnès Varda,Elsa la rose,"When was the short film ""Elsa la rose"" released?","When was Agnès Varda's short film ""Elsa la rose"" released?",1966-01-01,63,3
short_film,Agnès Varda,Ô saisons ô chateaux,"When was the short film ""Ô saisons ô chateaux"" released?","When was Agnès Varda's short film ""Ô saisons ô chateaux"" released?",1958-01-01,63,3
short_film,Agnès Varda,The Pleasure of Love in Iran,"When was the short film ""The Pleasure of Love in Iran"" released?","When was Agnès Varda's short film ""The Pleasure of Love in Iran"" released?",1976-01-01,63,1
short_film,Agnès Varda,Ulysse,"When was the short film ""Ulysse"" released?","When was Agnès Varda's short film ""Ulysse"" released?",1982-01-01,63,2
short_film,Agnès Varda,Uncle Janco,"When was the short film ""Uncle Janco"" released?","When was Agnès Varda's short film ""Uncle Janco"" released?",1967-01-01,63,1
short_film,Aki Kaurismäki,Dogs Have No Hell,"When was the short film ""Dogs Have No Hell"" released?","When was Aki Kaurismäki's short film ""Dogs Have No Hell"" released?",2002-01-01,59,1
short_film,Aki Kaurismäki,Rocky VI,"When was the short film ""Rocky VI"" released?","When was Aki Kaurismäki's short film ""Rocky VI"" released?",1986-01-01,59,4
short_film,Alain Resnais,Gauguin,"When was the short film ""Gauguin"" released?","When was Alain Resnais's short film ""Gauguin"" released?",1950-01-01,64,3
short_film,Alain Resnais,Journée naturelle,"When was the short film ""Journée naturelle"" released?","When was Alain Resnais's short film ""Journée naturelle"" released?",1947-01-01,64,2
short_film,Alain Resnais,Statues Also Die,"When was the short film ""Statues Also Die"" released?","When was Alain Resnais's short film ""Statues Also Die"" released?",1953-01-01,64,6
short_film,Alain Resnais,The Song of Styrene,"When was the short film ""The Song of Styrene"" released?","When was Alain Resnais's short film ""The Song of Styrene"" released?",1958-01-01,64,2
short_film,Alain Resnais,Toute la mémoire du monde,"When was the short film ""Toute la mémoire du monde"" released?","When was Alain Resnais's short film ""Toute la mémoire du monde"" released?",1956-01-01,64,3
short_film,Alain Resnais,Visite à Hans Hartung,"When was the short film ""Visite à Hans Hartung"" released?","When was Alain Resnais's short film ""Visite à Hans Hartung"" released?",1947-01-01,64,2
short_film,Alain Resnais,Visite à Oscar Dominguez,"When was the short film ""Visite à Oscar Dominguez"" released?","When was Alain Resnais's short film ""Visite à Oscar Dominguez"" released?",1947-01-01,64,2
short_film,Alan Arkin,People Soup,"When was the short film ""People Soup"" released?","When was Alan Arkin's short film ""People Soup"" released?",1969-01-01,73,1
short_film,Alberto Moravia,Colpa del sole,"When was the short film ""Colpa del sole"" released?","When was Alberto Moravia's short film ""Colpa del sole"" released?",1951-01-01,89,3
short_film,Alejandro González Iñárritu,Powder Keg,"When was the short film ""Powder Keg"" released?","When was Alejandro González Iñárritu's short film ""Powder Keg"" released?",2001-01-01,73,1
short_film,Alejandro Jodorowsky,Les têtes interverties,"When was the short film ""Les têtes interverties"" released?","When was Alejandro Jodorowsky's short film ""Les têtes interverties"" released?",1957-01-01,58,7
short_film,Alexander Skarsgård,To Kill a Child,"When was the short film ""To Kill a Child"" released?","When was Alexander Skarsgård's short film ""To Kill a Child"" released?",2003-02-07,56,3
short_film,Alfred Hitchcock,An Elastic Affair,"When was the short film ""An Elastic Affair"" released?","When was Alfred Hitchcock's short film ""An Elastic Affair"" released?",1930-01-01,184,7
short_film,Andrei Konchalovsky,Split Cherry Tree,"When was the short film ""Split Cherry Tree"" released?","When was Andrei Konchalovsky's short film ""Split Cherry Tree"" released?",1982-01-01,63,2
short_film,Andrey Zvyagintsev,Apocrypha,"When was the short film ""Apocrypha"" released?","When was Andrey Zvyagintsev's short film ""Apocrypha"" released?",2009-01-01,51,1
short_film,Andrzej Wajda,The Bad Boy,"When was the short film ""The Bad Boy"" released?","When was Andrzej Wajda's short film ""The Bad Boy"" released?",1950-01-01,78,3
short_film,Andrzej Wajda,Towards the Sun,"When was the short film ""Towards the Sun"" released?","When was Andrzej Wajda's short film ""Towards the Sun"" released?",1955-01-01,78,6
short_film,Andy Warhol,Eating Too Fast,"When was the short film ""Eating Too Fast"" released?","When was Andy Warhol's short film ""Eating Too Fast"" released?",1966-01-01,178,3
short_film,Ang Lee,Chosen,"When was the short film ""Chosen"" released?","When was Ang Lee's short film ""Chosen"" released?",2001-01-01,83,1
short_film,Ang Lee,Shades of the Lake,"When was the short film ""Shades of the Lake"" released?","When was Ang Lee's short film ""Shades of the Lake"" released?",1982-01-01,83,1
short_film,Ariana Grande,Brighter Days Ahead,"When was the short film ""Brighter Days Ahead"" released?","When was Ariana Grande's short film ""Brighter Days Ahead"" released?",2025-03-28,139,6
short_film,Auguste and Louis Lumière,Devil's Pot,"When was the short film ""Devil's Pot"" released?","When was Auguste and Louis Lumière's short film ""Devil's Pot"" released?",1903-01-01,80,1
short_film,Bernardo Bertolucci,Histoire d'eaux,"When was the short film ""Histoire d'eaux"" released?","When was Bernardo Bertolucci's short film ""Histoire d'eaux"" released?",2002-01-01,86,0
short_film,Bertolt Brecht,Mysteries of a Barbershop,"When was the short film ""Mysteries of a Barbershop"" released?","When was Bertolt Brecht's short film ""Mysteries of a Barbershop"" released?",1923-01-01,154,6
short_film,Bong Joon-ho,White Man,"When was the short film ""White Man"" released?","When was Bong Joon-ho's short film ""White Man"" released?",1994-01-01,60,1
short_film,Bonnie Wright,"Separate We Come, Separate We Go","When was the short film ""Separate We Come, Separate We Go"" released?","When was Bonnie Wright's short film ""Separate We Come, Separate We Go"" released?",2012-05-21,63,2
short_film,Bryan Singer,Lion's Den,"When was the short film ""Lion's Den"" released?","When was Bryan Singer's short film ""Lion's Den"" released?",1988-01-01,52,2
short_film,Buster Keaton,Allez Oop,"When was the short film ""Allez Oop"" released?","When was Buster Keaton's short film ""Allez Oop"" released?",1934-01-01,96,5
short_film,Buster Keaton,Blue Blazes,"When was the short film ""Blue Blazes"" released?","When was Buster Keaton's short film ""Blue Blazes"" released?",1936-01-01,96,4
short_film,Buster Keaton,Grand Slam Opera,"When was the short film ""Grand Slam Opera"" released?","When was Buster Keaton's short film ""Grand Slam Opera"" released?",1936-01-01,96,4
short_film,Buster Keaton,"Life in Sometown, U.S.A.","When was the short film ""Life in Sometown, U.S.A."" released?","When was Buster Keaton's short film ""Life in Sometown, U.S.A."" released?",1938-02-26,96,1
short_film,Buster Keaton,Love Nest on Wheels,"When was the short film ""Love Nest on Wheels"" released?","When was Buster Keaton's short film ""Love Nest on Wheels"" released?",1937-01-01,96,5
short_film,Buster Keaton,Mixed Magic,"When was the short film ""Mixed Magic"" released?","When was Buster Keaton's short film ""Mixed Magic"" released?",1936-01-01,96,4
short_film,Buster Keaton,My Wife's Relations,"When was the short film ""My Wife's Relations"" released?","When was Buster Keaton's short film ""My Wife's Relations"" released?",1922-01-01,96,9
short_film,Buster Keaton,One Run Elmer,"When was the short film ""One Run Elmer"" released?","When was Buster Keaton's short film ""One Run Elmer"" released?",1935-01-01,96,3
short_film,Buster Keaton,Tars and Stripes,"When was the short film ""Tars and Stripes"" released?","When was Buster Keaton's short film ""Tars and Stripes"" released?",1935-01-01,96,4
short_film,Buster Keaton,The Gold Ghost,"When was the short film ""The Gold Ghost"" released?","When was Buster Keaton's short film ""The Gold Ghost"" released?",1934-01-01,96,6
short_film,Buster Keaton,The Railrodder,"When was the short film ""The Railrodder"" released?","When was Buster Keaton's short film ""The Railrodder"" released?",1965-01-01,96,6
short_film,Carl Theodor Dreyer,Good Mothers,"When was the short film ""Good Mothers"" released?","When was Carl Theodor Dreyer's short film ""Good Mothers"" released?",1947-01-01,60,0
short_film,Carl Theodor Dreyer,They Caught the Ferry,"When was the short film ""They Caught the Ferry"" released?","When was Carl Theodor Dreyer's short film ""They Caught the Ferry"" released?",1948-01-01,60,6
short_film,Carl Theodor Dreyer,Thorvaldsen: Denmark's Great Sculptor,"When was the short film ""Thorvaldsen: Denmark's Great Sculptor"" released?","When was Carl Theodor Dreyer's short film ""Thorvaldsen: Denmark's Great Sculptor"" released?",1949-01-01,60,0
short_film,Cate Blanchett,Bangers,"When was the short film ""Bangers"" released?","When was Cate Blanchett's short film ""Bangers"" released?",1999-01-01,131,4
short_film,Cecil B. DeMille,California's Golden Beginning,"When was the short film ""California's Golden Beginning"" released?","When was Cecil B. DeMille's short film ""California's Golden Beginning"" released?",1948-01-01,68,2
short_film,Cecil B. DeMille,Yankee Clipper. -,"When was the short film ""Yankee Clipper. -"" released?","When was Cecil B. DeMille's short film ""Yankee Clipper. -"" released?",1959-01-01,68,0
short_film,Charlie Chaplin,Nice and Friendly,"When was the short film ""Nice and Friendly"" released?","When was Charlie Chaplin's short film ""Nice and Friendly"" released?",1922-01-01,258,7
short_film,Charlie Chaplin,The Essanay-Chaplin Revue of 1916,"When was the short film ""The Essanay-Chaplin Revue of 1916"" released?","When was Charlie Chaplin's short film ""The Essanay-Chaplin Revue of 1916"" released?",1916-01-01,258,3
short_film,Christian Slater,Museum of Love,"When was the short film ""Museum of Love"" released?","When was Christian Slater's short film ""Museum of Love"" released?",1996-01-01,55,0
short_film,Christopher Walken,Popcorn Shrimp,"When was the short film ""Popcorn Shrimp"" released?","When was Christopher Walken's short film ""Popcorn Shrimp"" released?",2001-01-01,75,0
short_film,Claude Lelouch,Le grand rendez-vous,"When was the short film ""Le grand rendez-vous"" released?","When was Claude Lelouch's short film ""Le grand rendez-vous"" released?",2020-01-01,56,0
short_film,Clint Eastwood,The Beguiled: The Storyteller,"When was the short film ""The Beguiled: The Storyteller"" released?","When was Clint Eastwood's short film ""The Beguiled: The Storyteller"" released?",1971-01-01,134,2
short_film,Clive Barker,Salome,"When was the short film ""Salome"" released?","When was Clive Barker's short film ""Salome"" released?",1973-01-01,52,1
short_film,Damien Chazelle,The Stunt Double,"When was the short film ""The Stunt Double"" released?","When was Damien Chazelle's short film ""The Stunt Double"" released?",2020-01-01,52,0
short_film,Danny Boyle,Alien Love Triangle,"When was the short film ""Alien Love Triangle"" released?","When was Danny Boyle's short film ""Alien Love Triangle"" released?",2008-01-01,77,5
short_film,Danny Boyle,Happy and Glorious,"When was the short film ""Happy and Glorious"" released?","When was Danny Boyle's short film ""Happy and Glorious"" released?",2012-01-01,77,5
short_film,Danny Glover,Override,"When was the short film ""Override"" released?","When was Danny Glover's short film ""Override"" released?",1994-01-01,57,1
short_film,Darren Aronofsky,Protozoa,"When was the short film ""Protozoa"" released?","When was Darren Aronofsky's short film ""Protozoa"" released?",1993-01-01,59,0
short_film,Darren Aronofsky,Supermarket Sweep,"When was the short film ""Supermarket Sweep"" released?","When was Darren Aronofsky's short film ""Supermarket Sweep"" released?",1991-01-01,59,1
short_film,David Cronenberg,Camera,"When was the short film ""Camera"" released?","When was David Cronenberg's short film ""Camera"" released?",2000-01-01,69,3
short_film,David Cronenberg,From the Drain,"When was the short film ""From the Drain"" released?","When was David Cronenberg's short film ""From the Drain"" released?",1967-01-01,69,7
short_film,David Cronenberg,The Italian Machine,"When was the short film ""The Italian Machine"" released?","When was David Cronenberg's short film ""The Italian Machine"" released?",1976-01-01,69,0
short_film,David Cronenberg,Transfer,"When was the short film ""Transfer"" released?","When was David Cronenberg's short film ""Transfer"" released?",1966-01-01,69,5
short_film,David Lean,Oliver Twist By Charles Dickens,"When was the short film ""Oliver Twist By Charles Dickens"" released?","When was David Lean's short film ""Oliver Twist By Charles Dickens"" released?",1948-01-01,63,0
short_film,David Lynch,Absurda,"When was the short film ""Absurda"" released?","When was David Lynch's short film ""Absurda"" released?",2007-01-01,105,3
short_film,David Lynch,Ant Head,"When was the short film ""Ant Head"" released?","When was David Lynch's short film ""Ant Head"" released?",2018-11-14,105,0
short_film,David Lynch,Boat,"When was the short film ""Boat"" released?","When was David Lynch's short film ""Boat"" released?",2007-01-01,105,5
short_film,David Lynch,Bug Crawls,"When was the short film ""Bug Crawls"" released?","When was David Lynch's short film ""Bug Crawls"" released?",2007-01-01,105,1
short_film,David Lynch,Darkened Room,"When was the short film ""Darkened Room"" released?","When was David Lynch's short film ""Darkened Room"" released?",2002-01-01,105,3
short_film,David Lynch,DumbLand,"When was the short film ""DumbLand"" released?","When was David Lynch's short film ""DumbLand"" released?",2002-01-01,105,8
short_film,David Lynch,Idem Paris,"When was the short film ""Idem Paris"" released?","When was David Lynch's short film ""Idem Paris"" released?",2013-01-01,105,2
short_film,David Lynch,Lady Blue Shanghai,"When was the short film ""Lady Blue Shanghai"" released?","When was David Lynch's short film ""Lady Blue Shanghai"" released?",2010-01-01,105,4
short_film,David Lynch,Premonition Following an Evil Deed,"When was the short film ""Premonition Following an Evil Deed"" released?","When was David Lynch's short film ""Premonition Following an Evil Deed"" released?",1995-01-01,105,2
short_film,David Lynch,Six Men Getting Sick,"When was the short film ""Six Men Getting Sick"" released?","When was David Lynch's short film ""Six Men Getting Sick"" released?",1967-01-01,105,6
short_film,David Lynch,The Adventures of Alan R.,"When was the short film ""The Adventures of Alan R."" released?","When was David Lynch's short film ""The Adventures of Alan R."" released?",2020-07-07,105,0
short_film,David Lynch,The Alphabet,"When was the short film ""The Alphabet"" released?","When was David Lynch's short film ""The Alphabet"" released?",1968-01-01,105,1
short_film,David Lynch,The Cowboy and the Frenchman,"When was the short film ""The Cowboy and the Frenchman"" released?","When was David Lynch's short film ""The Cowboy and the Frenchman"" released?",1988-01-01,105,3
short_film,David Lynch,The Grandmother,"When was the short film ""The Grandmother"" released?","When was David Lynch's short film ""The Grandmother"" released?",1970-01-01,105,2
short_film,David Lynch,The Story of a Small Bug,"When was the short film ""The Story of a Small Bug"" released?","When was David Lynch's short film ""The Story of a Small Bug"" released?",2020-06-12,105,0
short_film,David Lynch,What Did Jack Do?,"When was the short film ""What Did Jack Do?"" released?","When was David Lynch's short film ""What Did Jack Do?"" released?",2017-01-01,105,6
short_film,Demi Moore,Streak,"When was the short film ""Streak"" released?","When was Demi Moore's short film ""Streak"" released?",2008-01-01,111,1
short_film,Denis Villeneuve,Next Floor,"When was the short film ""Next Floor"" released?","When was Denis Villeneuve's short film ""Next Floor"" released?",2008-01-01,65,5
short_film,Denis Villeneuve,REW FFWD,"When was the short film ""REW FFWD"" released?","When was Denis Villeneuve's short film ""REW FFWD"" released?",1994-01-01,65,0
short_film,Dianna Agron,A Fuchsia Elephant,"When was the short film ""A Fuchsia Elephant"" released?","When was Dianna Agron's short film ""A Fuchsia Elephant"" released?",2009-01-01,58,1
short_film,Dr. Dre,Murder Was the Case,"When was the short film ""Murder Was the Case"" released?","When was Dr. Dre's short film ""Murder Was the Case"" released?",1994-01-01,93,1
short_film,D. W. Griffith,A Baby's Shoe,"When was the short film ""A Baby's Shoe"" released?","When was D. W. Griffith's short film ""A Baby's Shoe"" released?",1909-01-01,79,1
short_film,D. W. Griffith,A Blot on the 'Scutcheon,"When was the short film ""A Blot on the 'Scutcheon"" released?","When was D. W. Griffith's short film ""A Blot on the 'Scutcheon"" released?",1912-01-01,79,2
short_film,D. W. Griffith,A Change of Heart,"When was the short film ""A Change of Heart"" released?","When was D. W. Griffith's short film ""A Change of Heart"" released?",1909-01-01,79,2
short_film,D. W. Griffith,A Change of Spirit,"When was the short film ""A Change of Spirit"" released?","When was D. W. Griffith's short film ""A Change of Spirit"" released?",1912-01-01,79,9
short_film,D. W. Griffith,A Child's Faith,"When was the short film ""A Child's Faith"" released?","When was D. W. Griffith's short film ""A Child's Faith"" released?",1910-01-01,79,2
short_film,D. W. Griffith,A Child's Impulse,"When was the short film ""A Child's Impulse"" released?","When was D. W. Griffith's short film ""A Child's Impulse"" released?",1910-01-01,79,1
short_film,D. W. Griffith,A Child's Remorse,"When was the short film ""A Child's Remorse"" released?","When was D. W. Griffith's short film ""A Child's Remorse"" released?",1912-01-01,79,2
short_film,D. W. Griffith,A Child's Stratagem,"When was the short film ""A Child's Stratagem"" released?","When was D. W. Griffith's short film ""A Child's Stratagem"" released?",1910-01-01,79,2
short_film,D. W. Griffith,A Convict's Sacrifice,"When was the short film ""A Convict's Sacrifice"" released?","When was D. W. Griffith's short film ""A Convict's Sacrifice"" released?",1909-01-01,79,2
short_film,D. W. Griffith,A Country Cupid,"When was the short film ""A Country Cupid"" released?","When was D. W. Griffith's short film ""A Country Cupid"" released?",1911-01-01,79,9
short_film,D. W. Griffith,A Decree of Destiny,"When was the short film ""A Decree of Destiny"" released?","When was D. W. Griffith's short film ""A Decree of Destiny"" released?",1911-01-01,79,9
short_film,D. W. Griffith,A Fair Exchange,"When was the short film ""A Fair Exchange"" released?","When was D. W. Griffith's short film ""A Fair Exchange"" released?",1909-01-01,79,3
short_film,D. W. Griffith,A Feud in the Kentucky Hills,"When was the short film ""A Feud in the Kentucky Hills"" released?","When was D. W. Griffith's short film ""A Feud in the Kentucky Hills"" released?",1912-01-01,79,9
short_film,D. W. Griffith,A Girl's Stratagem,"When was the short film ""A Girl's Stratagem"" released?","When was D. W. Griffith's short film ""A Girl's Stratagem"" released?",1913-01-01,79,9
short_film,D. W. Griffith,A Knight of the Road,"When was the short film ""A Knight of the Road"" released?","When was D. W. Griffith's short film ""A Knight of the Road"" released?",1911-01-01,79,1
short_film,D. W. Griffith,A Knot in the Plot,"When was the short film ""A Knot in the Plot"" released?","When was D. W. Griffith's short film ""A Knot in the Plot"" released?",1910-01-01,79,1
short_film,D. W. Griffith,A Lodging for the Night,"When was the short film ""A Lodging for the Night"" released?","When was D. W. Griffith's short film ""A Lodging for the Night"" released?",1912-01-01,79,3
short_film,D. W. Griffith,A Midnight Adventure,"When was the short film ""A Midnight Adventure"" released?","When was D. W. Griffith's short film ""A Midnight Adventure"" released?",1909-01-01,79,2
short_film,D. W. Griffith,A Midnight Cupid,"When was the short film ""A Midnight Cupid"" released?","When was D. W. Griffith's short film ""A Midnight Cupid"" released?",1910-01-01,79,1
short_film,D. W. Griffith,A Misappropriated Turkey,"When was the short film ""A Misappropriated Turkey"" released?","When was D. W. Griffith's short film ""A Misappropriated Turkey"" released?",1913-01-01,79,9
short_film,D. W. Griffith,A Misunderstood Boy,"When was the short film ""A Misunderstood Boy"" released?","When was D. W. Griffith's short film ""A Misunderstood Boy"" released?",1913-01-01,79,8
short_film,D. W. Griffith,A Mohawk's Way,"When was the short film ""A Mohawk's Way"" released?","When was D. W. Griffith's short film ""A Mohawk's Way"" released?",1910-01-01,79,7
short_film,D. W. Griffith,An Adventure in the Autumn Woods,"When was the short film ""An Adventure in the Autumn Woods"" released?","When was D. W. Griffith's short film ""An Adventure in the Autumn Woods"" released?",1913-01-01,79,9
short_film,D. W. Griffith,An Affair of Hearts,"When was the short film ""An Affair of Hearts"" released?","When was D. W. Griffith's short film ""An Affair of Hearts"" released?",1910-01-01,79,3
short_film,D. W. Griffith,A New Trick,"When was the short film ""A New Trick"" released?","When was D. W. Griffith's short film ""A New Trick"" released?",1909-01-01,79,4
short_film,D. W. Griffith,An Indian Summer,"When was the short film ""An Indian Summer"" released?","When was D. W. Griffith's short film ""An Indian Summer"" released?",1912-01-01,79,1
short_film,D. W. Griffith,An Old Story with a New Ending,"When was the short film ""An Old Story with a New Ending"" released?","When was D. W. Griffith's short film ""An Old Story with a New Ending"" released?",1910-01-01,79,2
short_film,D. W. Griffith,An Outcast Among Outcasts,"When was the short film ""An Outcast Among Outcasts"" released?","When was D. W. Griffith's short film ""An Outcast Among Outcasts"" released?",1912-01-01,79,9
short_film,D. W. Griffith,A Plain Song,"When was the short film ""A Plain Song"" released?","When was D. W. Griffith's short film ""A Plain Song"" released?",1910-01-01,79,1
short_film,D. W. Griffith,A Pueblo Legend,"When was the short film ""A Pueblo Legend"" released?","When was D. W. Griffith's short film ""A Pueblo Legend"" released?",1912-01-01,79,3
short_film,D. W. Griffith,A Rich Revenge,"When was the short film ""A Rich Revenge"" released?","When was D. W. Griffith's short film ""A Rich Revenge"" released?",1910-01-01,79,2
short_film,D. W. Griffith,A Romany Tragedy,"When was the short film ""A Romany Tragedy"" released?","When was D. W. Griffith's short film ""A Romany Tragedy"" released?",1911-01-01,79,2
short_film,D. W. Griffith,A Salutary Lesson,"When was the short film ""A Salutary Lesson"" released?","When was D. W. Griffith's short film ""A Salutary Lesson"" released?",1910-01-01,79,2
short_film,D. W. Griffith,As in a Looking Glass,"When was the short film ""As in a Looking Glass"" released?","When was D. W. Griffith's short film ""As in a Looking Glass"" released?",1911-01-01,79,1
short_film,D. W. Griffith,A Siren of Impulse,"When was the short film ""A Siren of Impulse"" released?","When was D. W. Griffith's short film ""A Siren of Impulse"" released?",1912-01-01,79,2
short_film,D. W. Griffith,A Sister's Love,"When was the short film ""A Sister's Love"" released?","When was D. W. Griffith's short film ""A Sister's Love"" released?",1912-01-01,79,9
short_film,D. W. Griffith,As the Bells Rang Out!,"When was the short film ""As the Bells Rang Out!"" released?","When was D. W. Griffith's short film ""As the Bells Rang Out!"" released?",1910-01-01,79,1
short_film,D. W. Griffith,A Strange Meeting,"When was the short film ""A Strange Meeting"" released?","When was D. W. Griffith's short film ""A Strange Meeting"" released?",1909-01-01,79,4
short_film,D. W. Griffith,A String of Pearls,"When was the short film ""A String of Pearls"" released?","When was D. W. Griffith's short film ""A String of Pearls"" released?",1912-01-01,79,9
short_film,D. W. Griffith,A Summer Idyll,"When was the short film ""A Summer Idyll"" released?","When was D. W. Griffith's short film ""A Summer Idyll"" released?",1910-01-01,79,2
short_film,D. W. Griffith,A Summer Tragedy,"When was the short film ""A Summer Tragedy"" released?","When was D. W. Griffith's short film ""A Summer Tragedy"" released?",1910-01-01,79,2
short_film,D. W. Griffith,A Sweet Revenge,"When was the short film ""A Sweet Revenge"" released?","When was D. W. Griffith's short film ""A Sweet Revenge"" released?",1909-01-01,79,2
short_film,D. W. Griffith,A Tale of the Wilderness,"When was the short film ""A Tale of the Wilderness"" released?","When was D. W. Griffith's short film ""A Tale of the Wilderness"" released?",1912-01-01,79,2
short_film,D. W. Griffith,A Temporary Truce,"When was the short film ""A Temporary Truce"" released?","When was D. W. Griffith's short film ""A Temporary Truce"" released?",1912-01-01,79,8
short_film,D. W. Griffith,A Terrible Discovery,"When was the short film ""A Terrible Discovery"" released?","When was D. W. Griffith's short film ""A Terrible Discovery"" released?",1911-01-01,79,2
short_film,D. W. Griffith,A Timely Interception,"When was the short film ""A Timely Interception"" released?","When was D. W. Griffith's short film ""A Timely Interception"" released?",1913-01-01,79,9
short_film,D. W. Griffith,A Troublesome Satchel,"When was the short film ""A Troublesome Satchel"" released?","When was D. W. Griffith's short film ""A Troublesome Satchel"" released?",1909-01-01,79,2
short_film,D. W. Griffith,A Victim of Jealousy,"When was the short film ""A Victim of Jealousy"" released?","When was D. W. Griffith's short film ""A Victim of Jealousy"" released?",1910-01-01,79,2
short_film,D. W. Griffith,A Welcome Intruder,"When was the short film ""A Welcome Intruder"" released?","When was D. W. Griffith's short film ""A Welcome Intruder"" released?",1913-01-01,79,6
short_film,D. W. Griffith,A Wreath of Orange Blossoms,"When was the short film ""A Wreath of Orange Blossoms"" released?","When was D. W. Griffith's short film ""A Wreath of Orange Blossoms"" released?",1911-01-01,79,2
short_film,D. W. Griffith,Billy's Stratagem,"When was the short film ""Billy's Stratagem"" released?","When was D. W. Griffith's short film ""Billy's Stratagem"" released?",1912-01-01,79,2
short_film,D. W. Griffith,Black Sheep,"When was the short film ""Black Sheep"" released?","When was D. W. Griffith's short film ""Black Sheep"" released?",1912-01-01,79,2
short_film,D. W. Griffith,"Bobby, the Coward","When was the short film ""Bobby, the Coward"" released?","When was D. W. Griffith's short film ""Bobby, the Coward"" released?",1911-01-01,79,2
short_film,D. W. Griffith,Broken Ways,"When was the short film ""Broken Ways"" released?","When was D. W. Griffith's short film ""Broken Ways"" released?",1913-01-01,79,9
short_film,D. W. Griffith,Confidence,"When was the short film ""Confidence"" released?","When was D. W. Griffith's short film ""Confidence"" released?",1909-01-01,79,3
short_film,D. W. Griffith,Conscience,"When was the short film ""Conscience"" released?","When was D. W. Griffith's short film ""Conscience"" released?",1911-01-01,79,2
short_film,D. W. Griffith,Dan the Dandy,"When was the short film ""Dan the Dandy"" released?","When was D. W. Griffith's short film ""Dan the Dandy"" released?",1911-01-01,79,2
short_film,D. W. Griffith,Dramas Produced By American Mutoscope And Biograph Co. Pt 1,"When was the short film ""Dramas Produced By American Mutoscope And Biograph Co. Pt 1"" released?","When was D. W. Griffith's short film ""Dramas Produced By American Mutoscope And Biograph Co. Pt 1"" released?",1909-01-01,79,0
short_film,D. W. Griffith,Dramas Produced By American Mutoscope And Biograph Co. Pt 2,"When was the short film ""Dramas Produced By American Mutoscope And Biograph Co. Pt 2"" released?","When was D. W. Griffith's short film ""Dramas Produced By American Mutoscope And Biograph Co. Pt 2"" released?",1909-01-01,79,0
short_film,D. W. Griffith,Dramas Produced By Biograph Company. Pt 1,"When was the short film ""Dramas Produced By Biograph Company. Pt 1"" released?","When was D. W. Griffith's short film ""Dramas Produced By Biograph Company. Pt 1"" released?",1911-01-01,79,0
short_film,D. W. Griffith,Dramas Produced By Biograph Company. Pt 2,"When was the short film ""Dramas Produced By Biograph Company. Pt 2"" released?","When was D. W. Griffith's short film ""Dramas Produced By Biograph Company. Pt 2"" released?",1912-01-01,79,0
short_film,D. W. Griffith,Drink's Lure,"When was the short film ""Drink's Lure"" released?","When was D. W. Griffith's short film ""Drink's Lure"" released?",1913-01-01,79,2
short_film,D. W. Griffith,Eloping with Auntie,"When was the short film ""Eloping with Auntie"" released?","When was D. W. Griffith's short film ""Eloping with Auntie"" released?",1909-01-01,79,1
short_film,D. W. Griffith,Eradicating Aunty,"When was the short film ""Eradicating Aunty"" released?","When was D. W. Griffith's short film ""Eradicating Aunty"" released?",1909-01-01,79,1
short_film,D. W. Griffith,Examination Day at School,"When was the short film ""Examination Day at School"" released?","When was D. W. Griffith's short film ""Examination Day at School"" released?",1910-01-01,79,1
short_film,D. W. Griffith,Fate,"When was the short film ""Fate"" released?","When was D. W. Griffith's short film ""Fate"" released?",1913-01-01,79,9
short_film,D. W. Griffith,Fate's Interception,"When was the short film ""Fate's Interception"" released?","When was D. W. Griffith's short film ""Fate's Interception"" released?",1912-04-08,79,3
short_film,D. W. Griffith,Fate's Turning,"When was the short film ""Fate's Turning"" released?","When was D. W. Griffith's short film ""Fate's Turning"" released?",1911-01-01,79,9
short_film,D. W. Griffith,Fighting Blood,"When was the short film ""Fighting Blood"" released?","When was D. W. Griffith's short film ""Fighting Blood"" released?",1911-01-01,79,9
short_film,D. W. Griffith,Fisher Folks,"When was the short film ""Fisher Folks"" released?","When was D. W. Griffith's short film ""Fisher Folks"" released?",1911-02-16,79,8
short_film,D. W. Griffith,Flaming Arrows,"When was the short film ""Flaming Arrows"" released?","When was D. W. Griffith's short film ""Flaming Arrows"" released?",1911-01-01,79,2
short_film,D. W. Griffith,Gold Is Not All,"When was the short film ""Gold Is Not All"" released?","When was D. W. Griffith's short film ""Gold Is Not All"" released?",1910-01-01,79,2
short_film,D. W. Griffith,Heart Beats of Long Ago,"When was the short film ""Heart Beats of Long Ago"" released?","When was D. W. Griffith's short film ""Heart Beats of Long Ago"" released?",1911-01-01,79,9
short_film,D. W. Griffith,Heaven Avenges,"When was the short film ""Heaven Avenges"" released?","When was D. W. Griffith's short film ""Heaven Avenges"" released?",1912-01-01,79,1
short_film,D. W. Griffith,Her Father's Pride,"When was the short film ""Her Father's Pride"" released?","When was D. W. Griffith's short film ""Her Father's Pride"" released?",1910-01-01,79,2
short_film,D. W. Griffith,Her Mother's Oath,"When was the short film ""Her Mother's Oath"" released?","When was D. W. Griffith's short film ""Her Mother's Oath"" released?",1913-01-01,79,1
short_film,D. W. Griffith,Her Sacrifice,"When was the short film ""Her Sacrifice"" released?","When was D. W. Griffith's short film ""Her Sacrifice"" released?",1911-01-01,79,2
short_film,D. W. Griffith,Her Terrible Ordeal,"When was the short film ""Her Terrible Ordeal"" released?","When was D. W. Griffith's short film ""Her Terrible Ordeal"" released?",1910-01-01,79,1
short_film,D. W. Griffith,His Daughter,"When was the short film ""His Daughter"" released?","When was D. W. Griffith's short film ""His Daughter"" released?",1911-01-01,79,9
short_film,D. W. Griffith,His Duty,"When was the short film ""His Duty"" released?","When was D. W. Griffith's short film ""His Duty"" released?",1909-01-01,79,2
short_film,D. W. Griffith,His Last Burglary,"When was the short film ""His Last Burglary"" released?","When was D. W. Griffith's short film ""His Last Burglary"" released?",1910-01-01,79,2
short_film,D. W. Griffith,His Last Dollar,"When was the short film ""His Last Dollar"" released?","When was D. W. Griffith's short film ""His Last Dollar"" released?",1910-01-01,79,2
short_film,D. W. Griffith,His Lesson,"When was the short film ""His Lesson"" released?","When was D. W. Griffith's short film ""His Lesson"" released?",1912-01-01,79,2
short_film,D. W. Griffith,His Mother's Scarf,"When was the short film ""His Mother's Scarf"" released?","When was D. W. Griffith's short film ""His Mother's Scarf"" released?",1911-01-01,79,1
short_film,D. W. Griffith,His Mother's Son,"When was the short film ""His Mother's Son"" released?","When was D. W. Griffith's short film ""His Mother's Son"" released?",1913-01-01,79,2
short_film,D. W. Griffith,His New Lid,"When was the short film ""His New Lid"" released?","When was D. W. Griffith's short film ""His New Lid"" released?",1910-01-01,79,2
short_film,D. W. Griffith,His Sister-In-Law,"When was the short film ""His Sister-In-Law"" released?","When was D. W. Griffith's short film ""His Sister-In-Law"" released?",1910-01-01,79,2
short_film,D. W. Griffith,His Wife's Visitor,"When was the short film ""His Wife's Visitor"" released?","When was D. W. Griffith's short film ""His Wife's Visitor"" released?",1909-01-01,79,3
short_film,D. W. Griffith,Home Folks,"When was the short film ""Home Folks"" released?","When was D. W. Griffith's short film ""Home Folks"" released?",1912-01-01,79,9
short_film,D. W. Griffith,How She Triumphed,"When was the short film ""How She Triumphed"" released?","When was D. W. Griffith's short film ""How She Triumphed"" released?",1911-01-01,79,8
short_film,D. W. Griffith,In a Hempen Bag,"When was the short film ""In a Hempen Bag"" released?","When was D. W. Griffith's short film ""In a Hempen Bag"" released?",1909-01-01,79,1
short_film,D. W. Griffith,In Life's Cycle,"When was the short film ""In Life's Cycle"" released?","When was D. W. Griffith's short film ""In Life's Cycle"" released?",1910-01-01,79,1
short_film,D. W. Griffith,In the Aisles of the Wild,"When was the short film ""In the Aisles of the Wild"" released?","When was D. W. Griffith's short film ""In the Aisles of the Wild"" released?",1912-01-01,79,9
short_film,D. W. Griffith,In the Days of '49,"When was the short film ""In the Days of '49"" released?","When was D. W. Griffith's short film ""In the Days of '49"" released?",1911-01-01,79,1
short_film,D. W. Griffith,In the North Woods,"When was the short film ""In the North Woods"" released?","When was D. W. Griffith's short film ""In the North Woods"" released?",1912-01-01,79,2
short_film,D. W. Griffith,In the Season of Buds,"When was the short film ""In the Season of Buds"" released?","When was D. W. Griffith's short film ""In the Season of Buds"" released?",1910-01-01,79,9
short_film,D. W. Griffith,In the Watches of the Night,"When was the short film ""In the Watches of the Night"" released?","When was D. W. Griffith's short film ""In the Watches of the Night"" released?",1909-01-01,79,2
short_film,D. W. Griffith,In the Window Recess,"When was the short film ""In the Window Recess"" released?","When was D. W. Griffith's short film ""In the Window Recess"" released?",1909-01-01,79,1
short_film,D. W. Griffith,Iola's Promise,"When was the short film ""Iola's Promise"" released?","When was D. W. Griffith's short film ""Iola's Promise"" released?",1912-01-01,79,1
short_film,D. W. Griffith,Italian Blood,"When was the short film ""Italian Blood"" released?","When was D. W. Griffith's short film ""Italian Blood"" released?",1911-01-01,79,1
short_film,D. W. Griffith,Jealousy and the Man,"When was the short film ""Jealousy and the Man"" released?","When was D. W. Griffith's short film ""Jealousy and the Man"" released?",1909-01-01,79,2
short_film,D. W. Griffith,Just Gold,"When was the short film ""Just Gold"" released?","When was D. W. Griffith's short film ""Just Gold"" released?",1913-01-01,79,9
short_film,D. W. Griffith,Just Like a Woman,"When was the short film ""Just Like a Woman"" released?","When was D. W. Griffith's short film ""Just Like a Woman"" released?",1912-04-18,79,7
short_film,D. W. Griffith,Lena and the Geese,"When was the short film ""Lena and the Geese"" released?","When was D. W. Griffith's short film ""Lena and the Geese"" released?",1912-01-01,79,2
short_film,D. W. Griffith,Lillian Gish in a Liberty Loan Appeal,"When was the short film ""Lillian Gish in a Liberty Loan Appeal"" released?","When was D. W. Griffith's short film ""Lillian Gish in a Liberty Loan Appeal"" released?",1918-01-01,79,8
short_film,D. W. Griffith,Lines of White on a Sullen Sea,"When was the short film ""Lines of White on a Sullen Sea"" released?","When was D. W. Griffith's short film ""Lines of White on a Sullen Sea"" released?",1909-01-01,79,4
short_film,D. W. Griffith,Little Angels of Luck,"When was the short film ""Little Angels of Luck"" released?","When was D. W. Griffith's short film ""Little Angels of Luck"" released?",1910-01-01,79,2
short_film,D. W. Griffith,Love Among the Roses,"When was the short film ""Love Among the Roses"" released?","When was D. W. Griffith's short film ""Love Among the Roses"" released?",1910-01-01,79,2
short_film,D. W. Griffith,Love in the Hills,"When was the short film ""Love in the Hills"" released?","When was D. W. Griffith's short film ""Love in the Hills"" released?",1911-01-01,79,9
short_film,D. W. Griffith,Madame Rex,"When was the short film ""Madame Rex"" released?","When was D. W. Griffith's short film ""Madame Rex"" released?",1911-01-01,79,2
short_film,D. W. Griffith,Madonna of the Storm,"When was the short film ""Madonna of the Storm"" released?","When was D. W. Griffith's short film ""Madonna of the Storm"" released?",1913-01-01,79,8
short_film,D. W. Griffith,Mamma,"When was the short film ""Mamma"" released?","When was D. W. Griffith's short film ""Mamma"" released?",1909-01-01,79,1
short_film,D. W. Griffith,Man's Genesis,"When was the short film ""Man's Genesis"" released?","When was D. W. Griffith's short film ""Man's Genesis"" released?",1912-01-01,79,7
short_film,D. W. Griffith,Man's Lust for Gold,"When was the short film ""Man's Lust for Gold"" released?","When was D. W. Griffith's short film ""Man's Lust for Gold"" released?",1912-01-01,79,9
short_film,D. W. Griffith,May and December,"When was the short film ""May and December"" released?","When was D. W. Griffith's short film ""May and December"" released?",1910-01-01,79,2
short_film,D. W. Griffith,Men and Women,"When was the short film ""Men and Women"" released?","When was D. W. Griffith's short film ""Men and Women"" released?",1914-01-01,79,4
short_film,D. W. Griffith,Mr. Jones' Burglar,"When was the short film ""Mr. Jones' Burglar"" released?","When was D. W. Griffith's short film ""Mr. Jones' Burglar"" released?",1909-01-01,79,2
short_film,D. W. Griffith,Mrs. Jones' Lover,"When was the short film ""Mrs. Jones' Lover"" released?","When was D. W. Griffith's short film ""Mrs. Jones' Lover"" released?",1909-01-01,79,2
short_film,D. W. Griffith,Muggsy's First Sweetheart,"When was the short film ""Muggsy's First Sweetheart"" released?","When was D. W. Griffith's short film ""Muggsy's First Sweetheart"" released?",1910-01-01,79,1
short_film,D. W. Griffith,Never Again,"When was the short film ""Never Again"" released?","When was D. W. Griffith's short film ""Never Again"" released?",1910-01-01,79,1
short_film,D. W. Griffith,"Oh, Uncle!","When was the short film ""Oh, Uncle!"" released?","When was D. W. Griffith's short film ""Oh, Uncle!"" released?",1909-01-01,79,3
short_film,D. W. Griffith,One Busy Hour,"When was the short film ""One Busy Hour"" released?","When was D. W. Griffith's short film ""One Busy Hour"" released?",1909-01-01,79,2
short_film,D. W. Griffith,"One Is Business, the Other Crime","When was the short film ""One Is Business, the Other Crime"" released?","When was D. W. Griffith's short film ""One Is Business, the Other Crime"" released?",1912-01-01,79,9
short_film,D. W. Griffith,One Night and Then,"When was the short film ""One Night and Then"" released?","When was D. W. Griffith's short film ""One Night and Then"" released?",1910-01-01,79,2
short_film,D. W. Griffith,On the Reef,"When was the short film ""On the Reef"" released?","When was D. W. Griffith's short film ""On the Reef"" released?",1910-01-01,79,1
short_film,D. W. Griffith,Out from the Shadow,"When was the short film ""Out from the Shadow"" released?","When was D. W. Griffith's short film ""Out from the Shadow"" released?",1911-01-01,79,9
short_film,D. W. Griffith,Over Silent Paths,"When was the short film ""Over Silent Paths"" released?","When was D. W. Griffith's short film ""Over Silent Paths"" released?",1910-01-01,79,2
short_film,D. W. Griffith,Pranks,"When was the short film ""Pranks"" released?","When was D. W. Griffith's short film ""Pranks"" released?",1909-01-01,79,2
short_film,D. W. Griffith,Rose O'Salem-Town,"When was the short film ""Rose O'Salem-Town"" released?","When was D. W. Griffith's short film ""Rose O'Salem-Town"" released?",1910-01-01,79,9
short_film,D. W. Griffith,Saved from Himself,"When was the short film ""Saved from Himself"" released?","When was D. W. Griffith's short film ""Saved from Himself"" released?",1911-01-01,79,3
short_film,D. W. Griffith,Serious Sixteen,"When was the short film ""Serious Sixteen"" released?","When was D. W. Griffith's short film ""Serious Sixteen"" released?",1910-01-01,79,3
short_film,D. W. Griffith,Simple Charity,"When was the short film ""Simple Charity"" released?","When was D. W. Griffith's short film ""Simple Charity"" released?",1910-01-01,79,2
short_film,D. W. Griffith,Sunshine Sue,"When was the short film ""Sunshine Sue"" released?","When was D. W. Griffith's short film ""Sunshine Sue"" released?",1910-01-01,79,2
short_film,D. W. Griffith,Sunshine Through the Dark,"When was the short film ""Sunshine Through the Dark"" released?","When was D. W. Griffith's short film ""Sunshine Through the Dark"" released?",1911-01-01,79,1
short_film,D. W. Griffith,Sweet and Twenty,"When was the short film ""Sweet and Twenty"" released?","When was D. W. Griffith's short film ""Sweet and Twenty"" released?",1909-01-01,79,3
short_film,D. W. Griffith,Taming a Husband,"When was the short film ""Taming a Husband"" released?","When was D. W. Griffith's short film ""Taming a Husband"" released?",1910-01-01,79,2
short_film,D. W. Griffith,Teaching Dad to Like Her,"When was the short film ""Teaching Dad to Like Her"" released?","When was D. W. Griffith's short film ""Teaching Dad to Like Her"" released?",1911-01-01,79,3
short_film,D. W. Griffith,Tender Hearts,"When was the short film ""Tender Hearts"" released?","When was D. W. Griffith's short film ""Tender Hearts"" released?",1909-01-01,79,2
short_film,D. W. Griffith,That Chink at Golden Gulch,"When was the short film ""That Chink at Golden Gulch"" released?","When was D. W. Griffith's short film ""That Chink at Golden Gulch"" released?",1910-01-01,79,2
short_film,D. W. Griffith,The Adopted Brother,"When was the short film ""The Adopted Brother"" released?","When was D. W. Griffith's short film ""The Adopted Brother"" released?",1913-01-01,79,2
short_film,D. W. Griffith,The Affair of an Egg,"When was the short film ""The Affair of an Egg"" released?","When was D. W. Griffith's short film ""The Affair of an Egg"" released?",1910-01-01,79,2
short_film,D. W. Griffith,The Awakening,"When was the short film ""The Awakening"" released?","When was D. W. Griffith's short film ""The Awakening"" released?",1909-01-01,79,2
short_film,D. W. Griffith,The Baby and the Stork,"When was the short film ""The Baby and the Stork"" released?","When was D. W. Griffith's short film ""The Baby and the Stork"" released?",1911-01-01,79,2
short_film,D. W. Griffith,The Banker's Daughters,"When was the short film ""The Banker's Daughters"" released?","When was D. W. Griffith's short film ""The Banker's Daughters"" released?",1910-01-01,79,2
short_film,D. W. Griffith,The Better Way,"When was the short film ""The Better Way"" released?","When was D. W. Griffith's short film ""The Better Way"" released?",1909-01-01,79,2
short_film,D. W. Griffith,The Blind Princess and the Poet,"When was the short film ""The Blind Princess and the Poet"" released?","When was D. W. Griffith's short film ""The Blind Princess and the Poet"" released?",1911-01-01,79,9
short_film,D. W. Griffith,The Broken Cross,"When was the short film ""The Broken Cross"" released?","When was D. W. Griffith's short film ""The Broken Cross"" released?",1911-01-01,79,8
short_film,D. W. Griffith,The Broken Doll,"When was the short film ""The Broken Doll"" released?","When was D. W. Griffith's short film ""The Broken Doll"" released?",1910-01-01,79,2
short_film,D. W. Griffith,The Broken Locket,"When was the short film ""The Broken Locket"" released?","When was D. W. Griffith's short film ""The Broken Locket"" released?",1909-01-01,79,3
short_film,D. W. Griffith,The Call,"When was the short film ""The Call"" released?","When was D. W. Griffith's short film ""The Call"" released?",1910-01-01,79,1
short_film,D. W. Griffith,The Call to Arms,"When was the short film ""The Call to Arms"" released?","When was D. W. Griffith's short film ""The Call to Arms"" released?",1910-01-01,79,2
short_film,D. W. Griffith,The Cardinal's Conspiracy,"When was the short film ""The Cardinal's Conspiracy"" released?","When was D. W. Griffith's short film ""The Cardinal's Conspiracy"" released?",1909-01-01,79,3
short_film,D. W. Griffith,The Chief's Blanket,"When was the short film ""The Chief's Blanket"" released?","When was D. W. Griffith's short film ""The Chief's Blanket"" released?",1912-01-01,79,9
short_film,D. W. Griffith,The Chief's Daughter,"When was the short film ""The Chief's Daughter"" released?","When was D. W. Griffith's short film ""The Chief's Daughter"" released?",1911-01-01,79,3
short_film,D. W. Griffith,The Children's Friend,"When was the short film ""The Children's Friend"" released?","When was D. W. Griffith's short film ""The Children's Friend"" released?",1909-01-01,79,2
short_film,D. W. Griffith,The Cloister's Touch,"When was the short film ""The Cloister's Touch"" released?","When was D. W. Griffith's short film ""The Cloister's Touch"" released?",1910-01-01,79,2
short_film,D. W. Griffith,The Coming of Angelo,"When was the short film ""The Coming of Angelo"" released?","When was D. W. Griffith's short film ""The Coming of Angelo"" released?",1913-01-01,79,2
short_film,D. W. Griffith,The Conscience of Hassan Bey,"When was the short film ""The Conscience of Hassan Bey"" released?","When was D. W. Griffith's short film ""The Conscience of Hassan Bey"" released?",1913-01-01,79,9
short_film,D. W. Griffith,The Converts,"When was the short film ""The Converts"" released?","When was D. W. Griffith's short film ""The Converts"" released?",1910-01-01,79,2
short_film,D. W. Griffith,The Crooked Road,"When was the short film ""The Crooked Road"" released?","When was D. W. Griffith's short film ""The Crooked Road"" released?",1911-01-01,79,8
short_film,D. W. Griffith,The Dancing Girl of Butte,"When was the short film ""The Dancing Girl of Butte"" released?","When was D. W. Griffith's short film ""The Dancing Girl of Butte"" released?",1910-01-01,79,2
short_film,D. W. Griffith,The Diamond Star,"When was the short film ""The Diamond Star"" released?","When was D. W. Griffith's short film ""The Diamond Star"" released?",1911-01-01,79,2
short_film,D. W. Griffith,The Drive for a Life,"When was the short film ""The Drive for a Life"" released?","When was D. W. Griffith's short film ""The Drive for a Life"" released?",1909-01-01,79,2
short_film,D. W. Griffith,The Duke's Plan,"When was the short film ""The Duke's Plan"" released?","When was D. W. Griffith's short film ""The Duke's Plan"" released?",1910-01-01,79,2
short_film,D. W. Griffith,The Eavesdropper,"When was the short film ""The Eavesdropper"" released?","When was D. W. Griffith's short film ""The Eavesdropper"" released?",1909-01-01,79,2
short_film,D. W. Griffith,The Enemy's Baby,"When was the short film ""The Enemy's Baby"" released?","When was D. W. Griffith's short film ""The Enemy's Baby"" released?",1913-01-01,79,8
short_film,D. W. Griffith,The Expiation,"When was the short film ""The Expiation"" released?","When was D. W. Griffith's short film ""The Expiation"" released?",1909-01-01,79,1
short_film,D. W. Griffith,The Face at the Window,"When was the short film ""The Face at the Window"" released?","When was D. W. Griffith's short film ""The Face at the Window"" released?",1910-01-01,79,2
short_film,D. W. Griffith,The Faded Lilies,"When was the short film ""The Faded Lilies"" released?","When was D. W. Griffith's short film ""The Faded Lilies"" released?",1909-01-01,79,2
short_film,D. W. Griffith,The Failure,"When was the short film ""The Failure"" released?","When was D. W. Griffith's short film ""The Failure"" released?",1911-01-01,79,2
short_film,D. W. Griffith,The Final Settlement,"When was the short film ""The Final Settlement"" released?","When was D. W. Griffith's short film ""The Final Settlement"" released?",1910-01-01,79,2
short_film,D. W. Griffith,The French Duel,"When was the short film ""The French Duel"" released?","When was D. W. Griffith's short film ""The French Duel"" released?",1909-01-01,79,2
short_film,D. W. Griffith,The Friend of the Family,"When was the short film ""The Friend of the Family"" released?","When was D. W. Griffith's short film ""The Friend of the Family"" released?",1909-01-01,79,2
short_film,D. W. Griffith,The God Within,"When was the short film ""The God Within"" released?","When was D. W. Griffith's short film ""The God Within"" released?",1912-01-01,79,9
short_film,D. W. Griffith,The Golden Supper,"When was the short film ""The Golden Supper"" released?","When was D. W. Griffith's short film ""The Golden Supper"" released?",1910-01-01,79,2
short_film,D. W. Griffith,The Gold Seekers,"When was the short film ""The Gold Seekers"" released?","When was D. W. Griffith's short film ""The Gold Seekers"" released?",1910-01-01,79,2
short_film,D. W. Griffith,The Heart of an Outlaw,"When was the short film ""The Heart of an Outlaw"" released?","When was D. W. Griffith's short film ""The Heart of an Outlaw"" released?",1909-01-01,79,1
short_film,D. W. Griffith,The Heart of a Savage,"When was the short film ""The Heart of a Savage"" released?","When was D. W. Griffith's short film ""The Heart of a Savage"" released?",1911-01-01,79,2
short_film,D. W. Griffith,The Hero of Little Italy,"When was the short film ""The Hero of Little Italy"" released?","When was D. W. Griffith's short film ""The Hero of Little Italy"" released?",1913-01-01,79,9
short_film,D. W. Griffith,The Honor of His Family,"When was the short film ""The Honor of His Family"" released?","When was D. W. Griffith's short film ""The Honor of His Family"" released?",1910-01-01,79,1
short_film,D. W. Griffith,The Iconoclast,"When was the short film ""The Iconoclast"" released?","When was D. W. Griffith's short film ""The Iconoclast"" released?",1910-01-01,79,1
short_film,D. W. Griffith,The Impalement,"When was the short film ""The Impalement"" released?","When was D. W. Griffith's short film ""The Impalement"" released?",1910-01-01,79,1
short_film,D. W. Griffith,The Indian Brothers,"When was the short film ""The Indian Brothers"" released?","When was D. W. Griffith's short film ""The Indian Brothers"" released?",1911-01-01,79,8
short_film,D. W. Griffith,The Indian Runner's Romance,"When was the short film ""The Indian Runner's Romance"" released?","When was D. W. Griffith's short film ""The Indian Runner's Romance"" released?",1909-01-01,79,2
short_film,D. W. Griffith,The Inner Circle,"When was the short film ""The Inner Circle"" released?","When was D. W. Griffith's short film ""The Inner Circle"" released?",1912-01-01,79,9
short_film,D. W. Griffith,The Jilt,"When was the short film ""The Jilt"" released?","When was D. W. Griffith's short film ""The Jilt"" released?",1909-01-01,79,1
short_film,D. W. Griffith,The Last Deal,"When was the short film ""The Last Deal"" released?","When was D. W. Griffith's short film ""The Last Deal"" released?",1910-01-01,79,1
short_film,D. W. Griffith,The Left-Handed Man,"When was the short film ""The Left-Handed Man"" released?","When was D. W. Griffith's short film ""The Left-Handed Man"" released?",1913-01-01,79,9
short_film,D. W. Griffith,The Lesson,"When was the short film ""The Lesson"" released?","When was D. W. Griffith's short film ""The Lesson"" released?",1910-01-01,79,2
short_film,D. W. Griffith,The Light That Came,"When was the short film ""The Light That Came"" released?","When was D. W. Griffith's short film ""The Light That Came"" released?",1909-01-01,79,2
short_film,D. W. Griffith,The Lily of the Tenements,"When was the short film ""The Lily of the Tenements"" released?","When was D. W. Griffith's short film ""The Lily of the Tenements"" released?",1911-01-01,79,9
short_film,D. W. Griffith,The Little Teacher,"When was the short film ""The Little Teacher"" released?","When was D. W. Griffith's short film ""The Little Teacher"" released?",1909-01-01,79,2
short_film,D. W. Griffith,The Little Tease,"When was the short film ""The Little Tease"" released?","When was D. W. Griffith's short film ""The Little Tease"" released?",1913-01-01,79,6
short_film,D. W. Griffith,The Long Road,"When was the short film ""The Long Road"" released?","When was D. W. Griffith's short film ""The Long Road"" released?",1911-01-01,79,9
short_film,D. W. Griffith,The Man,"When was the short film ""The Man"" released?","When was D. W. Griffith's short film ""The Man"" released?",1910-01-01,79,2
short_film,D. W. Griffith,The Marked Time-Table,"When was the short film ""The Marked Time-Table"" released?","When was D. W. Griffith's short film ""The Marked Time-Table"" released?",1910-01-01,79,1
short_film,D. W. Griffith,The Mender of Nets,"When was the short film ""The Mender of Nets"" released?","When was D. W. Griffith's short film ""The Mender of Nets"" released?",1912-01-01,79,3
short_film,D. W. Griffith,The Message,"When was the short film ""The Message"" released?","When was D. W. Griffith's short film ""The Message"" released?",1909-01-01,79,2
short_film,D. W. Griffith,The Message of the Violin,"When was the short film ""The Message of the Violin"" released?","When was D. W. Griffith's short film ""The Message of the Violin"" released?",1910-01-01,79,2
short_film,D. W. Griffith,The Mexican Sweethearts,"When was the short film ""The Mexican Sweethearts"" released?","When was D. W. Griffith's short film ""The Mexican Sweethearts"" released?",1909-01-01,79,1
short_film,D. W. Griffith,The Mills of the Gods,"When was the short film ""The Mills of the Gods"" released?","When was D. W. Griffith's short film ""The Mills of the Gods"" released?",1909-01-01,79,3
short_film,D. W. Griffith,The Miser's Heart,"When was the short film ""The Miser's Heart"" released?","When was D. W. Griffith's short film ""The Miser's Heart"" released?",1911-01-01,79,9
short_film,D. W. Griffith,The Mistake,"When was the short film ""The Mistake"" released?","When was D. W. Griffith's short film ""The Mistake"" released?",1913-01-01,79,9
short_film,D. W. Griffith,The Modern Prodigal,"When was the short film ""The Modern Prodigal"" released?","When was D. W. Griffith's short film ""The Modern Prodigal"" released?",1910-08-29,79,7
short_film,D. W. Griffith,The Mountaineer's Honor,"When was the short film ""The Mountaineer's Honor"" released?","When was D. W. Griffith's short film ""The Mountaineer's Honor"" released?",1909-01-01,79,2
short_film,D. W. Griffith,The Necklace,"When was the short film ""The Necklace"" released?","When was D. W. Griffith's short film ""The Necklace"" released?",1909-01-01,79,2
short_film,D. W. Griffith,The New Dress,"When was the short film ""The New Dress"" released?","When was D. W. Griffith's short film ""The New Dress"" released?",1911-01-01,79,9
short_film,D. W. Griffith,The Newlyweds,"When was the short film ""The Newlyweds"" released?","When was D. W. Griffith's short film ""The Newlyweds"" released?",1910-01-01,79,3
short_film,D. W. Griffith,The Note in the Shoe,"When was the short film ""The Note in the Shoe"" released?","When was D. W. Griffith's short film ""The Note in the Shoe"" released?",1909-01-01,79,2
short_film,D. W. Griffith,The Oath and the Man,"When was the short film ""The Oath and the Man"" released?","When was D. W. Griffith's short film ""The Oath and the Man"" released?",1910-01-01,79,7
short_film,D. W. Griffith,The Oath And The Man: A Story Of The French Revolution,"When was the short film ""The Oath And The Man: A Story Of The French Revolution"" released?","When was D. W. Griffith's short film ""The Oath And The Man: A Story Of The French Revolution"" released?",1910-01-01,79,0
short_film,D. W. Griffith,The Odalisque,"When was the short film ""The Odalisque"" released?","When was D. W. Griffith's short film ""The Odalisque"" released?",1914-01-01,79,1
short_film,D. W. Griffith,The Old Actor,"When was the short film ""The Old Actor"" released?","When was D. W. Griffith's short film ""The Old Actor"" released?",1912-01-01,79,2
short_film,D. W. Griffith,The Old Confectioner's Mistake,"When was the short film ""The Old Confectioner's Mistake"" released?","When was D. W. Griffith's short film ""The Old Confectioner's Mistake"" released?",1911-01-01,79,2
short_film,D. W. Griffith,The Open Gate,"When was the short film ""The Open Gate"" released?","When was D. W. Griffith's short film ""The Open Gate"" released?",1909-01-01,79,2
short_film,D. W. Griffith,The Peachbasket Hat,"When was the short film ""The Peachbasket Hat"" released?","When was D. W. Griffith's short film ""The Peachbasket Hat"" released?",1909-01-01,79,2
short_film,D. W. Griffith,The Perfidy of Mary,"When was the short film ""The Perfidy of Mary"" released?","When was D. W. Griffith's short film ""The Perfidy of Mary"" released?",1913-01-01,79,9
short_film,D. W. Griffith,The Poor Sick Men,"When was the short film ""The Poor Sick Men"" released?","When was D. W. Griffith's short film ""The Poor Sick Men"" released?",1911-01-01,79,2
short_film,D. W. Griffith,The Primal Call,"When was the short film ""The Primal Call"" released?","When was D. W. Griffith's short film ""The Primal Call"" released?",1911-01-01,79,8
short_film,D. W. Griffith,The Purgation,"When was the short film ""The Purgation"" released?","When was D. W. Griffith's short film ""The Purgation"" released?",1910-01-01,79,2
short_film,D. W. Griffith,"The Reformers; or, The Lost Art of Minding One's Business","When was the short film ""The Reformers; or, The Lost Art of Minding One's Business"" released?","When was D. W. Griffith's short film ""The Reformers; or, The Lost Art of Minding One's Business"" released?",1913-01-01,79,2
short_film,D. W. Griffith,The Restoration,"When was the short film ""The Restoration"" released?","When was D. W. Griffith's short film ""The Restoration"" released?",1909-01-01,79,2
short_film,D. W. Griffith,The Revenue Man and the Girl,"When was the short film ""The Revenue Man and the Girl"" released?","When was D. W. Griffith's short film ""The Revenue Man and the Girl"" released?",1911-01-01,79,2
short_film,D. W. Griffith,The Root of Evil,"When was the short film ""The Root of Evil"" released?","When was D. W. Griffith's short film ""The Root of Evil"" released?",1912-01-01,79,7
short_film,D. W. Griffith,The Rose of Kentucky,"When was the short film ""The Rose of Kentucky"" released?","When was D. W. Griffith's short film ""The Rose of Kentucky"" released?",1911-01-01,79,2
short_film,D. W. Griffith,The Ruling Passion,"When was the short film ""The Ruling Passion"" released?","When was D. W. Griffith's short film ""The Ruling Passion"" released?",1911-01-01,79,2
short_film,D. W. Griffith,The School Teacher and the Waif,"When was the short film ""The School Teacher and the Waif"" released?","When was D. W. Griffith's short film ""The School Teacher and the Waif"" released?",1912-06-27,79,4
short_film,D. W. Griffith,The Seventh Day,"When was the short film ""The Seventh Day"" released?","When was D. W. Griffith's short film ""The Seventh Day"" released?",1909-01-01,79,3
short_film,D. W. Griffith,The Slave,"When was the short film ""The Slave"" released?","When was D. W. Griffith's short film ""The Slave"" released?",1909-01-01,79,4
short_film,D. W. Griffith,The Smoker,"When was the short film ""The Smoker"" released?","When was D. W. Griffith's short film ""The Smoker"" released?",1910-01-01,79,2
short_film,D. W. Griffith,The Song of the Wildwood Flute,"When was the short film ""The Song of the Wildwood Flute"" released?","When was D. W. Griffith's short film ""The Song of the Wildwood Flute"" released?",1910-01-01,79,2
short_film,D. W. Griffith,The Son's Return,"When was the short film ""The Son's Return"" released?","When was D. W. Griffith's short film ""The Son's Return"" released?",1909-01-01,79,4
short_film,D. W. Griffith,The Sorrowful Example,"When was the short film ""The Sorrowful Example"" released?","When was D. W. Griffith's short film ""The Sorrowful Example"" released?",1911-01-01,79,2
short_film,D. W. Griffith,The Sorrowful Shore,"When was the short film ""The Sorrowful Shore"" released?","When was D. W. Griffith's short film ""The Sorrowful Shore"" released?",1913-01-01,79,9
short_film,D. W. Griffith,The Sorrows of the Unfaithful,"When was the short film ""The Sorrows of the Unfaithful"" released?","When was D. W. Griffith's short film ""The Sorrows of the Unfaithful"" released?",1910-01-01,79,2
short_film,D. W. Griffith,The Spanish Gypsy,"When was the short film ""The Spanish Gypsy"" released?","When was D. W. Griffith's short film ""The Spanish Gypsy"" released?",1911-01-01,79,9
short_film,D. W. Griffith,The Spirit Awakened,"When was the short film ""The Spirit Awakened"" released?","When was D. W. Griffith's short film ""The Spirit Awakened"" released?",1912-01-01,79,9
short_film,D. W. Griffith,The Squaw's Love,"When was the short film ""The Squaw's Love"" released?","When was D. W. Griffith's short film ""The Squaw's Love"" released?",1911-01-01,79,3
short_film,D. W. Griffith,The Stolen Loaf,"When was the short film ""The Stolen Loaf"" released?","When was D. W. Griffith's short film ""The Stolen Loaf"" released?",1913-01-01,79,9
short_film,D. W. Griffith,The Stuff Heroes Are Made Of,"When was the short film ""The Stuff Heroes Are Made Of"" released?","When was D. W. Griffith's short film ""The Stuff Heroes Are Made Of"" released?",1911-01-01,79,9
short_film,D. W. Griffith,The Suicide Club,"When was the short film ""The Suicide Club"" released?","When was D. W. Griffith's short film ""The Suicide Club"" released?",1909-01-01,79,2
short_film,D. W. Griffith,The Sunbeam,"When was the short film ""The Sunbeam"" released?","When was D. W. Griffith's short film ""The Sunbeam"" released?",1912-01-01,79,9
short_film,D. W. Griffith,The Tender Hearted Boy,"When was the short film ""The Tender Hearted Boy"" released?","When was D. W. Griffith's short film ""The Tender Hearted Boy"" released?",1913-01-01,79,5
short_film,D. W. Griffith,The Test,"When was the short film ""The Test"" released?","When was D. W. Griffith's short film ""The Test"" released?",1909-01-01,79,2
short_film,D. W. Griffith,The Thief and the Girl,"When was the short film ""The Thief and the Girl"" released?","When was D. W. Griffith's short film ""The Thief and the Girl"" released?",1911-01-01,79,1
short_film,D. W. Griffith,The Thread of Destiny,"When was the short film ""The Thread of Destiny"" released?","When was D. W. Griffith's short film ""The Thread of Destiny"" released?",1910-01-01,79,3
short_film,D. W. Griffith,The Trail of Books,"When was the short film ""The Trail of Books"" released?","When was D. W. Griffith's short film ""The Trail of Books"" released?",1911-01-01,79,2
short_film,D. W. Griffith,The Transformation of Mike,"When was the short film ""The Transformation of Mike"" released?","When was D. W. Griffith's short film ""The Transformation of Mike"" released?",1912-01-01,79,9
short_film,D. W. Griffith,The Trick That Failed,"When was the short film ""The Trick That Failed"" released?","When was D. W. Griffith's short film ""The Trick That Failed"" released?",1909-01-01,79,1
short_film,D. W. Griffith,The Twisted Trail,"When was the short film ""The Twisted Trail"" released?","When was D. W. Griffith's short film ""The Twisted Trail"" released?",1910-01-01,79,2
short_film,D. W. Griffith,The Two Sides,"When was the short film ""The Two Sides"" released?","When was D. W. Griffith's short film ""The Two Sides"" released?",1911-01-01,79,1
short_film,D. W. Griffith,The Unveiling,"When was the short film ""The Unveiling"" released?","When was D. W. Griffith's short film ""The Unveiling"" released?",1911-01-01,79,2
short_film,D. W. Griffith,The Usurer,"When was the short film ""The Usurer"" released?","When was D. W. Griffith's short film ""The Usurer"" released?",1910-01-01,79,2
short_film,D. W. Griffith,The Way of Man,"When was the short film ""The Way of Man"" released?","When was D. W. Griffith's short film ""The Way of Man"" released?",1909-01-01,79,2
short_film,D. W. Griffith,The Way of the World,"When was the short film ""The Way of the World"" released?","When was D. W. Griffith's short film ""The Way of the World"" released?",1910-01-01,79,2
short_film,D. W. Griffith,The White Rose of the Wilds,"When was the short film ""The White Rose of the Wilds"" released?","When was D. W. Griffith's short film ""The White Rose of the Wilds"" released?",1911-01-01,79,9
short_film,D. W. Griffith,The Winning Coat,"When was the short film ""The Winning Coat"" released?","When was D. W. Griffith's short film ""The Winning Coat"" released?",1909-01-01,79,3
short_film,D. W. Griffith,The Woman from Mellon's,"When was the short film ""The Woman from Mellon's"" released?","When was D. W. Griffith's short film ""The Woman from Mellon's"" released?",1910-01-01,79,9
short_film,D. W. Griffith,The Yaqui Cur,"When was the short film ""The Yaqui Cur"" released?","When was D. W. Griffith's short film ""The Yaqui Cur"" released?",1913-01-01,79,6
short_film,D. W. Griffith,They Would Elope,"When was the short film ""They Would Elope"" released?","When was D. W. Griffith's short film ""They Would Elope"" released?",1909-01-01,79,3
short_film,D. W. Griffith,Thou Shalt Not,"When was the short film ""Thou Shalt Not"" released?","When was D. W. Griffith's short film ""Thou Shalt Not"" released?",1910-01-01,79,2
short_film,D. W. Griffith,Three Sisters,"When was the short film ""Three Sisters"" released?","When was D. W. Griffith's short film ""Three Sisters"" released?",1911-01-01,79,2
short_film,D. W. Griffith,Through Darkened Vales,"When was the short film ""Through Darkened Vales"" released?","When was D. W. Griffith's short film ""Through Darkened Vales"" released?",1911-01-01,79,7
short_film,D. W. Griffith,Through the Breakers,"When was the short film ""Through the Breakers"" released?","When was D. W. Griffith's short film ""Through the Breakers"" released?",1909-01-01,79,2
short_film,D. W. Griffith,Tis an Ill Wind That Blows No Good,"When was the short film ""Tis an Ill Wind That Blows No Good"" released?","When was D. W. Griffith's short film ""Tis an Ill Wind That Blows No Good"" released?",1909-01-01,79,2
short_film,D. W. Griffith,Twin Brothers,"When was the short film ""Twin Brothers"" released?","When was D. W. Griffith's short film ""Twin Brothers"" released?",1909-01-01,79,2
short_film,D. W. Griffith,Two Little Waifs,"When was the short film ""Two Little Waifs"" released?","When was D. W. Griffith's short film ""Two Little Waifs"" released?",1910-01-01,79,2
short_film,D. W. Griffith,Two Women and a Man,"When was the short film ""Two Women and a Man"" released?","When was D. W. Griffith's short film ""Two Women and a Man"" released?",1909-01-01,79,2
short_film,D. W. Griffith,Unexpected Help,"When was the short film ""Unexpected Help"" released?","When was D. W. Griffith's short film ""Unexpected Help"" released?",1910-01-01,79,2
short_film,D. W. Griffith,Waifs,"When was the short film ""Waifs"" released?","When was D. W. Griffith's short film ""Waifs"" released?",1914-01-01,79,2
short_film,D. W. Griffith,Waiter No. 5,"When was the short film ""Waiter No. 5"" released?","When was D. W. Griffith's short film ""Waiter No. 5"" released?",1910-01-01,79,2
short_film,D. W. Griffith,"Wanted, a Child","When was the short film ""Wanted, a Child"" released?","When was D. W. Griffith's short film ""Wanted, a Child"" released?",1909-01-01,79,2
short_film,D. W. Griffith,Was Justice Served?,"When was the short film ""Was Justice Served?"" released?","When was D. W. Griffith's short film ""Was Justice Served?"" released?",1909-01-01,79,2
short_film,D. W. Griffith,What Drink Did,"When was the short film ""What Drink Did"" released?","When was D. W. Griffith's short film ""What Drink Did"" released?",1909-01-01,79,2
short_film,D. W. Griffith,What's Your Hurry?,"When was the short film ""What's Your Hurry?"" released?","When was D. W. Griffith's short film ""What's Your Hurry?"" released?",1909-01-01,79,3
short_film,D. W. Griffith,When a Man Loves,"When was the short film ""When a Man Loves"" released?","When was D. W. Griffith's short film ""When a Man Loves"" released?",1911-01-01,79,2
short_film,D. W. Griffith,When Kings Were the Law,"When was the short film ""When Kings Were the Law"" released?","When was D. W. Griffith's short film ""When Kings Were the Law"" released?",1912-01-01,79,2
short_film,D. W. Griffith,Wilful Peggy,"When was the short film ""Wilful Peggy"" released?","When was D. W. Griffith's short film ""Wilful Peggy"" released?",1910-01-01,79,9
short_film,D. W. Griffith,Winning Back His Love,"When was the short film ""Winning Back His Love"" released?","When was D. W. Griffith's short film ""Winning Back His Love"" released?",1910-01-01,79,8
short_film,D. W. Griffith,With Her Card,"When was the short film ""With Her Card"" released?","When was D. W. Griffith's short film ""With Her Card"" released?",1909-01-01,79,2
short_film,Eadweard Muybridge,Athlete Swinging a Pick,"When was the short film ""Athlete Swinging a Pick"" released?","When was Eadweard Muybridge's short film ""Athlete Swinging a Pick"" released?",1881-01-01,55,2
short_film,Eadweard Muybridge,Chickens Scared by Torpedo,"When was the short film ""Chickens Scared by Torpedo"" released?","When was Eadweard Muybridge's short film ""Chickens Scared by Torpedo"" released?",1887-01-01,55,0
short_film,Eadweard Muybridge,Human Figure in Motion,"When was the short film ""Human Figure in Motion"" released?","When was Eadweard Muybridge's short film ""Human Figure in Motion"" released?",1884-01-01,55,0
short_film,Eadweard Muybridge,Lioness Walking,"When was the short film ""Lioness Walking"" released?","When was Eadweard Muybridge's short film ""Lioness Walking"" released?",1887-01-01,55,1
short_film,Eadweard Muybridge,Woman Throwing Baseball,"When was the short film ""Woman Throwing Baseball"" released?","When was Eadweard Muybridge's short film ""Woman Throwing Baseball"" released?",1887-01-01,55,3
short_film,Elia Kazan,Whether To Tell The Truth,"When was the short film ""Whether To Tell The Truth"" released?","When was Elia Kazan's short film ""Whether To Tell The Truth"" released?",1972-01-01,81,0
short_film,Éric Rohmer,La Cambrure,"When was the short film ""La Cambrure"" released?","When was Éric Rohmer's short film ""La Cambrure"" released?",1999-01-01,53,4
short_film,Éric Rohmer,Nadja in Paris,"When was the short film ""Nadja in Paris"" released?","When was Éric Rohmer's short film ""Nadja in Paris"" released?",1964-01-01,53,4
short_film,Éric Rohmer,Veronica and Her Dunce,"When was the short film ""Veronica and Her Dunce"" released?","When was Éric Rohmer's short film ""Veronica and Her Dunce"" released?",1959-01-01,53,6
short_film,Ernst Lubitsch,A Trip on the Ice,"When was the short film ""A Trip on the Ice"" released?","When was Ernst Lubitsch's short film ""A Trip on the Ice"" released?",1915-01-01,59,2
short_film,Ernst Lubitsch,Blindekuh,"When was the short film ""Blindekuh"" released?","When was Ernst Lubitsch's short film ""Blindekuh"" released?",1915-01-01,59,3
short_film,Ernst Lubitsch,His Only Patient,"When was the short film ""His Only Patient"" released?","When was Ernst Lubitsch's short film ""His Only Patient"" released?",1917-01-01,59,2
short_film,Ernst Lubitsch,"Hollander, King of Cheese","When was the short film ""Hollander, King of Cheese"" released?","When was Ernst Lubitsch's short film ""Hollander, King of Cheese"" released?",1919-01-01,59,2
short_film,Ernst Lubitsch,Miss Soapsuds,"When was the short film ""Miss Soapsuds"" released?","When was Ernst Lubitsch's short film ""Miss Soapsuds"" released?",1914-01-01,59,3
short_film,Ernst Lubitsch,Ossis Tagebuch,"When was the short film ""Ossis Tagebuch"" released?","When was Ernst Lubitsch's short film ""Ossis Tagebuch"" released?",1917-01-01,59,2
short_film,Ernst Lubitsch,The Ballet Girl,"When was the short film ""The Ballet Girl"" released?","When was Ernst Lubitsch's short film ""The Ballet Girl"" released?",1918-01-01,59,7
short_film,Ernst Lubitsch,The Blouse King,"When was the short film ""The Blouse King"" released?","When was Ernst Lubitsch's short film ""The Blouse King"" released?",1917-01-01,59,3
short_film,Ernst Lubitsch,The Bodybuilder,"When was the short film ""The Bodybuilder"" released?","When was Ernst Lubitsch's short film ""The Bodybuilder"" released?",1915-01-01,59,2
short_film,Ernst Lubitsch,The Case of Rosentopf,"When was the short film ""The Case of Rosentopf"" released?","When was Ernst Lubitsch's short film ""The Case of Rosentopf"" released?",1918-01-01,59,7
short_film,Ernst Lubitsch,The Housing Shortage,"When was the short film ""The Housing Shortage"" released?","When was Ernst Lubitsch's short film ""The Housing Shortage"" released?",1920-01-01,59,3
short_film,Ernst Lubitsch,The Mixed Ladies Chorus,"When was the short film ""The Mixed Ladies Chorus"" released?","When was Ernst Lubitsch's short film ""The Mixed Ladies Chorus"" released?",1916-01-01,59,2
short_film,Ernst Lubitsch,The Most Beautiful Gift,"When was the short film ""The Most Beautiful Gift"" released?","When was Ernst Lubitsch's short film ""The Most Beautiful Gift"" released?",1916-01-01,59,2
short_film,Ernst Lubitsch,The New Nose,"When was the short film ""The New Nose"" released?","When was Ernst Lubitsch's short film ""The New Nose"" released?",1916-01-01,59,2
short_film,Ernst Lubitsch,When Four Do the Same,"When was the short film ""When Four Do the Same"" released?","When was Ernst Lubitsch's short film ""When Four Do the Same"" released?",1917-01-01,59,9
short_film,Ernst Lubitsch,Zucker und Zimt,"When was the short film ""Zucker und Zimt"" released?","When was Ernst Lubitsch's short film ""Zucker und Zimt"" released?",1915-01-01,59,2
short_film,Finn Wolfhard,Night Shifts,"When was the short film ""Night Shifts"" released?","When was Finn Wolfhard's short film ""Night Shifts"" released?",2020-01-01,57,4
short_film,Françoise Sagan,One More Winter,"When was the short film ""One More Winter"" released?","When was Françoise Sagan's short film ""One More Winter"" released?",1979-01-01,84,1
short_film,François Ozon,A Rose Between Us,"When was the short film ""A Rose Between Us"" released?","When was François Ozon's short film ""A Rose Between Us"" released?",1994-01-01,51,1
short_film,François Ozon,Bedtime Stories,"When was the short film ""Bedtime Stories"" released?","When was François Ozon's short film ""Bedtime Stories"" released?",1998-01-01,51,2
short_film,François Ozon,Deux plus un,"When was the short film ""Deux plus un"" released?","When was François Ozon's short film ""Deux plus un"" released?",1991-01-01,51,2
short_film,François Ozon,Les doigts dans le ventre,"When was the short film ""Les doigts dans le ventre"" released?","When was François Ozon's short film ""Les doigts dans le ventre"" released?",1988-01-01,51,0
short_film,François Ozon,Little Death,"When was the short film ""Little Death"" released?","When was François Ozon's short film ""Little Death"" released?",1995-01-01,51,3
short_film,François Ozon,Photo de famille,"When was the short film ""Photo de famille"" released?","When was François Ozon's short film ""Photo de famille"" released?",1988-01-01,51,1
short_film,François Ozon,See the Sea,"When was the short film ""See the Sea"" released?","When was François Ozon's short film ""See the Sea"" released?",1997-01-01,51,5
short_film,François Ozon,Truth or Dare,"When was the short film ""Truth or Dare"" released?","When was François Ozon's short film ""Truth or Dare"" released?",1994-01-01,51,1
short_film,François Ozon,Victor,"When was the short film ""Victor"" released?","When was François Ozon's short film ""Victor"" released?",1993-01-01,51,5
short_film,François Ozon,X2000,"When was the short film ""X2000"" released?","When was François Ozon's short film ""X2000"" released?",1998-01-01,51,4
short_film,François Truffaut,Antoine and Colette,"When was the short film ""Antoine and Colette"" released?","When was François Truffaut's short film ""Antoine and Colette"" released?",1962-01-01,97,9
short_film,François Truffaut,Los 4 Golpes,"When was the short film ""Los 4 Golpes"" released?","When was François Truffaut's short film ""Los 4 Golpes"" released?",1962-01-01,97,1
short_film,Franco Zeffirelli,Born For Us,"When was the short film ""Born For Us"" released?","When was Franco Zeffirelli's short film ""Born For Us"" released?",1977-01-01,58,0
short_film,Franco Zeffirelli,Bread Of Eternal Life,"When was the short film ""Bread Of Eternal Life"" released?","When was Franco Zeffirelli's short film ""Bread Of Eternal Life"" released?",1977-01-01,58,0
short_film,Franco Zeffirelli,Friend Of Sinners,"When was the short film ""Friend Of Sinners"" released?","When was Franco Zeffirelli's short film ""Friend Of Sinners"" released?",1977-01-01,58,0
short_film,Franco Zeffirelli,He Who Calls,"When was the short film ""He Who Calls"" released?","When was Franco Zeffirelli's short film ""He Who Calls"" released?",1977-01-01,58,0
short_film,Franco Zeffirelli,Liberator Of The Oppressed,"When was the short film ""Liberator Of The Oppressed"" released?","When was Franco Zeffirelli's short film ""Liberator Of The Oppressed"" released?",1977-01-01,58,0
short_film,Franco Zeffirelli,Messiah Of Love,"When was the short film ""Messiah Of Love"" released?","When was Franco Zeffirelli's short film ""Messiah Of Love"" released?",1977-01-01,58,0
short_film,Franco Zeffirelli,Prophet Of Truth,"When was the short film ""Prophet Of Truth"" released?","When was Franco Zeffirelli's short film ""Prophet Of Truth"" released?",1977-01-01,58,0
short_film,Franco Zeffirelli,Sent By God,"When was the short film ""Sent By God"" released?","When was Franco Zeffirelli's short film ""Sent By God"" released?",1977-01-01,58,0
short_film,Franco Zeffirelli,The Awaited Messiah,"When was the short film ""The Awaited Messiah"" released?","When was Franco Zeffirelli's short film ""The Awaited Messiah"" released?",1977-01-01,58,0
short_film,Franco Zeffirelli,The Forgiving Lord,"When was the short film ""The Forgiving Lord"" released?","When was Franco Zeffirelli's short film ""The Forgiving Lord"" released?",1977-01-01,58,0
short_film,Franco Zeffirelli,The Innocent Condemned,"When was the short film ""The Innocent Condemned"" released?","When was Franco Zeffirelli's short film ""The Innocent Condemned"" released?",1977-01-01,58,0
short_film,Franco Zeffirelli,The Man Of The Beatitudes,"When was the short film ""The Man Of The Beatitudes"" released?","When was Franco Zeffirelli's short film ""The Man Of The Beatitudes"" released?",1977-01-01,58,0
short_film,Franco Zeffirelli,The Risen Lord Living Forever,"When was the short film ""The Risen Lord Living Forever"" released?","When was Franco Zeffirelli's short film ""The Risen Lord Living Forever"" released?",1977-01-01,58,0
short_film,Frank Borzage,Nugget Jim's Pardner,"When was the short film ""Nugget Jim's Pardner"" released?","When was Frank Borzage's short film ""Nugget Jim's Pardner"" released?",1916-01-01,53,2
short_film,Frank Borzage,The Mystery of Yellow Aster Mine,"When was the short film ""The Mystery of Yellow Aster Mine"" released?","When was Frank Borzage's short film ""The Mystery of Yellow Aster Mine"" released?",1913-08-26,53,3
short_film,Frank Lloyd,The Last Bomb,"When was the short film ""The Last Bomb"" released?","When was Frank Lloyd's short film ""The Last Bomb"" released?",1945-01-01,54,3
short_film,Frank Lloyd,The Mexican's Last Raid,"When was the short film ""The Mexican's Last Raid"" released?","When was Frank Lloyd's short film ""The Mexican's Last Raid"" released?",1914-01-01,54,2
short_film,Frank Lloyd,Traffic in Babies,"When was the short film ""Traffic in Babies"" released?","When was Frank Lloyd's short film ""Traffic in Babies"" released?",1914-01-01,54,2
short_film,Frank Lloyd,William Farnum in a Liberty Loan Appeal,"When was the short film ""William Farnum in a Liberty Loan Appeal"" released?","When was Frank Lloyd's short film ""William Farnum in a Liberty Loan Appeal"" released?",1918-10-01,54,1
short_film,Frank Lloyd,Wolves of Society,"When was the short film ""Wolves of Society"" released?","When was Frank Lloyd's short film ""Wolves of Society"" released?",1915-01-01,54,2
short_film,Fred Zinnemann,Benjy,"When was the short film ""Benjy"" released?","When was Fred Zinnemann's short film ""Benjy"" released?",1951-01-01,56,6
short_film,Fred Zinnemann,Forbidden Passage,"When was the short film ""Forbidden Passage"" released?","When was Fred Zinnemann's short film ""Forbidden Passage"" released?",1941-01-01,56,4
short_film,Fred Zinnemann,Help Wanted,"When was the short film ""Help Wanted"" released?","When was Fred Zinnemann's short film ""Help Wanted"" released?",1939-01-01,56,1
short_film,Fred Zinnemann,That Mothers Might Live,"When was the short film ""That Mothers Might Live"" released?","When was Fred Zinnemann's short film ""That Mothers Might Live"" released?",1938-01-01,56,7
short_film,Fred Zinnemann,The Lady or the Tiger?,"When was the short film ""The Lady or the Tiger?"" released?","When was Fred Zinnemann's short film ""The Lady or the Tiger?"" released?",1942-01-01,56,0
short_film,F. W. Murnau,The Expulsion,"When was the short film ""The Expulsion"" released?","When was F. W. Murnau's short film ""The Expulsion"" released?",1923-01-01,51,9
short_film,Gabourey Sidibe,The Tale of Four,"When was the short film ""The Tale of Four"" released?","When was Gabourey Sidibe's short film ""The Tale of Four"" released?",2016-01-01,51,1
short_film,Gael García Bernal,La mano visible,"When was the short film ""La mano visible"" released?","When was Gael García Bernal's short film ""La mano visible"" released?",2015-01-01,58,1
short_film,Gael García Bernal,Los Invisibles,"When was the short film ""Los Invisibles"" released?","When was Gael García Bernal's short film ""Los Invisibles"" released?",2010-01-01,58,1
short_film,George Lucas,1:42.08,"When was the short film ""1:42.08"" released?","When was George Lucas's short film ""1:42.08"" released?",1966-01-01,132,2
short_film,George Lucas,6-18-67,"When was the short film ""6-18-67"" released?","When was George Lucas's short film ""6-18-67"" released?",1967-01-01,132,3
short_film,George Lucas,Anyone Lived in a Pretty How Town,"When was the short film ""Anyone Lived in a Pretty How Town"" released?","When was George Lucas's short film ""Anyone Lived in a Pretty How Town"" released?",1967-01-01,132,3
short_film,George Lucas,Filmmaker,"When was the short film ""Filmmaker"" released?","When was George Lucas's short film ""Filmmaker"" released?",1968-01-01,132,3
short_film,George Lucas,Freiheit,"When was the short film ""Freiheit"" released?","When was George Lucas's short film ""Freiheit"" released?",1966-01-01,132,2
short_film,George Lucas,Herbie,"When was the short film ""Herbie"" released?","When was George Lucas's short film ""Herbie"" released?",1966-01-01,132,2
short_film,George Lucas,Look at Life,"When was the short film ""Look at Life"" released?","When was George Lucas's short film ""Look at Life"" released?",1965-01-01,132,4
short_film,George Lucas,The Emperor,"When was the short film ""The Emperor"" released?","When was George Lucas's short film ""The Emperor"" released?",1967-01-01,132,2
short_film,Georges Méliès,A Burlesque Highway Robbery in Gay Paree,"When was the short film ""A Burlesque Highway Robbery in Gay Paree"" released?","When was Georges Méliès's short film ""A Burlesque Highway Robbery in Gay Paree"" released?",1904-01-16,80,2
short_film,Georges Méliès,A Crazy Composer,"When was the short film ""A Crazy Composer"" released?","When was Georges Méliès's short film ""A Crazy Composer"" released?",1905-01-01,80,3
short_film,Georges Méliès,A Desperate Crime,"When was the short film ""A Desperate Crime"" released?","When was Georges Méliès's short film ""A Desperate Crime"" released?",1906-01-01,80,8
short_film,Georges Méliès,A Dinner Under Difficulties,"When was the short film ""A Dinner Under Difficulties"" released?","When was Georges Méliès's short film ""A Dinner Under Difficulties"" released?",1899-01-01,80,5
short_film,Georges Méliès,A Fake Diamond Swindler,"When was the short film ""A Fake Diamond Swindler"" released?","When was Georges Méliès's short film ""A Fake Diamond Swindler"" released?",1908-01-01,80,6
short_film,Georges Méliès,A Good Trick,"When was the short film ""A Good Trick"" released?","When was Georges Méliès's short film ""A Good Trick"" released?",1901-01-01,80,2
short_film,Georges Méliès,A Grandmother's Story,"When was the short film ""A Grandmother's Story"" released?","When was Georges Méliès's short film ""A Grandmother's Story"" released?",1908-01-01,80,7
short_film,Georges Méliès,"Alcofrisbas, the Master Magician","When was the short film ""Alcofrisbas, the Master Magician"" released?","When was Georges Méliès's short film ""Alcofrisbas, the Master Magician"" released?",1903-01-01,80,9
short_film,Georges Méliès,A Lightning Sketch,"When was the short film ""A Lightning Sketch"" released?","When was Georges Méliès's short film ""A Lightning Sketch"" released?",1896-01-01,80,6
short_film,Georges Méliès,A Lightning Sketch (H.M. Queen Victoria),"When was the short film ""A Lightning Sketch (H.M. Queen Victoria)"" released?","When was Georges Méliès's short film ""A Lightning Sketch (H.M. Queen Victoria)"" released?",1896-01-01,80,3
short_film,Georges Méliès,A Lightning Sketch (Von Bismarck),"When was the short film ""A Lightning Sketch (Von Bismarck)"" released?","When was Georges Méliès's short film ""A Lightning Sketch (Von Bismarck)"" released?",1896-01-01,80,2
short_film,Georges Méliès,A Love Tragedy in Spain,"When was the short film ""A Love Tragedy in Spain"" released?","When was Georges Méliès's short film ""A Love Tragedy in Spain"" released?",1908-01-01,80,7
short_film,Georges Méliès,A Maiden's Paradise,"When was the short film ""A Maiden's Paradise"" released?","When was Georges Méliès's short film ""A Maiden's Paradise"" released?",1901-01-01,80,1
short_film,Georges Méliès,A Mesmerian Experiment,"When was the short film ""A Mesmerian Experiment"" released?","When was Georges Méliès's short film ""A Mesmerian Experiment"" released?",1905-01-01,80,8
short_film,Georges Méliès,A Mix-up in the Gallery,"When was the short film ""A Mix-up in the Gallery"" released?","When was Georges Méliès's short film ""A Mix-up in the Gallery"" released?",1906-01-01,80,8
short_film,Georges Méliès,A Moonlight Serenade,"When was the short film ""A Moonlight Serenade"" released?","When was Georges Méliès's short film ""A Moonlight Serenade"" released?",1904-01-01,80,8
short_film,Georges Méliès,A New Death Penalty,"When was the short film ""A New Death Penalty"" released?","When was Georges Méliès's short film ""A New Death Penalty"" released?",1907-01-01,80,2
short_film,Georges Méliès,An Impossible Balancing Feat,"When was the short film ""An Impossible Balancing Feat"" released?","When was Georges Méliès's short film ""An Impossible Balancing Feat"" released?",1902-01-01,80,4
short_film,Georges Méliès,À president-elect Roosevelt,"When was the short film ""À president-elect Roosevelt"" released?","When was Georges Méliès's short film ""À president-elect Roosevelt"" released?",1905-01-01,80,1
short_film,Georges Méliès,A Private Dinner,"When was the short film ""A Private Dinner"" released?","When was Georges Méliès's short film ""A Private Dinner"" released?",1897-01-01,80,7
short_film,Georges Méliès,A Roadside Inn,"When was the short film ""A Roadside Inn"" released?","When was Georges Méliès's short film ""A Roadside Inn"" released?",1906-01-01,80,9
short_film,Georges Méliès,A Seaside Flirtation,"When was the short film ""A Seaside Flirtation"" released?","When was Georges Méliès's short film ""A Seaside Flirtation"" released?",1906-01-01,80,6
short_film,Georges Méliès,A Spiritualistic Meeting,"When was the short film ""A Spiritualistic Meeting"" released?","When was Georges Méliès's short film ""A Spiritualistic Meeting"" released?",1906-01-01,80,1
short_film,Georges Méliès,A Tricky Painter's Fate,"When was the short film ""A Tricky Painter's Fate"" released?","When was Georges Méliès's short film ""A Tricky Painter's Fate"" released?",1908-01-01,80,8
short_film,Georges Méliès,At the Hotel Mix-Up,"When was the short film ""At the Hotel Mix-Up"" released?","When was Georges Méliès's short film ""At the Hotel Mix-Up"" released?",1908-01-01,80,2
short_film,Georges Méliès,"A Wager Between Two Magicians, or Jealous of Myself","When was the short film ""A Wager Between Two Magicians, or Jealous of Myself"" released?","When was Georges Méliès's short film ""A Wager Between Two Magicians, or Jealous of Myself"" released?",1904-01-01,80,9
short_film,Georges Méliès,Baignade en mer,"When was the short film ""Baignade en mer"" released?","When was Georges Méliès's short film ""Baignade en mer"" released?",1896-01-01,80,7
short_film,Georges Méliès,Barque sortant du port de Trouville,"When was the short film ""Barque sortant du port de Trouville"" released?","When was Georges Méliès's short film ""Barque sortant du port de Trouville"" released?",1896-01-01,80,6
short_film,Georges Méliès,Bateau-mouche sur la Seine,"When was the short film ""Bateau-mouche sur la Seine"" released?","When was Georges Méliès's short film ""Bateau-mouche sur la Seine"" released?",1896-01-01,80,3
short_film,Georges Méliès,Batteuse à vapeur,"When was the short film ""Batteuse à vapeur"" released?","When was Georges Méliès's short film ""Batteuse à vapeur"" released?",1896-01-01,80,3
short_film,Georges Méliès,Bébé et fillettes,"When was the short film ""Bébé et fillettes"" released?","When was Georges Méliès's short film ""Bébé et fillettes"" released?",1896-01-01,80,4
short_film,Georges Méliès,"Benvenuto Cellini - or, a Curious Evasion","When was the short film ""Benvenuto Cellini - or, a Curious Evasion"" released?","When was Georges Méliès's short film ""Benvenuto Cellini - or, a Curious Evasion"" released?",1904-01-01,80,2
short_film,Georges Méliès,Bewitched Dungeon,"When was the short film ""Bewitched Dungeon"" released?","When was Georges Méliès's short film ""Bewitched Dungeon"" released?",1901-01-01,80,1
short_film,Georges Méliès,"Bob Kick, the Mischievous Kid","When was the short film ""Bob Kick, the Mischievous Kid"" released?","When was Georges Méliès's short film ""Bob Kick, the Mischievous Kid"" released?",1903-01-01,80,9
short_film,Georges Méliès,Bois de Boulogne,"When was the short film ""Bois de Boulogne"" released?","When was Georges Méliès's short film ""Bois de Boulogne"" released?",1896-01-01,80,3
short_film,Georges Méliès,Boulevard des Italiens,"When was the short film ""Boulevard des Italiens"" released?","When was Georges Méliès's short film ""Boulevard des Italiens"" released?",1896-01-01,80,3
short_film,Georges Méliès,Buncoed Stage Johnnie,"When was the short film ""Buncoed Stage Johnnie"" released?","When was Georges Méliès's short film ""Buncoed Stage Johnnie"" released?",1908-01-01,80,7
short_film,Georges Méliès,Cabinet Trick of the Davenport Brothers,"When was the short film ""Cabinet Trick of the Davenport Brothers"" released?","When was Georges Méliès's short film ""Cabinet Trick of the Davenport Brothers"" released?",1902-01-01,80,1
short_film,Georges Méliès,China Versus Allied Powers,"When was the short film ""China Versus Allied Powers"" released?","When was Georges Méliès's short film ""China Versus Allied Powers"" released?",1901-01-01,80,9
short_film,Georges Méliès,Christ Walking on the Water,"When was the short film ""Christ Walking on the Water"" released?","When was Georges Méliès's short film ""Christ Walking on the Water"" released?",1899-01-01,80,6
short_film,Georges Méliès,Conjurer and 100 Tricks,"When was the short film ""Conjurer and 100 Tricks"" released?","When was Georges Méliès's short film ""Conjurer and 100 Tricks"" released?",1901-01-01,80,1
short_film,Georges Méliès,"Coppelia, the Animated Doll","When was the short film ""Coppelia, the Animated Doll"" released?","When was Georges Méliès's short film ""Coppelia, the Animated Doll"" released?",1900-01-01,80,8
short_film,Georges Méliès,Cortège de tzar allant à Versailles,"When was the short film ""Cortège de tzar allant à Versailles"" released?","When was Georges Méliès's short film ""Cortège de tzar allant à Versailles"" released?",1896-01-01,80,3
painting,Abdülmecid II,Hanzade Sultan,"When was the painting ""Hanzade Sultan"" created?","When was Abdülmecid II's painting ""Hanzade Sultan"" created?",1936-01-01,58,0
painting,Abdülmecid II,Haremde Goethe,"When was the painting ""Haremde Goethe"" created?","When was Abdülmecid II's painting ""Haremde Goethe"" created?",1918-01-01,58,2
painting,Abdülmecid II,Palace Beethoven,"When was the painting ""Palace Beethoven"" created?","When was Abdülmecid II's painting ""Palace Beethoven"" created?",1915-01-01,58,1
painting,Abdülmecid II,Young Girl,"When was the painting ""Young Girl"" created?","When was Abdülmecid II's painting ""Young Girl"" created?",1906-01-01,58,0
painting,Adolf Hitler,Mother Mary with the Holy Child Jesus Christ,"When was the painting ""Mother Mary with the Holy Child Jesus Christ"" created?","When was Adolf Hitler's painting ""Mother Mary with the Holy Child Jesus Christ"" created?",1913-01-01,322,0
painting,Akseli Gallen-Kallela,200th Anniversary of the University,"When was the painting ""200th Anniversary of the University"" created?","When was Akseli Gallen-Kallela's painting ""200th Anniversary of the University"" created?",1891-01-01,51,0
painting,Akseli Gallen-Kallela,Acacia on the Savannah,"When was the painting ""Acacia on the Savannah"" created?","When was Akseli Gallen-Kallela's painting ""Acacia on the Savannah"" created?",1909-01-01,51,0
painting,Akseli Gallen-Kallela,Ad Astra,"When was the painting ""Ad Astra"" created?","When was Akseli Gallen-Kallela's painting ""Ad Astra"" created?",1895-01-01,51,3
painting,Akseli Gallen-Kallela,A foggy morning at Malmi,"When was the painting ""A foggy morning at Malmi"" created?","When was Akseli Gallen-Kallela's painting ""A foggy morning at Malmi"" created?",1891-01-01,51,0
painting,Akseli Gallen-Kallela,African Landscape - Landscape Study,"When was the painting ""African Landscape - Landscape Study"" created?","When was Akseli Gallen-Kallela's painting ""African Landscape - Landscape Study"" created?",1909-01-01,51,0
painting,Akseli Gallen-Kallela,African Motif,"When was the painting ""African Motif"" created?","When was Akseli Gallen-Kallela's painting ""African Motif"" created?",1910-01-01,51,0
painting,Akseli Gallen-Kallela,After the Opera Ball,"When was the painting ""After the Opera Ball"" created?","When was Akseli Gallen-Kallela's painting ""After the Opera Ball"" created?",1888-01-01,51,0
painting,Akseli Gallen-Kallela,A Girl in the Old Church of Keuruu,"When was the painting ""A Girl in the Old Church of Keuruu"" created?","When was Akseli Gallen-Kallela's painting ""A Girl in the Old Church of Keuruu"" created?",1889-01-01,51,2
painting,Akseli Gallen-Kallela,A Girl Standing in the Wind,"When was the painting ""A Girl Standing in the Wind"" created?","When was Akseli Gallen-Kallela's painting ""A Girl Standing in the Wind"" created?",1893-01-01,51,0
painting,Akseli Gallen-Kallela,A House of Stout Logs,"When was the painting ""A House of Stout Logs"" created?","When was Akseli Gallen-Kallela's painting ""A House of Stout Logs"" created?",1906-01-01,51,0
painting,Akseli Gallen-Kallela,Aino,"When was the painting ""Aino"" created?","When was Akseli Gallen-Kallela's painting ""Aino"" created?",1916-01-01,51,0
painting,Akseli Gallen-Kallela,Aino Myth,"When was the painting ""Aino Myth"" created?","When was Akseli Gallen-Kallela's painting ""Aino Myth"" created?",1891-01-01,51,6
painting,Akseli Gallen-Kallela,Aino Triptych,"When was the painting ""Aino Triptych"" created?","When was Akseli Gallen-Kallela's painting ""Aino Triptych"" created?",1889-01-01,51,1
painting,Akseli Gallen-Kallela,A Kikuyu Man,"When was the painting ""A Kikuyu Man"" created?","When was Akseli Gallen-Kallela's painting ""A Kikuyu Man"" created?",1909-01-01,51,0
painting,Akseli Gallen-Kallela,A lake view,"When was the painting ""A lake view"" created?","When was Akseli Gallen-Kallela's painting ""A lake view"" created?",1905-01-01,51,0
painting,Akseli Gallen-Kallela,"A Loft at Hoskari, Keuruu","When was the painting ""A Loft at Hoskari, Keuruu"" created?","When was Akseli Gallen-Kallela's painting ""A Loft at Hoskari, Keuruu"" created?",1884-01-01,51,0
painting,Akseli Gallen-Kallela,An African Resting,"When was the painting ""An African Resting"" created?","When was Akseli Gallen-Kallela's painting ""An African Resting"" created?",1909-01-01,51,0
painting,Akseli Gallen-Kallela,A pockmarked boy from Savo,"When was the painting ""A pockmarked boy from Savo"" created?","When was Akseli Gallen-Kallela's painting ""A pockmarked boy from Savo"" created?",1890-01-01,51,0
painting,Akseli Gallen-Kallela,A Study of a Girl,"When was the painting ""A Study of a Girl"" created?","When was Akseli Gallen-Kallela's painting ""A Study of a Girl"" created?",1895-01-01,51,0
painting,Akseli Gallen-Kallela,Autumn forrest,"When was the painting ""Autumn forrest"" created?","When was Akseli Gallen-Kallela's painting ""Autumn forrest"" created?",1902-01-01,51,0
painting,Akseli Gallen-Kallela,Autumn Landscape,"When was the painting ""Autumn Landscape"" created?","When was Akseli Gallen-Kallela's painting ""Autumn Landscape"" created?",1911-01-01,51,0
painting,Akseli Gallen-Kallela,"Autumn Landscape, First Snow","When was the painting ""Autumn Landscape, First Snow"" created?","When was Akseli Gallen-Kallela's painting ""Autumn Landscape, First Snow"" created?",1897-01-01,51,0
painting,Akseli Gallen-Kallela,"Autumn, the five crosses","When was the painting ""Autumn, the five crosses"" created?","When was Akseli Gallen-Kallela's painting ""Autumn, the five crosses"" created?",1902-01-01,51,0
painting,Akseli Gallen-Kallela,"A Walk in the Forest, miss Thysell","When was the painting ""A Walk in the Forest, miss Thysell"" created?","When was Akseli Gallen-Kallela's painting ""A Walk in the Forest, miss Thysell"" created?",1886-01-01,51,0
painting,Akseli Gallen-Kallela,A Watching Maasai,"When was the painting ""A Watching Maasai"" created?","When was Akseli Gallen-Kallela's painting ""A Watching Maasai"" created?",1909-01-01,51,0
painting,Akseli Gallen-Kallela,Axel Gallén´s work table in Paris,"When was the painting ""Axel Gallén´s work table in Paris"" created?","When was Akseli Gallen-Kallela's painting ""Axel Gallén´s work table in Paris"" created?",1889-01-01,51,0
painting,Akseli Gallen-Kallela,Babylonian Woman,"When was the painting ""Babylonian Woman"" created?","When was Akseli Gallen-Kallela's painting ""Babylonian Woman"" created?",1899-01-01,51,0
painting,Akseli Gallen-Kallela,Bishop Henry Baptizing Finns,"When was the painting ""Bishop Henry Baptizing Finns"" created?","When was Akseli Gallen-Kallela's painting ""Bishop Henry Baptizing Finns"" created?",1885-01-01,51,0
painting,Akseli Gallen-Kallela,Boat moored on the river bank,"When was the painting ""Boat moored on the river bank"" created?","When was Akseli Gallen-Kallela's painting ""Boat moored on the river bank"" created?",1903-01-01,51,0
painting,Akseli Gallen-Kallela,Boat on a Rocky Shore Near the Old Church in Tyrvää,"When was the painting ""Boat on a Rocky Shore Near the Old Church in Tyrvää"" created?","When was Akseli Gallen-Kallela's painting ""Boat on a Rocky Shore Near the Old Church in Tyrvää"" created?",1884-01-01,51,0
painting,Akseli Gallen-Kallela,Boats on the Shore,"When was the painting ""Boats on the Shore"" created?","When was Akseli Gallen-Kallela's painting ""Boats on the Shore"" created?",1884-01-01,51,0
painting,Akseli Gallen-Kallela,"Bohême, Portrait of the Norwegian Artist C. A. Dørnberger","When was the painting ""Bohême, Portrait of the Norwegian Artist C. A. Dørnberger"" created?","When was Akseli Gallen-Kallela's painting ""Bohême, Portrait of the Norwegian Artist C. A. Dørnberger"" created?",1888-01-01,51,0
painting,Akseli Gallen-Kallela,Boulevard in Paris,"When was the painting ""Boulevard in Paris"" created?","When was Akseli Gallen-Kallela's painting ""Boulevard in Paris"" created?",1885-01-01,51,2
painting,Akseli Gallen-Kallela,Boy with a Crow,"When was the painting ""Boy with a Crow"" created?","When was Akseli Gallen-Kallela's painting ""Boy with a Crow"" created?",1884-01-01,51,1
painting,Akseli Gallen-Kallela,British East Africa,"When was the painting ""British East Africa"" created?","When was Akseli Gallen-Kallela's painting ""British East Africa"" created?",1910-01-01,51,0
painting,Akseli Gallen-Kallela,Brushfire,"When was the painting ""Brushfire"" created?","When was Akseli Gallen-Kallela's painting ""Brushfire"" created?",1909-01-01,51,0
painting,Akseli Gallen-Kallela,Building,"When was the painting ""Building"" created?","When was Akseli Gallen-Kallela's painting ""Building"" created?",1903-01-01,51,0
painting,Akseli Gallen-Kallela,Burial,"When was the painting ""Burial"" created?","When was Akseli Gallen-Kallela's painting ""Burial"" created?",1910-01-01,51,0
painting,Akseli Gallen-Kallela,Burnt forest,"When was the painting ""Burnt forest"" created?","When was Akseli Gallen-Kallela's painting ""Burnt forest"" created?",1904-01-01,51,0
painting,Akseli Gallen-Kallela,"By the River of Tuonela, study for the Jusélius Mausoleum frescos","When was the painting ""By the River of Tuonela, study for the Jusélius Mausoleum frescos"" created?","When was Akseli Gallen-Kallela's painting ""By the River of Tuonela, study for the Jusélius Mausoleum frescos"" created?",1903-01-01,51,0
painting,Akseli Gallen-Kallela,Café in Paris,"When was the painting ""Café in Paris"" created?","When was Akseli Gallen-Kallela's painting ""Café in Paris"" created?",1909-01-01,51,0
painting,Akseli Gallen-Kallela,"Cape Guardafui (Indian Ocean, by Cape Guardafui)","When was the painting ""Cape Guardafui (Indian Ocean, by Cape Guardafui)"" created?","When was Akseli Gallen-Kallela's painting ""Cape Guardafui (Indian Ocean, by Cape Guardafui)"" created?",1909-01-01,51,0
painting,Akseli Gallen-Kallela,Card Players,"When was the painting ""Card Players"" created?","When was Akseli Gallen-Kallela's painting ""Card Players"" created?",1889-01-01,51,0
painting,Akseli Gallen-Kallela,Cat and Dog,"When was the painting ""Cat and Dog"" created?","When was Akseli Gallen-Kallela's painting ""Cat and Dog"" created?",1890-01-01,51,0
painting,Akseli Gallen-Kallela,Cheetah,"When was the painting ""Cheetah"" created?","When was Akseli Gallen-Kallela's painting ""Cheetah"" created?",1910-01-01,51,0
painting,Akseli Gallen-Kallela,Clouds above a Lake,"When was the painting ""Clouds above a Lake"" created?","When was Akseli Gallen-Kallela's painting ""Clouds above a Lake"" created?",1905-01-01,51,0
painting,Akseli Gallen-Kallela,Cloud Towers,"When was the painting ""Cloud Towers"" created?","When was Akseli Gallen-Kallela's painting ""Cloud Towers"" created?",1904-01-01,51,0
painting,Akseli Gallen-Kallela,Conceptio artis,"When was the painting ""Conceptio artis"" created?","When was Akseli Gallen-Kallela's painting ""Conceptio artis"" created?",1894-01-01,51,0
painting,Akseli Gallen-Kallela,Coral tree in blossom,"When was the painting ""Coral tree in blossom"" created?","When was Akseli Gallen-Kallela's painting ""Coral tree in blossom"" created?",1910-01-01,51,0
painting,Akseli Gallen-Kallela,Corral,"When was the painting ""Corral"" created?","When was Akseli Gallen-Kallela's painting ""Corral"" created?",1886-01-01,51,0
painting,Akseli Gallen-Kallela,Cosmos,"When was the painting ""Cosmos"" created?","When was Akseli Gallen-Kallela's painting ""Cosmos"" created?",1902-01-01,51,0
painting,Akseli Gallen-Kallela,Countess Berthe de Vallombreuse,"When was the painting ""Countess Berthe de Vallombreuse"" created?","When was Akseli Gallen-Kallela's painting ""Countess Berthe de Vallombreuse"" created?",1888-01-01,51,0
painting,Akseli Gallen-Kallela,Cow and Boy,"When was the painting ""Cow and Boy"" created?","When was Akseli Gallen-Kallela's painting ""Cow and Boy"" created?",1885-01-01,51,0
painting,Akseli Gallen-Kallela,Crack Willow and Blue Bird in New Mexico,"When was the painting ""Crack Willow and Blue Bird in New Mexico"" created?","When was Akseli Gallen-Kallela's painting ""Crack Willow and Blue Bird in New Mexico"" created?",1925-01-01,51,0
painting,Akseli Gallen-Kallela,Crone,"When was the painting ""Crone"" created?","When was Akseli Gallen-Kallela's painting ""Crone"" created?",1895-01-01,51,0
painting,Akseli Gallen-Kallela,Dancing Kikuyu Warriors,"When was the painting ""Dancing Kikuyu Warriors"" created?","When was Akseli Gallen-Kallela's painting ""Dancing Kikuyu Warriors"" created?",1909-01-01,51,0
painting,Akseli Gallen-Kallela,Decaying Sander,"When was the painting ""Decaying Sander"" created?","When was Akseli Gallen-Kallela's painting ""Decaying Sander"" created?",1884-01-01,51,1
painting,Akseli Gallen-Kallela,Démasquée,"When was the painting ""Démasquée"" created?","When was Akseli Gallen-Kallela's painting ""Démasquée"" created?",1888-01-01,51,7
painting,Akseli Gallen-Kallela,"Démasquée, sketch","When was the painting ""Démasquée, sketch"" created?","When was Akseli Gallen-Kallela's painting ""Démasquée, sketch"" created?",1888-01-01,51,0
painting,Akseli Gallen-Kallela,"Despair, a study for the fresco By the River of Tuonela in the Sigrid Jusélius Mausoleum","When was the painting ""Despair, a study for the fresco By the River of Tuonela in the Sigrid Jusélius Mausoleum"" created?","When was Akseli Gallen-Kallela's painting ""Despair, a study for the fresco By the River of Tuonela in the Sigrid Jusélius Mausoleum"" created?",1902-01-01,51,0
painting,Akseli Gallen-Kallela,"Despair, study for the ""By the River of Tuonela"", Jusélius Mausoleum","When was the painting ""Despair, study for the ""By the River of Tuonela"", Jusélius Mausoleum"" created?","When was Akseli Gallen-Kallela's painting ""Despair, study for the ""By the River of Tuonela"", Jusélius Mausoleum"" created?",1903-01-01,51,0
painting,Akseli Gallen-Kallela,"Destruction, sketch","When was the painting ""Destruction, sketch"" created?","When was Akseli Gallen-Kallela's painting ""Destruction, sketch"" created?",1902-01-01,51,0
painting,Akseli Gallen-Kallela,Dwarf Tree in the Desert,"When was the painting ""Dwarf Tree in the Desert"" created?","When was Akseli Gallen-Kallela's painting ""Dwarf Tree in the Desert"" created?",1910-01-01,51,0
painting,Akseli Gallen-Kallela,Dying Hartebeest,"When was the painting ""Dying Hartebeest"" created?","When was Akseli Gallen-Kallela's painting ""Dying Hartebeest"" created?",1909-01-01,51,0
painting,Akseli Gallen-Kallela,Early Spring,"When was the painting ""Early Spring"" created?","When was Akseli Gallen-Kallela's painting ""Early Spring"" created?",1883-01-01,51,0
painting,Akseli Gallen-Kallela,Eero Järnefelt painting,"When was the painting ""Eero Järnefelt painting"" created?","When was Akseli Gallen-Kallela's painting ""Eero Järnefelt painting"" created?",1888-01-01,51,1
painting,Akseli Gallen-Kallela,Euforbia-tree,"When was the painting ""Euforbia-tree"" created?","When was Akseli Gallen-Kallela's painting ""Euforbia-tree"" created?",1910-01-01,51,0
painting,Akseli Gallen-Kallela,Euphorbia Trees,"When was the painting ""Euphorbia Trees"" created?","When was Akseli Gallen-Kallela's painting ""Euphorbia Trees"" created?",1909-01-01,51,0
painting,Akseli Gallen-Kallela,Evening Landscape,"When was the painting ""Evening Landscape"" created?","When was Akseli Gallen-Kallela's painting ""Evening Landscape"" created?",1899-01-01,51,0
painting,Akseli Gallen-Kallela,Falcon,"When was the painting ""Falcon"" created?","When was Akseli Gallen-Kallela's painting ""Falcon"" created?",1909-01-01,51,0
painting,Akseli Gallen-Kallela,Family Portrait of the Ahlströms,"When was the painting ""Family Portrait of the Ahlströms"" created?","When was Akseli Gallen-Kallela's painting ""Family Portrait of the Ahlströms"" created?",1890-01-01,51,0
painting,Akseli Gallen-Kallela,February fantasy,"When was the painting ""February fantasy"" created?","When was Akseli Gallen-Kallela's painting ""February fantasy"" created?",1899-01-01,51,0
painting,Akseli Gallen-Kallela,Fire watchers on the shore,"When was the painting ""Fire watchers on the shore"" created?","When was Akseli Gallen-Kallela's painting ""Fire watchers on the shore"" created?",1881-01-01,51,0
painting,Akseli Gallen-Kallela,First Jackal,"When was the painting ""First Jackal"" created?","When was Akseli Gallen-Kallela's painting ""First Jackal"" created?",1909-01-01,51,0
painting,Akseli Gallen-Kallela,First Lesson,"When was the painting ""First Lesson"" created?","When was Akseli Gallen-Kallela's painting ""First Lesson"" created?",1889-01-01,51,1
painting,Akseli Gallen-Kallela,Flag-Bearer,"When was the painting ""Flag-Bearer"" created?","When was Akseli Gallen-Kallela's painting ""Flag-Bearer"" created?",1915-01-01,51,0
painting,Akseli Gallen-Kallela,Gate at the Home in Nairobi (Oxcarts on the Nairobi Road),"When was the painting ""Gate at the Home in Nairobi (Oxcarts on the Nairobi Road)"" created?","When was Akseli Gallen-Kallela's painting ""Gate at the Home in Nairobi (Oxcarts on the Nairobi Road)"" created?",1909-01-01,51,0
painting,Akseli Gallen-Kallela,Gate in Taos,"When was the painting ""Gate in Taos"" created?","When was Akseli Gallen-Kallela's painting ""Gate in Taos"" created?",1925-01-01,51,0
painting,Akseli Gallen-Kallela,Girl from the Jaskala Croft,"When was the painting ""Girl from the Jaskala Croft"" created?","When was Akseli Gallen-Kallela's painting ""Girl from the Jaskala Croft"" created?",1895-01-01,51,0
painting,Akseli Gallen-Kallela,Girl Singing the Bark Bread Song,"When was the painting ""Girl Singing the Bark Bread Song"" created?","When was Akseli Gallen-Kallela's painting ""Girl Singing the Bark Bread Song"" created?",1890-01-01,51,0
painting,Akseli Gallen-Kallela,Goia Gidogo,"When was the painting ""Goia Gidogo"" created?","When was Akseli Gallen-Kallela's painting ""Goia Gidogo"" created?",1909-01-01,51,0
painting,Akseli Gallen-Kallela,Great Black Woodpecker,"When was the painting ""Great Black Woodpecker"" created?","When was Akseli Gallen-Kallela's painting ""Great Black Woodpecker"" created?",1894-01-01,51,1
painting,Akseli Gallen-Kallela,Guide,"When was the painting ""Guide"" created?","When was Akseli Gallen-Kallela's painting ""Guide"" created?",1890-01-01,51,0
painting,Akseli Gallen-Kallela,"Head of a Girl, Little Anna","When was the painting ""Head of a Girl, Little Anna"" created?","When was Akseli Gallen-Kallela's painting ""Head of a Girl, Little Anna"" created?",1897-01-01,51,0
painting,Akseli Gallen-Kallela,Head of Väinämöinen,"When was the painting ""Head of Väinämöinen"" created?","When was Akseli Gallen-Kallela's painting ""Head of Väinämöinen"" created?",1895-01-01,51,0
painting,Akseli Gallen-Kallela,"Heathendom and Christendom, Sketch for the cupola frescos of the Finnish Pavilion in Paris","When was the painting ""Heathendom and Christendom, Sketch for the cupola frescos of the Finnish Pavilion in Paris"" created?","When was Akseli Gallen-Kallela's painting ""Heathendom and Christendom, Sketch for the cupola frescos of the Finnish Pavilion in Paris"" created?",1899-01-01,51,0
painting,Akseli Gallen-Kallela,Hippos in the Tana River,"When was the painting ""Hippos in the Tana River"" created?","When was Akseli Gallen-Kallela's painting ""Hippos in the Tana River"" created?",1909-01-01,51,0
painting,Akseli Gallen-Kallela,Homo victor,"When was the painting ""Homo victor"" created?","When was Akseli Gallen-Kallela's painting ""Homo victor"" created?",1910-01-01,51,0
painting,Akseli Gallen-Kallela,Hwandoni Hills,"When was the painting ""Hwandoni Hills"" created?","When was Akseli Gallen-Kallela's painting ""Hwandoni Hills"" created?",1910-01-01,51,0
painting,Akseli Gallen-Kallela,Ilmarinen Flies Over the Moon,"When was the painting ""Ilmarinen Flies Over the Moon"" created?","When was Akseli Gallen-Kallela's painting ""Ilmarinen Flies Over the Moon"" created?",1892-01-01,51,0
painting,Akseli Gallen-Kallela,"Ilmarinen ploughing the Viper-field, Sketch for the cupola frescos of the Finnish Pavilion in Paris","When was the painting ""Ilmarinen ploughing the Viper-field, Sketch for the cupola frescos of the Finnish Pavilion in Paris"" created?","When was Akseli Gallen-Kallela's painting ""Ilmarinen ploughing the Viper-field, Sketch for the cupola frescos of the Finnish Pavilion in Paris"" created?",1899-01-01,51,0
painting,Akseli Gallen-Kallela,Ilmarinen Ploughs a Field of Vipers,"When was the painting ""Ilmarinen Ploughs a Field of Vipers"" created?","When was Akseli Gallen-Kallela's painting ""Ilmarinen Ploughs a Field of Vipers"" created?",1916-01-01,51,0
painting,Akseli Gallen-Kallela,Imatra Falls in Snow,"When was the painting ""Imatra Falls in Snow"" created?","When was Akseli Gallen-Kallela's painting ""Imatra Falls in Snow"" created?",1893-01-01,51,1
painting,Akseli Gallen-Kallela,Imatra in wintertime,"When was the painting ""Imatra in wintertime"" created?","When was Akseli Gallen-Kallela's painting ""Imatra in wintertime"" created?",1893-01-01,51,0
painting,Akseli Gallen-Kallela,In a Café in Paris,"When was the painting ""In a Café in Paris"" created?","When was Akseli Gallen-Kallela's painting ""In a Café in Paris"" created?",1886-01-01,51,0
painting,Akseli Gallen-Kallela,Indian Chief Clear Water,"When was the painting ""Indian Chief Clear Water"" created?","When was Akseli Gallen-Kallela's painting ""Indian Chief Clear Water"" created?",1924-01-01,51,0
painting,Akseli Gallen-Kallela,Indian on Horseback,"When was the painting ""Indian on Horseback"" created?","When was Akseli Gallen-Kallela's painting ""Indian on Horseback"" created?",1925-01-01,51,0
painting,Akseli Gallen-Kallela,Indian on Horseback in Snow,"When was the painting ""Indian on Horseback in Snow"" created?","When was Akseli Gallen-Kallela's painting ""Indian on Horseback in Snow"" created?",1925-01-01,51,0
painting,Akseli Gallen-Kallela,In the Sauna,"When was the painting ""In the Sauna"" created?","When was Akseli Gallen-Kallela's painting ""In the Sauna"" created?",1889-01-01,51,7
painting,Akseli Gallen-Kallela,In the Sunshine,"When was the painting ""In the Sunshine"" created?","When was Akseli Gallen-Kallela's painting ""In the Sunshine"" created?",1884-01-01,51,0
painting,Akseli Gallen-Kallela,Italian girl,"When was the painting ""Italian girl"" created?","When was Akseli Gallen-Kallela's painting ""Italian girl"" created?",1884-01-01,51,0
painting,Akseli Gallen-Kallela,Järvimaisema,"When was the painting ""Järvimaisema"" created?","When was Akseli Gallen-Kallela's painting ""Järvimaisema"" created?",1911-01-01,51,0
painting,Akseli Gallen-Kallela,Johannes Linnankoski,"When was the painting ""Johannes Linnankoski"" created?","When was Akseli Gallen-Kallela's painting ""Johannes Linnankoski"" created?",1923-01-01,51,0
painting,Akseli Gallen-Kallela,Joukahainen's revenge,"When was the painting ""Joukahainen's revenge"" created?","When was Akseli Gallen-Kallela's painting ""Joukahainen's revenge"" created?",1897-01-01,51,1
painting,Akseli Gallen-Kallela,Kaarina Maununtytär,"When was the painting ""Kaarina Maununtytär"" created?","When was Akseli Gallen-Kallela's painting ""Kaarina Maununtytär"" created?",1885-01-01,51,0
painting,Akseli Gallen-Kallela,Kalela in Autumn,"When was the painting ""Kalela in Autumn"" created?","When was Akseli Gallen-Kallela's painting ""Kalela in Autumn"" created?",1915-01-01,51,0
painting,Akseli Gallen-Kallela,Kalela on a Winter Night,"When was the painting ""Kalela on a Winter Night"" created?","When was Akseli Gallen-Kallela's painting ""Kalela on a Winter Night"" created?",1896-01-01,51,0
painting,Akseli Gallen-Kallela,Kekki the Farm-Hand,"When was the painting ""Kekki the Farm-Hand"" created?","When was Akseli Gallen-Kallela's painting ""Kekki the Farm-Hand"" created?",1885-01-01,51,0
painting,Akseli Gallen-Kallela,Kenosua,"When was the painting ""Kenosua"" created?","When was Akseli Gallen-Kallela's painting ""Kenosua"" created?",1909-01-01,51,0
painting,Akseli Gallen-Kallela,Kikuyu in Papyrus Reeds,"When was the painting ""Kikuyu in Papyrus Reeds"" created?","When was Akseli Gallen-Kallela's painting ""Kikuyu in Papyrus Reeds"" created?",1909-01-01,51,0
painting,Akseli Gallen-Kallela,Kikuyu Woman with Glass Bead Necklace,"When was the painting ""Kikuyu Woman with Glass Bead Necklace"" created?","When was Akseli Gallen-Kallela's painting ""Kikuyu Woman with Glass Bead Necklace"" created?",1909-01-01,51,0
painting,Akseli Gallen-Kallela,"Kilima-Ndjaro, 22 VI.1909","When was the painting ""Kilima-Ndjaro, 22 VI.1909"" created?","When was Akseli Gallen-Kallela's painting ""Kilima-Ndjaro, 22 VI.1909"" created?",1909-01-01,51,0
painting,Akseli Gallen-Kallela,Kirsti Playing the Cello,"When was the painting ""Kirsti Playing the Cello"" created?","When was Akseli Gallen-Kallela's painting ""Kirsti Playing the Cello"" created?",1917-01-01,51,0
painting,Akseli Gallen-Kallela,Kirsti with Banana Leaf,"When was the painting ""Kirsti with Banana Leaf"" created?","When was Akseli Gallen-Kallela's painting ""Kirsti with Banana Leaf"" created?",1909-01-01,51,0
painting,Akseli Gallen-Kallela,"Knight and the Snake King, Illustration for Seven Brothers","When was the painting ""Knight and the Snake King, Illustration for Seven Brothers"" created?","When was Akseli Gallen-Kallela's painting ""Knight and the Snake King, Illustration for Seven Brothers"" created?",1907-01-01,51,0
painting,Akseli Gallen-Kallela,Kullervo as an Avenger,"When was the painting ""Kullervo as an Avenger"" created?","When was Akseli Gallen-Kallela's painting ""Kullervo as an Avenger"" created?",1893-01-01,51,0
painting,Akseli Gallen-Kallela,Kullervo Cursing,"When was the painting ""Kullervo Cursing"" created?","When was Akseli Gallen-Kallela's painting ""Kullervo Cursing"" created?",1899-01-01,51,6
painting,Akseli Gallen-Kallela,Kullervo herding his wild Flocks,"When was the painting ""Kullervo herding his wild Flocks"" created?","When was Akseli Gallen-Kallela's painting ""Kullervo herding his wild Flocks"" created?",1917-01-01,51,0
painting,Akseli Gallen-Kallela,Kullervo Sets off for Battle,"When was the painting ""Kullervo Sets off for Battle"" created?","When was Akseli Gallen-Kallela's painting ""Kullervo Sets off for Battle"" created?",1901-01-01,51,1
painting,Akseli Gallen-Kallela,"Kullervo Sets Off for War, sketch","When was the painting ""Kullervo Sets Off for War, sketch"" created?","When was Akseli Gallen-Kallela's painting ""Kullervo Sets Off for War, sketch"" created?",1897-01-01,51,0
painting,Akseli Gallen-Kallela,Lair of the Lynx,"When was the painting ""Lair of the Lynx"" created?","When was Akseli Gallen-Kallela's painting ""Lair of the Lynx"" created?",1906-01-01,51,0
painting,Akseli Gallen-Kallela,Lake Keitele,"When was the painting ""Lake Keitele"" created?","When was Akseli Gallen-Kallela's painting ""Lake Keitele"" created?",1905-01-01,51,3
painting,Akseli Gallen-Kallela,Lake Ruovesi,"When was the painting ""Lake Ruovesi"" created?","When was Akseli Gallen-Kallela's painting ""Lake Ruovesi"" created?",1896-01-01,51,0
painting,Akseli Gallen-Kallela,Lake View,"When was the painting ""Lake View"" created?","When was Akseli Gallen-Kallela's painting ""Lake View"" created?",1901-01-01,51,0
painting,Akseli Gallen-Kallela,Lake view in autumn,"When was the painting ""Lake view in autumn"" created?","When was Akseli Gallen-Kallela's painting ""Lake view in autumn"" created?",1905-01-01,51,0
painting,Akseli Gallen-Kallela,Landscape from Kuhmo,"When was the painting ""Landscape from Kuhmo"" created?","When was Akseli Gallen-Kallela's painting ""Landscape from Kuhmo"" created?",1890-01-01,51,0
painting,Akseli Gallen-Kallela,Landscape with bluebirds,"When was the painting ""Landscape with bluebirds"" created?","When was Akseli Gallen-Kallela's painting ""Landscape with bluebirds"" created?",1909-01-01,51,0
painting,Akseli Gallen-Kallela,Landscape with Sheep,"When was the painting ""Landscape with Sheep"" created?","When was Akseli Gallen-Kallela's painting ""Landscape with Sheep"" created?",1884-01-01,51,0
painting,Akseli Gallen-Kallela,Lauri Kivekäs Lying in His Coffin,"When was the painting ""Lauri Kivekäs Lying in His Coffin"" created?","When was Akseli Gallen-Kallela's painting ""Lauri Kivekäs Lying in His Coffin"" created?",1893-01-01,51,0
painting,Akseli Gallen-Kallela,Leaping lion,"When was the painting ""Leaping lion"" created?","When was Akseli Gallen-Kallela's painting ""Leaping lion"" created?",1909-01-01,51,0
painting,Akseli Gallen-Kallela,Lemminkäinen at the River of Fire,"When was the painting ""Lemminkäinen at the River of Fire"" created?","When was Akseli Gallen-Kallela's painting ""Lemminkäinen at the River of Fire"" created?",1920-01-01,51,0
painting,Akseli Gallen-Kallela,"Lemminkäinen, sketch","When was the painting ""Lemminkäinen, sketch"" created?","When was Akseli Gallen-Kallela's painting ""Lemminkäinen, sketch"" created?",1897-01-01,51,0
painting,Akseli Gallen-Kallela,Lemminkäinen's Mother,"When was the painting ""Lemminkäinen's Mother"" created?","When was Akseli Gallen-Kallela's painting ""Lemminkäinen's Mother"" created?",1895-01-01,51,0
painting,Akseli Gallen-Kallela,Lemminkäinen Tulijoella,"When was the painting ""Lemminkäinen Tulijoella"" created?","When was Akseli Gallen-Kallela's painting ""Lemminkäinen Tulijoella"" created?",1920-01-01,51,0
painting,Akseli Gallen-Kallela,Life and Death,"When was the painting ""Life and Death"" created?","When was Akseli Gallen-Kallela's painting ""Life and Death"" created?",1884-01-01,51,0
painting,Akseli Gallen-Kallela,Light behind the Clouds,"When was the painting ""Light behind the Clouds"" created?","When was Akseli Gallen-Kallela's painting ""Light behind the Clouds"" created?",1899-01-01,51,0
painting,Akseli Gallen-Kallela,Log Raft,"When was the painting ""Log Raft"" created?","When was Akseli Gallen-Kallela's painting ""Log Raft"" created?",1908-01-01,51,0
painting,Akseli Gallen-Kallela,"Lönnrot and Rune Singers, Sketch Paintings on the Walls of the University of Helsinki Festival Hall","When was the painting ""Lönnrot and Rune Singers, Sketch Paintings on the Walls of the University of Helsinki Festival Hall"" created?","When was Akseli Gallen-Kallela's painting ""Lönnrot and Rune Singers, Sketch Paintings on the Walls of the University of Helsinki Festival Hall"" created?",1912-01-01,51,0
painting,Akseli Gallen-Kallela,Lönnrot and the Oral Poets,"When was the painting ""Lönnrot and the Oral Poets"" created?","When was Akseli Gallen-Kallela's painting ""Lönnrot and the Oral Poets"" created?",1895-01-01,51,0
painting,Akseli Gallen-Kallela,Lunch Hour,"When was the painting ""Lunch Hour"" created?","When was Akseli Gallen-Kallela's painting ""Lunch Hour"" created?",1894-01-01,51,0
painting,Akseli Gallen-Kallela,Mäntykoski Waterfall,"When was the painting ""Mäntykoski Waterfall"" created?","When was Akseli Gallen-Kallela's painting ""Mäntykoski Waterfall"" created?",1893-01-01,51,1
painting,Akseli Gallen-Kallela,Marie Gallén at the Kuhmoniemi-bridge,"When was the painting ""Marie Gallén at the Kuhmoniemi-bridge"" created?","When was Akseli Gallen-Kallela's painting ""Marie Gallén at the Kuhmoniemi-bridge"" created?",1890-01-01,51,0
painting,Akseli Gallen-Kallela,Marjatta and Child,"When was the painting ""Marjatta and Child"" created?","When was Akseli Gallen-Kallela's painting ""Marjatta and Child"" created?",1897-01-01,51,0
painting,Akseli Gallen-Kallela,Marjatta and the Christ Child,"When was the painting ""Marjatta and the Christ Child"" created?","When was Akseli Gallen-Kallela's painting ""Marjatta and the Christ Child"" created?",1895-01-01,51,0
painting,Akseli Gallen-Kallela,Mary Gallén sewing in a Karelian house,"When was the painting ""Mary Gallén sewing in a Karelian house"" created?","When was Akseli Gallen-Kallela's painting ""Mary Gallén sewing in a Karelian house"" created?",1890-01-01,51,0
painting,Akseli Gallen-Kallela,Mary Sewing on the Veranda of Kalela,"When was the painting ""Mary Sewing on the Veranda of Kalela"" created?","When was Akseli Gallen-Kallela's painting ""Mary Sewing on the Veranda of Kalela"" created?",1897-01-01,51,0
painting,Akseli Gallen-Kallela,"Mending fishing nets (Sauna Juonas, study for the painting ""The first lesson"")","When was the painting ""Mending fishing nets (Sauna Juonas, study for the painting ""The first lesson"")"" created?","When was Akseli Gallen-Kallela's painting ""Mending fishing nets (Sauna Juonas, study for the painting ""The first lesson"")"" created?",1887-01-01,51,0
painting,Akseli Gallen-Kallela,Midsummer Night,"When was the painting ""Midsummer Night"" created?","When was Akseli Gallen-Kallela's painting ""Midsummer Night"" created?",1889-01-01,51,0
painting,Akseli Gallen-Kallela,Milling by Hand,"When was the painting ""Milling by Hand"" created?","When was Akseli Gallen-Kallela's painting ""Milling by Hand"" created?",1886-01-01,51,0
painting,Akseli Gallen-Kallela,Misty Landscape,"When was the painting ""Misty Landscape"" created?","When was Akseli Gallen-Kallela's painting ""Misty Landscape"" created?",1884-01-01,51,1
painting,Akseli Gallen-Kallela,Model Study,"When was the painting ""Model Study"" created?","When was Akseli Gallen-Kallela's painting ""Model Study"" created?",1885-01-01,51,0
painting,Akseli Gallen-Kallela,Model study (A IV 4220),"When was the painting ""Model study (A IV 4220)"" created?","When was Akseli Gallen-Kallela's painting ""Model study (A IV 4220)"" created?",1880-01-01,51,0
painting,Akseli Gallen-Kallela,Moonlit Landscape,"When was the painting ""Moonlit Landscape"" created?","When was Akseli Gallen-Kallela's painting ""Moonlit Landscape"" created?",1881-01-01,51,0
painting,Akseli Gallen-Kallela,Mother and child,"When was the painting ""Mother and child"" created?","When was Akseli Gallen-Kallela's painting ""Mother and child"" created?",1887-01-01,51,1
painting,Akseli Gallen-Kallela,Mother and Child,"When was the painting ""Mother and Child"" created?","When was Akseli Gallen-Kallela's painting ""Mother and Child"" created?",1907-01-01,51,0
painting,Akseli Gallen-Kallela,Mother with sick child,"When was the painting ""Mother with sick child"" created?","When was Akseli Gallen-Kallela's painting ""Mother with sick child"" created?",1888-01-01,51,1
painting,Akseli Gallen-Kallela,Mt. Donia Sabuk,"When was the painting ""Mt. Donia Sabuk"" created?","When was Akseli Gallen-Kallela's painting ""Mt. Donia Sabuk"" created?",1909-01-01,51,0
painting,Akseli Gallen-Kallela,Mt. Kenya,"When was the painting ""Mt. Kenya"" created?","When was Akseli Gallen-Kallela's painting ""Mt. Kenya"" created?",1910-01-01,51,0
painting,Akseli Gallen-Kallela,"Mt. Kenya 20.V 1910, Mother and Father's 21st Wedding Anniversary","When was the painting ""Mt. Kenya 20.V 1910, Mother and Father's 21st Wedding Anniversary"" created?","When was Akseli Gallen-Kallela's painting ""Mt. Kenya 20.V 1910, Mother and Father's 21st Wedding Anniversary"" created?",1910-01-01,51,0
painting,Akseli Gallen-Kallela,Naked Male Model,"When was the painting ""Naked Male Model"" created?","When was Akseli Gallen-Kallela's painting ""Naked Male Model"" created?",1888-01-01,51,0
painting,Akseli Gallen-Kallela,Nekamia,"When was the painting ""Nekamia"" created?","When was Akseli Gallen-Kallela's painting ""Nekamia"" created?",1909-01-01,51,0
painting,Akseli Gallen-Kallela,"Night lights reflecting off the Danube, Budapest","When was the painting ""Night lights reflecting off the Danube, Budapest"" created?","When was Akseli Gallen-Kallela's painting ""Night lights reflecting off the Danube, Budapest"" created?",1908-01-01,51,0
painting,Akseli Gallen-Kallela,Night scene from Malmi,"When was the painting ""Night scene from Malmi"" created?","When was Akseli Gallen-Kallela's painting ""Night scene from Malmi"" created?",1891-01-01,51,0
painting,Akseli Gallen-Kallela,Nude Models,"When was the painting ""Nude Models"" created?","When was Akseli Gallen-Kallela's painting ""Nude Models"" created?",1880-01-01,51,0
painting,Akseli Gallen-Kallela,Nude Study,"When was the painting ""Nude Study"" created?","When was Akseli Gallen-Kallela's painting ""Nude Study"" created?",1885-01-01,51,0
painting,Akseli Gallen-Kallela,Oceanides,"When was the painting ""Oceanides"" created?","When was Akseli Gallen-Kallela's painting ""Oceanides"" created?",1909-01-01,51,0
painting,Akseli Gallen-Kallela,Old Boat,"When was the painting ""Old Boat"" created?","When was Akseli Gallen-Kallela's painting ""Old Boat"" created?",1924-01-01,51,0
painting,Akseli Gallen-Kallela,Old-growth Forest,"When was the painting ""Old-growth Forest"" created?","When was Akseli Gallen-Kallela's painting ""Old-growth Forest"" created?",1909-01-01,51,0
painting,Akseli Gallen-Kallela,Old Peasant Woman,"When was the painting ""Old Peasant Woman"" created?","When was Akseli Gallen-Kallela's painting ""Old Peasant Woman"" created?",1884-01-01,51,0
painting,Akseli Gallen-Kallela,Old Woman With a Cat,"When was the painting ""Old Woman With a Cat"" created?","When was Akseli Gallen-Kallela's painting ""Old Woman With a Cat"" created?",1885-01-01,51,2
painting,Akseli Gallen-Kallela,Orphan boy,"When was the painting ""Orphan boy"" created?","When was Akseli Gallen-Kallela's painting ""Orphan boy"" created?",1886-01-01,51,0
painting,Akseli Gallen-Kallela,Our Home in Taos,"When was the painting ""Our Home in Taos"" created?","When was Akseli Gallen-Kallela's painting ""Our Home in Taos"" created?",1925-01-01,51,0
painting,Akseli Gallen-Kallela,Outside of Nairobi,"When was the painting ""Outside of Nairobi"" created?","When was Akseli Gallen-Kallela's painting ""Outside of Nairobi"" created?",1910-01-01,51,0
painting,Akseli Gallen-Kallela,Outside the Sauna,"When was the painting ""Outside the Sauna"" created?","When was Akseli Gallen-Kallela's painting ""Outside the Sauna"" created?",1891-01-01,51,0
painting,Akseli Gallen-Kallela,Parisian backyard,"When was the painting ""Parisian backyard"" created?","When was Akseli Gallen-Kallela's painting ""Parisian backyard"" created?",1884-01-01,51,3
painting,Akseli Gallen-Kallela,Parisienne,"When was the painting ""Parisienne"" created?","When was Akseli Gallen-Kallela's painting ""Parisienne"" created?",1888-01-01,51,0
painting,Akseli Gallen-Kallela,Path on the Ice,"When was the painting ""Path on the Ice"" created?","When was Akseli Gallen-Kallela's painting ""Path on the Ice"" created?",1887-01-01,51,1
painting,Akseli Gallen-Kallela,Portrait of Adolf Paul,"When was the painting ""Portrait of Adolf Paul"" created?","When was Akseli Gallen-Kallela's painting ""Portrait of Adolf Paul"" created?",1905-01-01,51,0
painting,Akseli Gallen-Kallela,Portrait of a Karelian Woman,"When was the painting ""Portrait of a Karelian Woman"" created?","When was Akseli Gallen-Kallela's painting ""Portrait of a Karelian Woman"" created?",1891-01-01,51,0
painting,Akseli Gallen-Kallela,Portrait of Carl Gustaf Emil Mannerheim,"When was the painting ""Portrait of Carl Gustaf Emil Mannerheim"" created?","When was Akseli Gallen-Kallela's painting ""Portrait of Carl Gustaf Emil Mannerheim"" created?",1929-01-01,51,0
painting,Akseli Gallen-Kallela,Portrait of Carl Johan Slotte,"When was the painting ""Portrait of Carl Johan Slotte"" created?","When was Akseli Gallen-Kallela's painting ""Portrait of Carl Johan Slotte"" created?",1891-01-01,51,0
painting,Akseli Gallen-Kallela,Portrait of Countess Berthe De Vallombreuse,"When was the painting ""Portrait of Countess Berthe De Vallombreuse"" created?","When was Akseli Gallen-Kallela's painting ""Portrait of Countess Berthe De Vallombreuse"" created?",1889-01-01,51,0
painting,Akseli Gallen-Kallela,Portrait of Doctor E. W. Lybeck,"When was the painting ""Portrait of Doctor E. W. Lybeck"" created?","When was Akseli Gallen-Kallela's painting ""Portrait of Doctor E. W. Lybeck"" created?",1912-01-01,51,0
painting,Akseli Gallen-Kallela,Portrait of Doctor Herman Frithiof Antell,"When was the painting ""Portrait of Doctor Herman Frithiof Antell"" created?","When was Akseli Gallen-Kallela's painting ""Portrait of Doctor Herman Frithiof Antell"" created?",1886-01-01,51,0
painting,Akseli Gallen-Kallela,Portrait of Edvard Munch,"When was the painting ""Portrait of Edvard Munch"" created?","When was Akseli Gallen-Kallela's painting ""Portrait of Edvard Munch"" created?",1895-01-01,51,0
painting,Akseli Gallen-Kallela,Portrait of Eino Leino,"When was the painting ""Portrait of Eino Leino"" created?","When was Akseli Gallen-Kallela's painting ""Portrait of Eino Leino"" created?",1917-01-01,51,0
painting,Akseli Gallen-Kallela,Portrait of Eric O. W. Ehrström,"When was the painting ""Portrait of Eric O. W. Ehrström"" created?","When was Akseli Gallen-Kallela's painting ""Portrait of Eric O. W. Ehrström"" created?",1919-01-01,51,0
painting,Akseli Gallen-Kallela,Portrait of Greta Ahlman,"When was the painting ""Portrait of Greta Ahlman"" created?","When was Akseli Gallen-Kallela's painting ""Portrait of Greta Ahlman"" created?",1898-01-01,51,0
painting,Akseli Gallen-Kallela,Portrait of Gustaf Adolf Serlachius,"When was the painting ""Portrait of Gustaf Adolf Serlachius"" created?","When was Akseli Gallen-Kallela's painting ""Portrait of Gustaf Adolf Serlachius"" created?",1887-01-01,51,0
painting,Akseli Gallen-Kallela,Portrait of Kaius Jorma Gallén,"When was the painting ""Portrait of Kaius Jorma Gallén"" created?","When was Akseli Gallen-Kallela's painting ""Portrait of Kaius Jorma Gallén"" created?",1904-01-01,51,0
painting,Akseli Gallen-Kallela,Portrait of Mary,"When was the painting ""Portrait of Mary"" created?","When was Akseli Gallen-Kallela's painting ""Portrait of Mary"" created?",1917-01-01,51,0
painting,Akseli Gallen-Kallela,"Portrait of Mary Slöör, the artist's fiancée","When was the painting ""Portrait of Mary Slöör, the artist's fiancée"" created?","When was Akseli Gallen-Kallela's painting ""Portrait of Mary Slöör, the artist's fiancée"" created?",1887-01-01,51,0
painting,Akseli Gallen-Kallela,Portrait of Matti Äyräpää,"When was the painting ""Portrait of Matti Äyräpää"" created?","When was Akseli Gallen-Kallela's painting ""Portrait of Matti Äyräpää"" created?",1911-01-01,51,0
painting,Akseli Gallen-Kallela,Portrait of Nils Forsberg,"When was the painting ""Portrait of Nils Forsberg"" created?","When was Akseli Gallen-Kallela's painting ""Portrait of Nils Forsberg"" created?",1889-01-01,51,0
painting,Akseli Gallen-Kallela,Portrait of Phyllis Sjöström,"When was the painting ""Portrait of Phyllis Sjöström"" created?","When was Akseli Gallen-Kallela's painting ""Portrait of Phyllis Sjöström"" created?",1914-01-01,51,0
painting,Akseli Gallen-Kallela,Portrait of Professor E.N.Setälä,"When was the painting ""Portrait of Professor E.N.Setälä"" created?","When was Akseli Gallen-Kallela's painting ""Portrait of Professor E.N.Setälä"" created?",1911-01-01,51,0
painting,Akseli Gallen-Kallela,Portrait of Sigurd Wettenhovi-Aspa,"When was the painting ""Portrait of Sigurd Wettenhovi-Aspa"" created?","When was Akseli Gallen-Kallela's painting ""Portrait of Sigurd Wettenhovi-Aspa"" created?",1919-01-01,51,0
painting,Akseli Gallen-Kallela,Portrait of Sissi Serlachius,"When was the painting ""Portrait of Sissi Serlachius"" created?","When was Akseli Gallen-Kallela's painting ""Portrait of Sissi Serlachius"" created?",1889-01-01,51,0
painting,Akseli Gallen-Kallela,Portrait of the Actress Ida Aalberg,"When was the painting ""Portrait of the Actress Ida Aalberg"" created?","When was Akseli Gallen-Kallela's painting ""Portrait of the Actress Ida Aalberg"" created?",1893-01-01,51,0
painting,Akseli Gallen-Kallela,Portrait of the Artist's Wife,"When was the painting ""Portrait of the Artist's Wife"" created?","When was Akseli Gallen-Kallela's painting ""Portrait of the Artist's Wife"" created?",1893-01-01,51,0
painting,Akseli Gallen-Kallela,Portrait of the Composer Gustav Mahler,"When was the painting ""Portrait of the Composer Gustav Mahler"" created?","When was Akseli Gallen-Kallela's painting ""Portrait of the Composer Gustav Mahler"" created?",1907-01-01,51,0
painting,Akseli Gallen-Kallela,Portrait of the German Actor Rudolf Rittner,"When was the painting ""Portrait of the German Actor Rudolf Rittner"" created?","When was Akseli Gallen-Kallela's painting ""Portrait of the German Actor Rudolf Rittner"" created?",1895-01-01,51,0
painting,Akseli Gallen-Kallela,Portrait of Theodor Eck,"When was the painting ""Portrait of Theodor Eck"" created?","When was Akseli Gallen-Kallela's painting ""Portrait of Theodor Eck"" created?",1896-01-01,51,0
painting,Akseli Gallen-Kallela,Prof. E. R. Neovius Portrait,"When was the painting ""Prof. E. R. Neovius Portrait"" created?","When was Akseli Gallen-Kallela's painting ""Prof. E. R. Neovius Portrait"" created?",1898-01-01,51,0
painting,Akseli Gallen-Kallela,Rain Clouds over a Lake Landscape,"When was the painting ""Rain Clouds over a Lake Landscape"" created?","When was Akseli Gallen-Kallela's painting ""Rain Clouds over a Lake Landscape"" created?",1883-01-01,51,0
painting,Akseli Gallen-Kallela,Rapids of the Masioya River,"When was the painting ""Rapids of the Masioya River"" created?","When was Akseli Gallen-Kallela's painting ""Rapids of the Masioya River"" created?",1910-01-01,51,0
painting,Akseli Gallen-Kallela,Rauma Church,"When was the painting ""Rauma Church"" created?","When was Akseli Gallen-Kallela's painting ""Rauma Church"" created?",1905-01-01,51,0
painting,Akseli Gallen-Kallela,"Red Sea, Suez","When was the painting ""Red Sea, Suez"" created?","When was Akseli Gallen-Kallela's painting ""Red Sea, Suez"" created?",1909-01-01,51,0
painting,Akseli Gallen-Kallela,Reflections,"When was the painting ""Reflections"" created?","When was Akseli Gallen-Kallela's painting ""Reflections"" created?",1902-01-01,51,0
painting,Akseli Gallen-Kallela,Regent Mannerheim's batman Gustaf Hagenau,"When was the painting ""Regent Mannerheim's batman Gustaf Hagenau"" created?","When was Akseli Gallen-Kallela's painting ""Regent Mannerheim's batman Gustaf Hagenau"" created?",1919-01-01,51,0
painting,Akseli Gallen-Kallela,Regretful Kullervo,"When was the painting ""Regretful Kullervo"" created?","When was Akseli Gallen-Kallela's painting ""Regretful Kullervo"" created?",1918-01-01,51,0
painting,Akseli Gallen-Kallela,Rhinoceros and Euphorbia trees,"When was the painting ""Rhinoceros and Euphorbia trees"" created?","When was Akseli Gallen-Kallela's painting ""Rhinoceros and Euphorbia trees"" created?",1910-01-01,51,0
painting,Akseli Gallen-Kallela,River of the Dead,"When was the painting ""River of the Dead"" created?","When was Akseli Gallen-Kallela's painting ""River of the Dead"" created?",1893-01-01,51,0
painting,Akseli Gallen-Kallela,River Valley,"When was the painting ""River Valley"" created?","When was Akseli Gallen-Kallela's painting ""River Valley"" created?",1909-01-01,51,0
painting,Akseli Gallen-Kallela,"Robert Kajanus Conducting, sketch","When was the painting ""Robert Kajanus Conducting, sketch"" created?","When was Akseli Gallen-Kallela's painting ""Robert Kajanus Conducting, sketch"" created?",1893-01-01,51,0
painting,Akseli Gallen-Kallela,Romani man,"When was the painting ""Romani man"" created?","When was Akseli Gallen-Kallela's painting ""Romani man"" created?",1883-01-01,51,0
painting,Akseli Gallen-Kallela,Rower on the Lake,"When was the painting ""Rower on the Lake"" created?","When was Akseli Gallen-Kallela's painting ""Rower on the Lake"" created?",1916-01-01,51,0
painting,Akseli Gallen-Kallela,Rowing to the Shore,"When was the painting ""Rowing to the Shore"" created?","When was Akseli Gallen-Kallela's painting ""Rowing to the Shore"" created?",1891-01-01,51,0
painting,Akseli Gallen-Kallela,Rustic life,"When was the painting ""Rustic life"" created?","When was Akseli Gallen-Kallela's painting ""Rustic life"" created?",1887-01-01,51,1
painting,Akseli Gallen-Kallela,Sand Bank,"When was the painting ""Sand Bank"" created?","When was Akseli Gallen-Kallela's painting ""Sand Bank"" created?",1882-01-01,51,0
painting,Akseli Gallen-Kallela,Sauna Girl,"When was the painting ""Sauna Girl"" created?","When was Akseli Gallen-Kallela's painting ""Sauna Girl"" created?",1904-01-01,51,0
painting,Akseli Gallen-Kallela,Sauna interior,"When was the painting ""Sauna interior"" created?","When was Akseli Gallen-Kallela's painting ""Sauna interior"" created?",1928-01-01,51,0
painting,Akseli Gallen-Kallela,Sauna-Juonas at Ekola,"When was the painting ""Sauna-Juonas at Ekola"" created?","When was Akseli Gallen-Kallela's painting ""Sauna-Juonas at Ekola"" created?",1887-01-01,51,0
painting,Akseli Gallen-Kallela,Self-Portrait at the Easel,"When was the painting ""Self-Portrait at the Easel"" created?","When was Akseli Gallen-Kallela's painting ""Self-Portrait at the Easel"" created?",1885-01-01,51,0
painting,Akseli Gallen-Kallela,Self-Portrait for the Uffizi Gallery,"When was the painting ""Self-Portrait for the Uffizi Gallery"" created?","When was Akseli Gallen-Kallela's painting ""Self-Portrait for the Uffizi Gallery"" created?",1916-01-01,51,0
painting,Akseli Gallen-Kallela,Self-Portrait in Fresco,"When was the painting ""Self-Portrait in Fresco"" created?","When was Akseli Gallen-Kallela's painting ""Self-Portrait in Fresco"" created?",1894-01-01,51,0
painting,Akseli Gallen-Kallela,Sharks in the Indian Ocean,"When was the painting ""Sharks in the Indian Ocean"" created?","When was Akseli Gallen-Kallela's painting ""Sharks in the Indian Ocean"" created?",1909-01-01,51,0
painting,Akseli Gallen-Kallela,Shed in the Taos Mountains,"When was the painting ""Shed in the Taos Mountains"" created?","When was Akseli Gallen-Kallela's painting ""Shed in the Taos Mountains"" created?",1925-01-01,51,0
painting,Akseli Gallen-Kallela,Shepherd Boy from Paanajärvi,"When was the painting ""Shepherd Boy from Paanajärvi"" created?","When was Akseli Gallen-Kallela's painting ""Shepherd Boy from Paanajärvi"" created?",1892-01-01,51,0
painting,Akseli Gallen-Kallela,Signal fires,"When was the painting ""Signal fires"" created?","When was Akseli Gallen-Kallela's painting ""Signal fires"" created?",1914-01-01,51,0
painting,Akseli Gallen-Kallela,"Sitting in Front of the Stove, a Variable Interior","When was the painting ""Sitting in Front of the Stove, a Variable Interior"" created?","When was Akseli Gallen-Kallela's painting ""Sitting in Front of the Stove, a Variable Interior"" created?",1887-01-01,51,0
painting,Akseli Gallen-Kallela,Skaters near the Shore of Kalela,"When was the painting ""Skaters near the Shore of Kalela"" created?","When was Akseli Gallen-Kallela's painting ""Skaters near the Shore of Kalela"" created?",1896-01-01,51,0
painting,Akseli Gallen-Kallela,Skeleton of a Camel,"When was the painting ""Skeleton of a Camel"" created?","When was Akseli Gallen-Kallela's painting ""Skeleton of a Camel"" created?",1909-01-01,51,0
painting,Akseli Gallen-Kallela,Skinning A Hippopotamus,"When was the painting ""Skinning A Hippopotamus"" created?","When was Akseli Gallen-Kallela's painting ""Skinning A Hippopotamus"" created?",1909-01-01,51,0
painting,Akseli Gallen-Kallela,Snowscape,"When was the painting ""Snowscape"" created?","When was Akseli Gallen-Kallela's painting ""Snowscape"" created?",1900-01-01,51,0
painting,Akseli Gallen-Kallela,Snowy Courtyard,"When was the painting ""Snowy Courtyard"" created?","When was Akseli Gallen-Kallela's painting ""Snowy Courtyard"" created?",1882-01-01,51,0
painting,Akseli Gallen-Kallela,Snowy landscape,"When was the painting ""Snowy landscape"" created?","When was Akseli Gallen-Kallela's painting ""Snowy landscape"" created?",1908-01-01,51,0
painting,Akseli Gallen-Kallela,Spring,"When was the painting ""Spring"" created?","When was Akseli Gallen-Kallela's painting ""Spring"" created?",1900-01-01,51,0
painting,Akseli Gallen-Kallela,Spring Night,"When was the painting ""Spring Night"" created?","When was Akseli Gallen-Kallela's painting ""Spring Night"" created?",1914-01-01,51,0
painting,Akseli Gallen-Kallela,"Spring (Portrait of Anna Slöör, study for the Sigrid Juselius mausoleum)","When was the painting ""Spring (Portrait of Anna Slöör, study for the Sigrid Juselius mausoleum)"" created?","When was Akseli Gallen-Kallela's painting ""Spring (Portrait of Anna Slöör, study for the Sigrid Juselius mausoleum)"" created?",1903-01-01,51,0
painting,Akseli Gallen-Kallela,"Spring, study for the Jusélius Mausoleum frescos","When was the painting ""Spring, study for the Jusélius Mausoleum frescos"" created?","When was Akseli Gallen-Kallela's painting ""Spring, study for the Jusélius Mausoleum frescos"" created?",1903-01-01,51,0
painting,Akseli Gallen-Kallela,Spring sun at Konginkangas,"When was the painting ""Spring sun at Konginkangas"" created?","When was Akseli Gallen-Kallela's painting ""Spring sun at Konginkangas"" created?",1906-01-01,51,0
painting,Akseli Gallen-Kallela,Spruces in a Farmyard,"When was the painting ""Spruces in a Farmyard"" created?","When was Akseli Gallen-Kallela's painting ""Spruces in a Farmyard"" created?",1887-01-01,51,0
painting,Akseli Gallen-Kallela,Steamboats,"When was the painting ""Steamboats"" created?","When was Akseli Gallen-Kallela's painting ""Steamboats"" created?",1891-01-01,51,0
painting,Akseli Gallen-Kallela,Study for “Problem (Symposium)”,"When was the painting ""Study for “Problem (Symposium)”"" created?","When was Akseli Gallen-Kallela's painting ""Study for “Problem (Symposium)”"" created?",1894-01-01,51,0
painting,Akseli Gallen-Kallela,Study for the fresco Ilmarinen ploughing the Viper-field,"When was the painting ""Study for the fresco Ilmarinen ploughing the Viper-field"" created?","When was Akseli Gallen-Kallela's painting ""Study for the fresco Ilmarinen ploughing the Viper-field"" created?",1900-01-01,51,0
painting,Akseli Gallen-Kallela,Suez Canal Beach,"When was the painting ""Suez Canal Beach"" created?","When was Akseli Gallen-Kallela's painting ""Suez Canal Beach"" created?",1909-01-01,51,0
painting,Akseli Gallen-Kallela,Sunflower at the Nairobi Savannah,"When was the painting ""Sunflower at the Nairobi Savannah"" created?","When was Akseli Gallen-Kallela's painting ""Sunflower at the Nairobi Savannah"" created?",1909-01-01,51,0
painting,Akseli Gallen-Kallela,Sunset,"When was the painting ""Sunset"" created?","When was Akseli Gallen-Kallela's painting ""Sunset"" created?",1899-01-01,51,0
painting,Akseli Gallen-Kallela,Sunset at Visuvesi,"When was the painting ""Sunset at Visuvesi"" created?","When was Akseli Gallen-Kallela's painting ""Sunset at Visuvesi"" created?",1891-01-01,51,0
painting,Akseli Gallen-Kallela,Sunset on the Savannah,"When was the painting ""Sunset on the Savannah"" created?","When was Akseli Gallen-Kallela's painting ""Sunset on the Savannah"" created?",1909-01-01,51,0
painting,Akseli Gallen-Kallela,Sunshine on Snow,"When was the painting ""Sunshine on Snow"" created?","When was Akseli Gallen-Kallela's painting ""Sunshine on Snow"" created?",1906-01-01,51,0
painting,Akseli Gallen-Kallela,Symposion (study),"When was the painting ""Symposion (study)"" created?","When was Akseli Gallen-Kallela's painting ""Symposion (study)"" created?",1894-01-01,51,0
painting,Akseli Gallen-Kallela,Symposium,"When was the painting ""Symposium"" created?","When was Akseli Gallen-Kallela's painting ""Symposium"" created?",1894-01-01,51,2
painting,Akseli Gallen-Kallela,Tana River,"When was the painting ""Tana River"" created?","When was Akseli Gallen-Kallela's painting ""Tana River"" created?",1909-01-01,51,0
painting,Akseli Gallen-Kallela,Taos,"When was the painting ""Taos"" created?","When was Akseli Gallen-Kallela's painting ""Taos"" created?",1925-01-01,51,0
painting,Akseli Gallen-Kallela,Taos Home in Moonlight,"When was the painting ""Taos Home in Moonlight"" created?","When was Akseli Gallen-Kallela's painting ""Taos Home in Moonlight"" created?",1925-01-01,51,0
painting,Akseli Gallen-Kallela,Taos Home in Sunlight,"When was the painting ""Taos Home in Sunlight"" created?","When was Akseli Gallen-Kallela's painting ""Taos Home in Sunlight"" created?",1925-01-01,51,0
painting,Akseli Gallen-Kallela,Taos Mountains Shrouded in Clouds,"When was the painting ""Taos Mountains Shrouded in Clouds"" created?","When was Akseli Gallen-Kallela's painting ""Taos Mountains Shrouded in Clouds"" created?",1924-01-01,51,0
painting,Akseli Gallen-Kallela,"Taos, New Mexico Under Snow","When was the painting ""Taos, New Mexico Under Snow"" created?","When was Akseli Gallen-Kallela's painting ""Taos, New Mexico Under Snow"" created?",1925-01-01,51,0
painting,Akseli Gallen-Kallela,The abduction of Sampo,"When was the painting ""The abduction of Sampo"" created?","When was Akseli Gallen-Kallela's painting ""The abduction of Sampo"" created?",1905-01-01,51,0
painting,Akseli Gallen-Kallela,The Artist's Mother,"When was the painting ""The Artist's Mother"" created?","When was Akseli Gallen-Kallela's painting ""The Artist's Mother"" created?",1896-01-01,51,1
painting,Akseli Gallen-Kallela,The Beggar Boy,"When was the painting ""The Beggar Boy"" created?","When was Akseli Gallen-Kallela's painting ""The Beggar Boy"" created?",1887-01-01,51,0
painting,Akseli Gallen-Kallela,The Building,"When was the painting ""The Building"" created?","When was Akseli Gallen-Kallela's painting ""The Building"" created?",1906-01-01,51,0
painting,Akseli Gallen-Kallela,The Clandestine Birth,"When was the painting ""The Clandestine Birth"" created?","When was Akseli Gallen-Kallela's painting ""The Clandestine Birth"" created?",1885-01-01,51,0
painting,Akseli Gallen-Kallela,"The Complete Kalevala, sketch. Väinämöinen singing.","When was the painting ""The Complete Kalevala, sketch. Väinämöinen singing."" created?","When was Akseli Gallen-Kallela's painting ""The Complete Kalevala, sketch. Väinämöinen singing."" created?",1925-01-01,51,0
painting,Akseli Gallen-Kallela,The construction of the Tarvaspää atelier,"When was the painting ""The construction of the Tarvaspää atelier"" created?","When was Akseli Gallen-Kallela's painting ""The construction of the Tarvaspää atelier"" created?",1912-01-01,51,0
painting,Akseli Gallen-Kallela,"The defence of the Sampo, Sketch for the cupola frescos of the Finnish Pavilion in Paris","When was the painting ""The defence of the Sampo, Sketch for the cupola frescos of the Finnish Pavilion in Paris"" created?","When was Akseli Gallen-Kallela's painting ""The defence of the Sampo, Sketch for the cupola frescos of the Finnish Pavilion in Paris"" created?",1899-01-01,51,0
painting,Akseli Gallen-Kallela,"The defence of the Sampo, Sketch for the cupola frescos of the Finnish Pavilion in Paris 1900","When was the painting ""The defence of the Sampo, Sketch for the cupola frescos of the Finnish Pavilion in Paris 1900"" created?","When was Akseli Gallen-Kallela's painting ""The defence of the Sampo, Sketch for the cupola frescos of the Finnish Pavilion in Paris 1900"" created?",1899-01-01,51,0
painting,Akseli Gallen-Kallela,The Defense of the Sampo,"When was the painting ""The Defense of the Sampo"" created?","When was Akseli Gallen-Kallela's painting ""The Defense of the Sampo"" created?",1896-01-01,51,7
painting,Akseli Gallen-Kallela,The Departure of Väinämöinen,"When was the painting ""The Departure of Väinämöinen"" created?","When was Akseli Gallen-Kallela's painting ""The Departure of Väinämöinen"" created?",1894-01-01,51,0
painting,Akseli Gallen-Kallela,The Departure of Väinämöinen (1906),"When was the painting ""The Departure of Väinämöinen (1906)"" created?","When was Akseli Gallen-Kallela's painting ""The Departure of Väinämöinen (1906)"" created?",1906-01-01,51,2
painting,Akseli Gallen-Kallela,The Ekola Croft in Evening Sunlight,"When was the painting ""The Ekola Croft in Evening Sunlight"" created?","When was Akseli Gallen-Kallela's painting ""The Ekola Croft in Evening Sunlight"" created?",1889-01-01,51,0
painting,Akseli Gallen-Kallela,The Enchantress,"When was the painting ""The Enchantress"" created?","When was Akseli Gallen-Kallela's painting ""The Enchantress"" created?",1890-01-01,51,0
painting,Akseli Gallen-Kallela,The Evening Sun on the Ukamba Savanna,"When was the painting ""The Evening Sun on the Ukamba Savanna"" created?","When was Akseli Gallen-Kallela's painting ""The Evening Sun on the Ukamba Savanna"" created?",1909-01-01,51,0
painting,Akseli Gallen-Kallela,The Fair Venla,"When was the painting ""The Fair Venla"" created?","When was Akseli Gallen-Kallela's painting ""The Fair Venla"" created?",1907-01-01,51,0
painting,Akseli Gallen-Kallela,The Forging of the Sampo,"When was the painting ""The Forging of the Sampo"" created?","When was Akseli Gallen-Kallela's painting ""The Forging of the Sampo"" created?",1893-01-01,51,1
painting,Akseli Gallen-Kallela,"The Forging of the Sampo, 1st sketch","When was the painting ""The Forging of the Sampo, 1st sketch"" created?","When was Akseli Gallen-Kallela's painting ""The Forging of the Sampo, 1st sketch"" created?",1891-01-01,51,0
painting,Akseli Gallen-Kallela,"The forging of the Sampo, Sketch for the cupola frescos of the Finnish Pavilion in Paris","When was the painting ""The forging of the Sampo, Sketch for the cupola frescos of the Finnish Pavilion in Paris"" created?","When was Akseli Gallen-Kallela's painting ""The forging of the Sampo, Sketch for the cupola frescos of the Finnish Pavilion in Paris"" created?",1899-01-01,51,0
painting,Akseli Gallen-Kallela,The Fratricide,"When was the painting ""The Fratricide"" created?","When was Akseli Gallen-Kallela's painting ""The Fratricide"" created?",1897-01-01,51,0
painting,Akseli Gallen-Kallela,The Future of Finland,"When was the painting ""The Future of Finland"" created?","When was Akseli Gallen-Kallela's painting ""The Future of Finland"" created?",1906-01-01,51,0
painting,Akseli Gallen-Kallela,The Gellért Hill Seen from the Korzó Café on the Bank of the Danube,"When was the painting ""The Gellért Hill Seen from the Korzó Café on the Bank of the Danube"" created?","When was Akseli Gallen-Kallela's painting ""The Gellért Hill Seen from the Korzó Café on the Bank of the Danube"" created?",1908-01-01,51,0
painting,Akseli Gallen-Kallela,The Giant Pike,"When was the painting ""The Giant Pike"" created?","When was Akseli Gallen-Kallela's painting ""The Giant Pike"" created?",1904-01-01,51,2
painting,Akseli Gallen-Kallela,The girl and the rooster,"When was the painting ""The girl and the rooster"" created?","When was Akseli Gallen-Kallela's painting ""The girl and the rooster"" created?",1886-01-01,51,0
painting,Akseli Gallen-Kallela,The Great Black Woodpecker,"When was the painting ""The Great Black Woodpecker"" created?","When was Akseli Gallen-Kallela's painting ""The Great Black Woodpecker"" created?",1893-01-01,51,1
painting,Akseli Gallen-Kallela,The Great Pike,"When was the painting ""The Great Pike"" created?","When was Akseli Gallen-Kallela's painting ""The Great Pike"" created?",1909-01-01,51,0
painting,Akseli Gallen-Kallela,The house of rune singer Pahkomi at Akonlahti,"When was the painting ""The house of rune singer Pahkomi at Akonlahti"" created?","When was Akseli Gallen-Kallela's painting ""The house of rune singer Pahkomi at Akonlahti"" created?",1890-01-01,51,0
painting,Akseli Gallen-Kallela,"The Inaugural Act of the Academy on July 15th, 1640","When was the painting ""The Inaugural Act of the Academy on July 15th, 1640"" created?","When was Akseli Gallen-Kallela's painting ""The Inaugural Act of the Academy on July 15th, 1640"" created?",1891-01-01,51,0
painting,Akseli Gallen-Kallela,"The Inaugural Ceremonies of the Academy on July 15th, 1640 in Turku","When was the painting ""The Inaugural Ceremonies of the Academy on July 15th, 1640 in Turku"" created?","When was Akseli Gallen-Kallela's painting ""The Inaugural Ceremonies of the Academy on July 15th, 1640 in Turku"" created?",1891-01-01,51,0
painting,Akseli Gallen-Kallela,The Indian Siu Ohutaa,"When was the painting ""The Indian Siu Ohutaa"" created?","When was Akseli Gallen-Kallela's painting ""The Indian Siu Ohutaa"" created?",1925-01-01,51,0
painting,Akseli Gallen-Kallela,The Island of the Blessed,"When was the painting ""The Island of the Blessed"" created?","When was Akseli Gallen-Kallela's painting ""The Island of the Blessed"" created?",1902-01-01,51,0
painting,Akseli Gallen-Kallela,The Kalela Porch,"When was the painting ""The Kalela Porch"" created?","When was Akseli Gallen-Kallela's painting ""The Kalela Porch"" created?",1900-01-01,51,0
painting,Akseli Gallen-Kallela,The Lair of the Lynx,"When was the painting ""The Lair of the Lynx"" created?","When was Akseli Gallen-Kallela's painting ""The Lair of the Lynx"" created?",1906-01-01,51,0
painting,Akseli Gallen-Kallela,The Lair of the Lynx (diagonal footprints),"When was the painting ""The Lair of the Lynx (diagonal footprints)"" created?","When was Akseli Gallen-Kallela's painting ""The Lair of the Lynx (diagonal footprints)"" created?",1906-01-01,51,0
painting,Akseli Gallen-Kallela,The Lamenting Boat,"When was the painting ""The Lamenting Boat"" created?","When was Akseli Gallen-Kallela's painting ""The Lamenting Boat"" created?",1906-01-01,51,0
painting,Akseli Gallen-Kallela,The Lamenting Boat (1924),"When was the painting ""The Lamenting Boat (1924)"" created?","When was Akseli Gallen-Kallela's painting ""The Lamenting Boat (1924)"" created?",1924-01-01,51,0
painting,Akseli Gallen-Kallela,The Lovers,"When was the painting ""The Lovers"" created?","When was Akseli Gallen-Kallela's painting ""The Lovers"" created?",1906-01-01,51,0
painting,Akseli Gallen-Kallela,The Oceanides,"When was the painting ""The Oceanides"" created?","When was Akseli Gallen-Kallela's painting ""The Oceanides"" created?",1909-01-01,51,0
painting,Akseli Gallen-Kallela,The Red Flag,"When was the painting ""The Red Flag"" created?","When was Akseli Gallen-Kallela's painting ""The Red Flag"" created?",1905-01-01,51,0
painting,Akseli Gallen-Kallela,The Rushes,"When was the painting ""The Rushes"" created?","When was Akseli Gallen-Kallela's painting ""The Rushes"" created?",1884-01-01,51,1
painting,Akseli Gallen-Kallela,The Slain Lemminkäinen,"When was the painting ""The Slain Lemminkäinen"" created?","When was Akseli Gallen-Kallela's painting ""The Slain Lemminkäinen"" created?",1899-01-01,51,0
painting,Akseli Gallen-Kallela,The Southern Cross over Africa,"When was the painting ""The Southern Cross over Africa"" created?","When was Akseli Gallen-Kallela's painting ""The Southern Cross over Africa"" created?",1909-01-01,51,0
painting,Akseli Gallen-Kallela,The storm,"When was the painting ""The storm"" created?","When was Akseli Gallen-Kallela's painting ""The storm"" created?",1901-01-01,51,0
painting,Akseli Gallen-Kallela,The Theft of the Sampo,"When was the painting ""The Theft of the Sampo"" created?","When was Akseli Gallen-Kallela's painting ""The Theft of the Sampo"" created?",1905-01-01,51,1
painting,Akseli Gallen-Kallela,The Veldt Ablaze at Ukamba,"When was the painting ""The Veldt Ablaze at Ukamba"" created?","When was Akseli Gallen-Kallela's painting ""The Veldt Ablaze at Ukamba"" created?",1909-01-01,51,0
painting,Akseli Gallen-Kallela,The Worshippers of Fire,"When was the painting ""The Worshippers of Fire"" created?","When was Akseli Gallen-Kallela's painting ""The Worshippers of Fire"" created?",1916-01-01,51,0
painting,Akseli Gallen-Kallela,Thunderclouds on the Horizon,"When was the painting ""Thunderclouds on the Horizon"" created?","When was Akseli Gallen-Kallela's painting ""Thunderclouds on the Horizon"" created?",1897-01-01,51,0
painting,Akseli Gallen-Kallela,Toriseva,"When was the painting ""Toriseva"" created?","When was Akseli Gallen-Kallela's painting ""Toriseva"" created?",1898-01-01,51,0
painting,Akseli Gallen-Kallela,Tranquil Evening,"When was the painting ""Tranquil Evening"" created?","When was Akseli Gallen-Kallela's painting ""Tranquil Evening"" created?",1890-01-01,51,0
painting,Akseli Gallen-Kallela,Tropical Fruits,"When was the painting ""Tropical Fruits"" created?","When was Akseli Gallen-Kallela's painting ""Tropical Fruits"" created?",1909-01-01,51,0
painting,Akseli Gallen-Kallela,Tropical Palm Tree by the Tana River,"When was the painting ""Tropical Palm Tree by the Tana River"" created?","When was Akseli Gallen-Kallela's painting ""Tropical Palm Tree by the Tana River"" created?",1909-01-01,51,0
painting,Akseli Gallen-Kallela,Tropical Sun,"When was the painting ""Tropical Sun"" created?","When was Akseli Gallen-Kallela's painting ""Tropical Sun"" created?",1909-01-01,51,0
painting,Akseli Gallen-Kallela,Turku Cathedral,"When was the painting ""Turku Cathedral"" created?","When was Akseli Gallen-Kallela's painting ""Turku Cathedral"" created?",1884-01-01,51,0
painting,Akseli Gallen-Kallela,Two Hartebeest,"When was the painting ""Two Hartebeest"" created?","When was Akseli Gallen-Kallela's painting ""Two Hartebeest"" created?",1909-01-01,51,0
painting,Akseli Gallen-Kallela,Uljaska as a Model for Väinämöinen,"When was the painting ""Uljaska as a Model for Väinämöinen"" created?","When was Akseli Gallen-Kallela's painting ""Uljaska as a Model for Väinämöinen"" created?",1890-01-01,51,0
painting,Akseli Gallen-Kallela,Untitled,"When was the painting ""Untitled"" created?","When was Akseli Gallen-Kallela's painting ""Untitled"" created?",1909-01-01,51,0
painting,Akseli Gallen-Kallela,Väinämöinen playing,"When was the painting ""Väinämöinen playing"" created?","When was Akseli Gallen-Kallela's painting ""Väinämöinen playing"" created?",1886-01-01,51,0
painting,Akseli Gallen-Kallela,Väinämöinen's Voyage,"When was the painting ""Väinämöinen's Voyage"" created?","When was Akseli Gallen-Kallela's painting ""Väinämöinen's Voyage"" created?",1909-01-01,51,0
painting,Akseli Gallen-Kallela,Valter Sjöberg,"When was the painting ""Valter Sjöberg"" created?","When was Akseli Gallen-Kallela's painting ""Valter Sjöberg"" created?",1919-01-01,51,0
painting,Akseli Gallen-Kallela,View from Eläintarha at Sunset,"When was the painting ""View from Eläintarha at Sunset"" created?","When was Akseli Gallen-Kallela's painting ""View from Eläintarha at Sunset"" created?",1886-01-01,51,0
painting,Akseli Gallen-Kallela,View from Fredrikinkatu,"When was the painting ""View from Fredrikinkatu"" created?","When was Akseli Gallen-Kallela's painting ""View from Fredrikinkatu"" created?",1883-01-01,51,0
painting,Akseli Gallen-Kallela,View from North Quay,"When was the painting ""View from North Quay"" created?","When was Akseli Gallen-Kallela's painting ""View from North Quay"" created?",1891-01-01,51,0
painting,Akseli Gallen-Kallela,View from the tower of Tarvaspää,"When was the painting ""View from the tower of Tarvaspää"" created?","When was Akseli Gallen-Kallela's painting ""View from the tower of Tarvaspää"" created?",1911-01-01,51,0
painting,Akseli Gallen-Kallela,View of Mount Kenya from Camp,"When was the painting ""View of Mount Kenya from Camp"" created?","When was Akseli Gallen-Kallela's painting ""View of Mount Kenya from Camp"" created?",1910-01-01,51,0
painting,Akseli Gallen-Kallela,View Over a Lake at Sunset,"When was the painting ""View Over a Lake at Sunset"" created?","When was Akseli Gallen-Kallela's painting ""View Over a Lake at Sunset"" created?",1905-01-01,51,0
painting,Akseli Gallen-Kallela,Vuokatti Mountain with Tar Boats,"When was the painting ""Vuokatti Mountain with Tar Boats"" created?","When was Akseli Gallen-Kallela's painting ""Vuokatti Mountain with Tar Boats"" created?",1890-01-01,51,0
painting,Akseli Gallen-Kallela,White Roses,"When was the painting ""White Roses"" created?","When was Akseli Gallen-Kallela's painting ""White Roses"" created?",1906-01-01,51,0
painting,Akseli Gallen-Kallela,Wild Angelica,"When was the painting ""Wild Angelica"" created?","When was Akseli Gallen-Kallela's painting ""Wild Angelica"" created?",1889-01-01,51,0
painting,Akseli Gallen-Kallela,Wilderness Lake,"When was the painting ""Wilderness Lake"" created?","When was Akseli Gallen-Kallela's painting ""Wilderness Lake"" created?",1892-01-01,51,0
painting,Akseli Gallen-Kallela,Winter,"When was the painting ""Winter"" created?","When was Akseli Gallen-Kallela's painting ""Winter"" created?",1903-01-01,51,0
painting,Akseli Gallen-Kallela,Winter landscape,"When was the painting ""Winter landscape"" created?","When was Akseli Gallen-Kallela's painting ""Winter landscape"" created?",1917-01-01,51,0
painting,Akseli Gallen-Kallela,Winter Landscape,"When was the painting ""Winter Landscape"" created?","When was Akseli Gallen-Kallela's painting ""Winter Landscape"" created?",1887-01-01,51,0
painting,Akseli Gallen-Kallela,"Winter, study for the Juselius Mausoleum frescoes","When was the painting ""Winter, study for the Juselius Mausoleum frescoes"" created?","When was Akseli Gallen-Kallela's painting ""Winter, study for the Juselius Mausoleum frescoes"" created?",1902-01-01,51,0
painting,Akseli Gallen-Kallela,Woman Cooking Whitefish ; Woman grilling fish,"When was the painting ""Woman Cooking Whitefish ; Woman grilling fish"" created?","When was Akseli Gallen-Kallela's painting ""Woman Cooking Whitefish ; Woman grilling fish"" created?",1886-01-01,51,0
painting,Akseli Gallen-Kallela,Woman on a Rooster Ryijy Rug,"When was the painting ""Woman on a Rooster Ryijy Rug"" created?","When was Akseli Gallen-Kallela's painting ""Woman on a Rooster Ryijy Rug"" created?",1888-01-01,51,1
painting,Akseli Gallen-Kallela,Woman with a Black Scarf,"When was the painting ""Woman with a Black Scarf"" created?","When was Akseli Gallen-Kallela's painting ""Woman with a Black Scarf"" created?",1903-01-01,51,0
painting,Akseli Gallen-Kallela,Wound Fever,"When was the painting ""Wound Fever"" created?","When was Akseli Gallen-Kallela's painting ""Wound Fever"" created?",1889-01-01,51,2
painting,Akseli Gallen-Kallela,Young faun,"When was the painting ""Young faun"" created?","When was Akseli Gallen-Kallela's painting ""Young faun"" created?",1904-01-01,51,0
painting,Akseli Gallen-Kallela,Zebras,"When was the painting ""Zebras"" created?","When was Akseli Gallen-Kallela's painting ""Zebras"" created?",1909-01-01,51,0
painting,Alan Bean,A Delicate Balance,"When was the painting ""A Delicate Balance"" created?","When was Alan Bean's painting ""A Delicate Balance"" created?",1986-01-01,58,0
painting,Alan Bean,A Fire to be Lighted,"When was the painting ""A Fire to be Lighted"" created?","When was Alan Bean's painting ""A Fire to be Lighted"" created?",1985-01-01,58,0
painting,Alan Bean,A Jewel in the Heavens,"When was the painting ""A Jewel in the Heavens"" created?","When was Alan Bean's painting ""A Jewel in the Heavens"" created?",2006-01-01,58,0
painting,Alan Bean,A Most Beautiful Moon,"When was the painting ""A Most Beautiful Moon"" created?","When was Alan Bean's painting ""A Most Beautiful Moon"" created?",1995-01-01,58,0
painting,Alan Bean,An American Success Story,"When was the painting ""An American Success Story"" created?","When was Alan Bean's painting ""An American Success Story"" created?",1987-01-01,58,0
painting,Alan Bean,A New Frontier,"When was the painting ""A New Frontier"" created?","When was Alan Bean's painting ""A New Frontier"" created?",1999-01-01,58,0
painting,Alan Bean,Cernan and His Rover,"When was the painting ""Cernan and His Rover"" created?","When was Alan Bean's painting ""Cernan and His Rover"" created?",1993-01-01,58,0
painting,Alan Bean,Conquistadors,"When was the painting ""Conquistadors"" created?","When was Alan Bean's painting ""Conquistadors"" created?",1986-01-01,58,0
painting,Alan Bean,Cosmic Journey,"When was the painting ""Cosmic Journey"" created?","When was Alan Bean's painting ""Cosmic Journey"" created?",1989-01-01,58,0
painting,Alan Bean,Distant Celebration,"When was the painting ""Distant Celebration"" created?","When was Alan Bean's painting ""Distant Celebration"" created?",2007-01-01,58,0
painting,Alan Bean,Documenting the Sample,"When was the painting ""Documenting the Sample"" created?","When was Alan Bean's painting ""Documenting the Sample"" created?",1985-01-01,58,0
painting,Alan Bean,Driving the Double Core Tube,"When was the painting ""Driving the Double Core Tube"" created?","When was Alan Bean's painting ""Driving the Double Core Tube"" created?",1988-01-01,58,0
painting,Alan Bean,Earth is Watching,"When was the painting ""Earth is Watching"" created?","When was Alan Bean's painting ""Earth is Watching"" created?",1983-01-01,58,0
painting,Alan Bean,Fast Times on the Ocean of Storms,"When was the painting ""Fast Times on the Ocean of Storms"" created?","When was Alan Bean's painting ""Fast Times on the Ocean of Storms"" created?",1989-01-01,58,0
painting,Alan Bean,First Men - Buzz Aldrin,"When was the painting ""First Men - Buzz Aldrin"" created?","When was Alan Bean's painting ""First Men - Buzz Aldrin"" created?",2007-01-01,58,0
painting,Alan Bean,First Men - Neil Armstrong,"When was the painting ""First Men - Neil Armstrong"" created?","When was Alan Bean's painting ""First Men - Neil Armstrong"" created?",2007-01-01,58,0
painting,Alan Bean,For One Priceless Moment,"When was the painting ""For One Priceless Moment"" created?","When was Alan Bean's painting ""For One Priceless Moment"" created?",1986-01-01,58,0
painting,Alan Bean,Fun Is Wherever You Can Find It,"When was the painting ""Fun Is Wherever You Can Find It"" created?","When was Alan Bean's painting ""Fun Is Wherever You Can Find It"" created?",2007-01-01,58,0
painting,Alan Bean,Getting Ready to Ride,"When was the painting ""Getting Ready to Ride"" created?","When was Alan Bean's painting ""Getting Ready to Ride"" created?",2010-01-01,58,0
painting,Alan Bean,Heavenly Reflections,"When was the painting ""Heavenly Reflections"" created?","When was Alan Bean's painting ""Heavenly Reflections"" created?",1990-01-01,58,0
painting,Alan Bean,Helping Hands,"When was the painting ""Helping Hands"" created?","When was Alan Bean's painting ""Helping Hands"" created?",1985-01-01,58,0
painting,Alan Bean,"Hi, Mom","When was the painting ""Hi, Mom"" created?","When was Alan Bean's painting ""Hi, Mom"" created?",1985-01-01,58,0
painting,Alan Bean,Homeward Bound,"When was the painting ""Homeward Bound"" created?","When was Alan Bean's painting ""Homeward Bound"" created?",1994-01-01,58,0
painting,Alan Bean,Is Anyone Out There?,"When was the painting ""Is Anyone Out There?"" created?","When was Alan Bean's painting ""Is Anyone Out There?"" created?",2006-01-01,58,0
painting,Alan Bean,Jack Schmitt Skis the Sculptured Hills,"When was the painting ""Jack Schmitt Skis the Sculptured Hills"" created?","When was Alan Bean's painting ""Jack Schmitt Skis the Sculptured Hills"" created?",2000-01-01,58,0
painting,Alan Bean,Jim Irwin Indomitable Astronaut,"When was the painting ""Jim Irwin Indomitable Astronaut"" created?","When was Alan Bean's painting ""Jim Irwin Indomitable Astronaut"" created?",2004-01-01,58,0
painting,Alan Bean,John Young Leaps Into History,"When was the painting ""John Young Leaps Into History"" created?","When was Alan Bean's painting ""John Young Leaps Into History"" created?",1984-01-01,58,0
painting,Alan Bean,Kissing The Earth,"When was the painting ""Kissing The Earth"" created?","When was Alan Bean's painting ""Kissing The Earth"" created?",1994-01-01,58,0
painting,Alan Bean,Moonrock - Earthbound,"When was the painting ""Moonrock - Earthbound"" created?","When was Alan Bean's painting ""Moonrock - Earthbound"" created?",1984-01-01,58,0
painting,Alan Bean,Moon Rovers,"When was the painting ""Moon Rovers"" created?","When was Alan Bean's painting ""Moon Rovers"" created?",1990-01-01,58,0
painting,Alan Bean,Mother Earth,"When was the painting ""Mother Earth"" created?","When was Alan Bean's painting ""Mother Earth"" created?",1983-01-01,58,0
painting,Alan Bean,"My Brother, Jim Irwin","When was the painting ""My Brother, Jim Irwin"" created?","When was Alan Bean's painting ""My Brother, Jim Irwin"" created?",1993-01-01,58,0
painting,Alan Bean,My First Step,"When was the painting ""My First Step"" created?","When was Alan Bean's painting ""My First Step"" created?",1985-01-01,58,0
painting,Alan Bean,One Lucky Guy,"When was the painting ""One Lucky Guy"" created?","When was Alan Bean's painting ""One Lucky Guy"" created?",2007-01-01,58,0
painting,Alan Bean,Pete And Me,"When was the painting ""Pete And Me"" created?","When was Alan Bean's painting ""Pete And Me"" created?",1983-01-01,58,0
painting,Alan Bean,"Please Take Me Back Home, Guys","When was the painting ""Please Take Me Back Home, Guys"" created?","When was Alan Bean's painting ""Please Take Me Back Home, Guys"" created?",1995-01-01,58,0
painting,Alan Bean,Skiing the Mountains of the Moon,"When was the painting ""Skiing the Mountains of the Moon"" created?","When was Alan Bean's painting ""Skiing the Mountains of the Moon"" created?",2008-01-01,58,0
painting,Alan Bean,Small Town South Carolina Boy,"When was the painting ""Small Town South Carolina Boy"" created?","When was Alan Bean's painting ""Small Town South Carolina Boy"" created?",1992-01-01,58,0
painting,Alan Bean,Straightening Our Stripes,"When was the painting ""Straightening Our Stripes"" created?","When was Alan Bean's painting ""Straightening Our Stripes"" created?",1985-01-01,58,0
painting,Alan Bean,"Surveyor III, I Presume","When was the painting ""Surveyor III, I Presume"" created?","When was Alan Bean's painting ""Surveyor III, I Presume"" created?",1994-01-01,58,0
painting,Alan Bean,The American,"When was the painting ""The American"" created?","When was Alan Bean's painting ""The American"" created?",1983-01-01,58,0
painting,Alan Bean,The Contingency Sample,"When was the painting ""The Contingency Sample"" created?","When was Alan Bean's painting ""The Contingency Sample"" created?",2010-01-01,58,0
painting,Alan Bean,"The Fantasy - Conrad, Gordon and Bean","When was the painting ""The Fantasy - Conrad, Gordon and Bean"" created?","When was Alan Bean's painting ""The Fantasy - Conrad, Gordon and Bean"" created?",1992-01-01,58,0
painting,Alan Bean,The Source of Intelligent Life,"When was the painting ""The Source of Intelligent Life"" created?","When was Alan Bean's painting ""The Source of Intelligent Life"" created?",2006-01-01,58,0
painting,Alan Bean,The Spirit of Apollo,"When was the painting ""The Spirit of Apollo"" created?","When was Alan Bean's painting ""The Spirit of Apollo"" created?",2010-01-01,58,0
painting,Alan Bean,TipToeing On The Ocean Of Storms,"When was the painting ""TipToeing On The Ocean Of Storms"" created?","When was Alan Bean's painting ""TipToeing On The Ocean Of Storms"" created?",1982-01-01,58,0
painting,Alan Bean,Tracy's Boulder,"When was the painting ""Tracy's Boulder"" created?","When was Alan Bean's painting ""Tracy's Boulder"" created?",1984-01-01,58,0
painting,Alan Bean,We Came in Peace for All Mankind,"When was the painting ""We Came in Peace for All Mankind"" created?","When was Alan Bean's painting ""We Came in Peace for All Mankind"" created?",2004-01-01,58,0
painting,Alan Bean,World Class Rock Photographer,"When was the painting ""World Class Rock Photographer"" created?","When was Alan Bean's painting ""World Class Rock Photographer"" created?",1986-01-01,58,0
painting,Alberto Giacometti,Aïka,"When was the painting ""Aïka"" created?","When was Alberto Giacometti's painting ""Aïka"" created?",1959-01-01,61,0
painting,Alberto Giacometti,Annette,"When was the painting ""Annette"" created?","When was Alberto Giacometti's painting ""Annette"" created?",1950-01-01,61,0
painting,Alberto Giacometti,Annette assise,"When was the painting ""Annette assise"" created?","When was Alberto Giacometti's painting ""Annette assise"" created?",1957-01-01,61,0
painting,Alberto Giacometti,Annette in a Red Blouse,"When was the painting ""Annette in a Red Blouse"" created?","When was Alberto Giacometti's painting ""Annette in a Red Blouse"" created?",1954-01-01,61,0
painting,Alberto Giacometti,Annette in the Studio,"When was the painting ""Annette in the Studio"" created?","When was Alberto Giacometti's painting ""Annette in the Studio"" created?",1952-01-01,61,0
painting,Alberto Giacometti,Annette Seated,"When was the painting ""Annette Seated"" created?","When was Alberto Giacometti's painting ""Annette Seated"" created?",1958-01-01,61,0
painting,Alberto Giacometti,Annette (Standing Nude),"When was the painting ""Annette (Standing Nude)"" created?","When was Alberto Giacometti's painting ""Annette (Standing Nude)"" created?",1957-01-01,61,0
painting,Alberto Giacometti,Appels in the Studio,"When was the painting ""Appels in the Studio"" created?","When was Alberto Giacometti's painting ""Appels in the Studio"" created?",1953-01-01,61,0
painting,Alberto Giacometti,Artist's Mother,"When was the painting ""Artist's Mother"" created?","When was Alberto Giacometti's painting ""Artist's Mother"" created?",1950-01-01,61,0
painting,Alberto Giacometti,Caroline,"When was the painting ""Caroline"" created?","When was Alberto Giacometti's painting ""Caroline"" created?",1961-01-01,61,0
painting,Alberto Giacometti,Caroline II,"When was the painting ""Caroline II"" created?","When was Alberto Giacometti's painting ""Caroline II"" created?",1962-01-01,61,0
painting,Alberto Giacometti,Diego,"When was the painting ""Diego"" created?","When was Alberto Giacometti's painting ""Diego"" created?",1950-01-01,61,0
painting,Alberto Giacometti,Diego in the Studio,"When was the painting ""Diego in the Studio"" created?","When was Alberto Giacometti's painting ""Diego in the Studio"" created?",1952-01-01,61,0
painting,Alberto Giacometti,Diego Seated,"When was the painting ""Diego Seated"" created?","When was Alberto Giacometti's painting ""Diego Seated"" created?",1948-01-01,61,0
painting,Alberto Giacometti,Diego Seated in the Studio,"When was the painting ""Diego Seated in the Studio"" created?","When was Alberto Giacometti's painting ""Diego Seated in the Studio"" created?",1950-01-01,61,0
painting,Alberto Giacometti,Femme assise,"When was the painting ""Femme assise"" created?","When was Alberto Giacometti's painting ""Femme assise"" created?",1958-01-01,61,0
painting,Alberto Giacometti,Figures in Space,"When was the painting ""Figures in Space"" created?","When was Alberto Giacometti's painting ""Figures in Space"" created?",1964-01-01,61,0
painting,Alberto Giacometti,Grand nu assis,"When was the painting ""Grand nu assis"" created?","When was Alberto Giacometti's painting ""Grand nu assis"" created?",1957-01-01,61,0
painting,Alberto Giacometti,Head of a Man IV (Diego),"When was the painting ""Head of a Man IV (Diego)"" created?","When was Alberto Giacometti's painting ""Head of a Man IV (Diego)"" created?",1964-01-01,61,0
painting,Alberto Giacometti,Head of Diego,"When was the painting ""Head of Diego"" created?","When was Alberto Giacometti's painting ""Head of Diego"" created?",1950-01-01,61,0
painting,Alberto Giacometti,Interior,"When was the painting ""Interior"" created?","When was Alberto Giacometti's painting ""Interior"" created?",1949-01-01,61,0
painting,Alberto Giacometti,Isaku Yanaihara,"When was the painting ""Isaku Yanaihara"" created?","When was Alberto Giacometti's painting ""Isaku Yanaihara"" created?",1956-01-01,61,0
painting,Alberto Giacometti,Landscape,"When was the painting ""Landscape"" created?","When was Alberto Giacometti's painting ""Landscape"" created?",1952-01-01,61,0
painting,Alberto Giacometti,Landscape in Maloja,"When was the painting ""Landscape in Maloja"" created?","When was Alberto Giacometti's painting ""Landscape in Maloja"" created?",1953-01-01,61,0
painting,Alberto Giacometti,La rue (Angle de la rue Hippolyte-Maindron et de la rue du Moulin-Vert),"When was the painting ""La rue (Angle de la rue Hippolyte-Maindron et de la rue du Moulin-Vert)"" created?","When was Alberto Giacometti's painting ""La rue (Angle de la rue Hippolyte-Maindron et de la rue du Moulin-Vert)"" created?",1952-01-01,61,0
painting,Alberto Giacometti,Le Buffet,"When was the painting ""Le Buffet"" created?","When was Alberto Giacometti's painting ""Le Buffet"" created?",1957-01-01,61,0
painting,Alberto Giacometti,Nu Assis dans l'Atelier (Seated Nude in the Studio),"When was the painting ""Nu Assis dans l'Atelier (Seated Nude in the Studio)"" created?","When was Alberto Giacometti's painting ""Nu Assis dans l'Atelier (Seated Nude in the Studio)"" created?",1953-01-01,61,0
painting,Alberto Giacometti,Nude,"When was the painting ""Nude"" created?","When was Alberto Giacometti's painting ""Nude"" created?",1923-01-01,61,0
painting,Alberto Giacometti,Nu debout,"When was the painting ""Nu debout"" created?","When was Alberto Giacometti's painting ""Nu debout"" created?",1958-01-01,61,0
painting,Alberto Giacometti,Personnage assis dans l’atelier,"When was the painting ""Personnage assis dans l’atelier"" created?","When was Alberto Giacometti's painting ""Personnage assis dans l’atelier"" created?",1953-01-01,61,0
painting,Alberto Giacometti,Portrait of Annette,"When was the painting ""Portrait of Annette"" created?","When was Alberto Giacometti's painting ""Portrait of Annette"" created?",1949-01-01,61,0
painting,Alberto Giacometti,Portrait of Annette with Yellow Blouse,"When was the painting ""Portrait of Annette with Yellow Blouse"" created?","When was Alberto Giacometti's painting ""Portrait of Annette with Yellow Blouse"" created?",1964-01-01,61,0
painting,Alberto Giacometti,Portrait of Ernst Scheidegger,"When was the painting ""Portrait of Ernst Scheidegger"" created?","When was Alberto Giacometti's painting ""Portrait of Ernst Scheidegger"" created?",1959-01-01,61,0
painting,Alberto Giacometti,Portrait of G. David Thompson,"When was the painting ""Portrait of G. David Thompson"" created?","When was Alberto Giacometti's painting ""Portrait of G. David Thompson"" created?",1957-01-01,61,0
painting,Alberto Giacometti,Portrait of Peter Watson,"When was the painting ""Portrait of Peter Watson"" created?","When was Alberto Giacometti's painting ""Portrait of Peter Watson"" created?",1953-01-01,61,0
painting,Alberto Giacometti,Seated Man,"When was the painting ""Seated Man"" created?","When was Alberto Giacometti's painting ""Seated Man"" created?",1949-01-01,61,0
painting,Alberto Giacometti,Self-Portrait,"When was the painting ""Self-Portrait"" created?","When was Alberto Giacometti's painting ""Self-Portrait"" created?",1920-01-01,61,0
painting,Alberto Giacometti,Small Bust on a Plinth (Diego),"When was the painting ""Small Bust on a Plinth (Diego)"" created?","When was Alberto Giacometti's painting ""Small Bust on a Plinth (Diego)"" created?",1947-01-01,61,0
painting,Alberto Giacometti,Standing Figure,"When was the painting ""Standing Figure"" created?","When was Alberto Giacometti's painting ""Standing Figure"" created?",1949-01-01,61,0
painting,Alberto Giacometti,Standing Figure in Box,"When was the painting ""Standing Figure in Box"" created?","When was Alberto Giacometti's painting ""Standing Figure in Box"" created?",1948-01-01,61,0
painting,Alberto Giacometti,Standing Woman,"When was the painting ""Standing Woman"" created?","When was Alberto Giacometti's painting ""Standing Woman"" created?",1946-01-01,61,0
painting,Alberto Giacometti,Still Life with an Apple,"When was the painting ""Still Life with an Apple"" created?","When was Alberto Giacometti's painting ""Still Life with an Apple"" created?",1937-01-01,61,0
painting,Alberto Giacometti,Studies of Diego,"When was the painting ""Studies of Diego"" created?","When was Alberto Giacometti's painting ""Studies of Diego"" created?",1962-01-01,61,0
painting,Alberto Giacometti,Tall Figure,"When was the painting ""Tall Figure"" created?","When was Alberto Giacometti's painting ""Tall Figure"" created?",1947-01-01,61,0
painting,Alberto Giacometti,Tête de cheval (Horse Head),"When was the painting ""Tête de cheval (Horse Head)"" created?","When was Alberto Giacometti's painting ""Tête de cheval (Horse Head)"" created?",1951-01-01,61,0
painting,Alberto Giacometti,[The Artist's Mother],"When was the painting ""[The Artist's Mother]"" created?","When was Alberto Giacometti's painting ""[The Artist's Mother]"" created?",1949-01-01,61,0
painting,Alberto Giacometti,The Artist's Mother in the Studio,"When was the painting ""The Artist's Mother in the Studio"" created?","When was Alberto Giacometti's painting ""The Artist's Mother in the Studio"" created?",1962-01-01,61,0
painting,Alberto Giacometti,The Forest (Composition with Seven Figures and a Head),"When was the painting ""The Forest (Composition with Seven Figures and a Head)"" created?","When was Alberto Giacometti's painting ""The Forest (Composition with Seven Figures and a Head)"" created?",1950-01-01,61,0
painting,Alberto Giacometti,The Garden in Stampa,"When was the painting ""The Garden in Stampa"" created?","When was Alberto Giacometti's painting ""The Garden in Stampa"" created?",1954-01-01,61,0
painting,Alberto Giacometti,The Studio,"When was the painting ""The Studio"" created?","When was Alberto Giacometti's painting ""The Studio"" created?",1951-01-01,61,0
painting,Alberto Giacometti,The Tree,"When was the painting ""The Tree"" created?","When was Alberto Giacometti's painting ""The Tree"" created?",1950-01-01,61,0
painting,Alberto Giacometti,Three Men Walking II,"When was the painting ""Three Men Walking II"" created?","When was Alberto Giacometti's painting ""Three Men Walking II"" created?",1949-01-01,61,0
painting,Alberto Giacometti,Woman of Venice II,"When was the painting ""Woman of Venice II"" created?","When was Alberto Giacometti's painting ""Woman of Venice II"" created?",1956-01-01,61,0
painting,Albrecht Altdorfer,Altdorfer Altar,"When was the painting ""Altdorfer Altar"" created?","When was Albrecht Altdorfer's painting ""Altdorfer Altar"" created?",1512-01-01,52,0
painting,Albrecht Altdorfer,Arrest of Christ,"When was the painting ""Arrest of Christ"" created?","When was Albrecht Altdorfer's painting ""Arrest of Christ"" created?",1512-01-01,52,1
painting,Albrecht Altdorfer,Begging Sits on Pride's Train,"When was the painting ""Begging Sits on Pride's Train"" created?","When was Albrecht Altdorfer's painting ""Begging Sits on Pride's Train"" created?",1531-01-01,52,1
painting,Albrecht Altdorfer,Beheading of St. Catherine,"When was the painting ""Beheading of St. Catherine"" created?","When was Albrecht Altdorfer's painting ""Beheading of St. Catherine"" created?",1550-01-01,52,1
painting,Albrecht Altdorfer,Capture of St Florian,"When was the painting ""Capture of St Florian"" created?","When was Albrecht Altdorfer's painting ""Capture of St Florian"" created?",1520-01-01,52,1
painting,Albrecht Altdorfer,Christ on the Cross between the Two Thieves,"When was the painting ""Christ on the Cross between the Two Thieves"" created?","When was Albrecht Altdorfer's painting ""Christ on the Cross between the Two Thieves"" created?",1520-01-01,52,1
painting,Albrecht Altdorfer,Christ Taking Leave of his Mother,"When was the painting ""Christ Taking Leave of his Mother"" created?","When was Albrecht Altdorfer's painting ""Christ Taking Leave of his Mother"" created?",1520-01-01,52,6
painting,Albrecht Altdorfer,Communion of the Apostles / Apostles in a wooded landscape,"When was the painting ""Communion of the Apostles / Apostles in a wooded landscape"" created?","When was Albrecht Altdorfer's painting ""Communion of the Apostles / Apostles in a wooded landscape"" created?",1523-01-01,52,1
painting,Albrecht Altdorfer,Countryside of Wood With Saint George Fighting the Dragon,"When was the painting ""Countryside of Wood With Saint George Fighting the Dragon"" created?","When was Albrecht Altdorfer's painting ""Countryside of Wood With Saint George Fighting the Dragon"" created?",1510-01-01,52,8
painting,Albrecht Altdorfer,Crucifixion,"When was the painting ""Crucifixion"" created?","When was Albrecht Altdorfer's painting ""Crucifixion"" created?",1517-01-01,52,1
painting,Albrecht Altdorfer,Crucifixion of Jesus,"When was the painting ""Crucifixion of Jesus"" created?","When was Albrecht Altdorfer's painting ""Crucifixion of Jesus"" created?",1526-01-01,52,1
painting,Albrecht Altdorfer,Crucifixion with Mary and John,"When was the painting ""Crucifixion with Mary and John"" created?","When was Albrecht Altdorfer's painting ""Crucifixion with Mary and John"" created?",1512-01-01,52,1
painting,Albrecht Altdorfer,Entombment of Christ,"When was the painting ""Entombment of Christ"" created?","When was Albrecht Altdorfer's painting ""Entombment of Christ"" created?",1518-01-01,52,1
painting,Albrecht Altdorfer,Finding of the Body of Saint Florian,"When was the painting ""Finding of the Body of Saint Florian"" created?","When was Albrecht Altdorfer's painting ""Finding of the Body of Saint Florian"" created?",1520-01-01,52,1
painting,Albrecht Altdorfer,Flagellation of Christ,"When was the painting ""Flagellation of Christ"" created?","When was Albrecht Altdorfer's painting ""Flagellation of Christ"" created?",1518-01-01,52,1
painting,Albrecht Altdorfer,Holy family,"When was the painting ""Holy family"" created?","When was Albrecht Altdorfer's painting ""Holy family"" created?",1505-01-01,52,0
painting,Albrecht Altdorfer,Holy Family with an Angel,"When was the painting ""Holy Family with an Angel"" created?","When was Albrecht Altdorfer's painting ""Holy Family with an Angel"" created?",1515-01-01,52,1
painting,Albrecht Altdorfer,Landscape of Danube near Regensburg,"When was the painting ""Landscape of Danube near Regensburg"" created?","When was Albrecht Altdorfer's painting ""Landscape of Danube near Regensburg"" created?",1528-01-01,52,1
painting,Albrecht Altdorfer,Landscape with a Footbridge,"When was the painting ""Landscape with a Footbridge"" created?","When was Albrecht Altdorfer's painting ""Landscape with a Footbridge"" created?",1518-01-01,52,3
painting,Albrecht Altdorfer,Landscape with Satyr Family,"When was the painting ""Landscape with Satyr Family"" created?","When was Albrecht Altdorfer's painting ""Landscape with Satyr Family"" created?",1507-01-01,52,1
painting,Albrecht Altdorfer,Landscape with Woodcutter,"When was the painting ""Landscape with Woodcutter"" created?","When was Albrecht Altdorfer's painting ""Landscape with Woodcutter"" created?",1522-01-01,52,1
painting,Albrecht Altdorfer,Lot and his daughters,"When was the painting ""Lot and his daughters"" created?","When was Albrecht Altdorfer's painting ""Lot and his daughters"" created?",1537-01-01,52,1
song,2NE1,Don't Stop the Music,"When was the song ""Don't Stop the Music"" released?","When was 2NE1's song ""Don't Stop the Music"" released?",2010-01-01,53,0
song,2NE1,Do You Love Me,"When was the song ""Do You Love Me"" released?","When was 2NE1's song ""Do You Love Me"" released?",2013-01-01,53,5
song,2NE1,Falling in Love,"When was the song ""Falling in Love"" released?","When was 2NE1's song ""Falling in Love"" released?",2013-01-01,53,6
song,2NE1,Fire,"When was the song ""Fire"" released?","When was 2NE1's song ""Fire"" released?",2009-05-06,53,9
song,2NE1,Hate You,"When was the song ""Hate You"" released?","When was 2NE1's song ""Hate You"" released?",2011-07-21,53,8
song,2NE1,I Don't Care,"When was the song ""I Don't Care"" released?","When was 2NE1's song ""I Don't Care"" released?",2009-07-01,53,8
song,2NE1,It Hurts,"When was the song ""It Hurts"" released?","When was 2NE1's song ""It Hurts"" released?",2010-09-09,53,3
song,50 Cent,Don't Worry 'Bout It,"When was the song ""Don't Worry 'Bout It"" released?","When was 50 Cent's song ""Don't Worry 'Bout It"" released?",2014-03-18,110,6
song,50 Cent,First Date,"When was the song ""First Date"" released?","When was 50 Cent's song ""First Date"" released?",2012-10-03,110,4
song,50 Cent,Follow My Lead,"When was the song ""Follow My Lead"" released?","When was 50 Cent's song ""Follow My Lead"" released?",2008-01-01,110,7
song,50 Cent,Hands Up,"When was the song ""Hands Up"" released?","When was 50 Cent's song ""Hands Up"" released?",2006-09-18,110,6
song,50 Cent,Hold On,"When was the song ""Hold On"" released?","When was 50 Cent's song ""Hold On"" released?",2014-03-18,110,6
song,50 Cent,Let's Get It In,"When was the song ""Let's Get It In"" released?","When was 50 Cent's song ""Let's Get It In"" released?",2010-09-27,110,4
song,50 Cent,Major Distribution,"When was the song ""Major Distribution"" released?","When was 50 Cent's song ""Major Distribution"" released?",2013-02-05,110,6
song,50 Cent,"Ok, You're Right","When was the song ""Ok, You're Right"" released?","When was 50 Cent's song ""Ok, You're Right"" released?",2009-01-01,110,7
song,50 Cent,On Fire,"When was the song ""On Fire"" released?","When was 50 Cent's song ""On Fire"" released?",2004-04-15,110,3
song,50 Cent,Piggy Bank,"When was the song ""Piggy Bank"" released?","When was 50 Cent's song ""Piggy Bank"" released?",2005-01-01,110,5
song,50 Cent,Pilot,"When was the song ""Pilot"" released?","When was 50 Cent's song ""Pilot"" released?",2014-03-25,110,6
song,50 Cent,Smoke,"When was the song ""Smoke"" released?","When was 50 Cent's song ""Smoke"" released?",2014-03-31,110,5
song,6ix9ine,Mama,"When was the song ""Mama"" released?","When was 6ix9ine's song ""Mama"" released?",2018-01-01,51,5
song,AC/DC,I'm a Rebel,"When was the song ""I'm a Rebel"" released?","When was AC/DC's song ""I'm a Rebel"" released?",1980-01-01,103,4
song,AC/DC,Love at First Feel,"When was the song ""Love at First Feel"" released?","When was AC/DC's song ""Love at First Feel"" released?",1977-01-01,103,7
song,AC/DC,Shake Your Foundations,"When was the song ""Shake Your Foundations"" released?","When was AC/DC's song ""Shake Your Foundations"" released?",1985-01-01,103,7
song,Adam Lambert,Aftermath,"When was the song ""Aftermath"" released?","When was Adam Lambert's song ""Aftermath"" released?",2011-01-01,58,1
song,Adele,All Night Parking (Interlude),"When was the song ""All Night Parking (Interlude)"" released?","When was Adele's song ""All Night Parking (Interlude)"" released?",2021-11-19,135,1
song,Adele,I Miss You,"When was the song ""I Miss You"" released?","When was Adele's song ""I Miss You"" released?",2015-11-20,135,1
song,Adele,River Lea,"When was the song ""River Lea"" released?","When was Adele's song ""River Lea"" released?",2016-01-01,135,4
song,Adriano Celentano,Acqua e sale,"When was the song ""Acqua e sale"" released?","When was Adriano Celentano's song ""Acqua e sale"" released?",1998-05-14,84,3
song,Aerosmith,Angel,"When was the song ""Angel"" released?","When was Aerosmith's song ""Angel"" released?",1988-01-01,83,9
song,Aerosmith,Get It Up,"When was the song ""Get It Up"" released?","When was Aerosmith's song ""Get It Up"" released?",1978-01-01,83,4
song,Aerosmith,Nine Lives,"When was the song ""Nine Lives"" released?","When was Aerosmith's song ""Nine Lives"" released?",1997-01-01,83,7
song,AFC Ajax,Wij zijn Ajax,"When was the song ""Wij zijn Ajax"" released?","When was AFC Ajax's song ""Wij zijn Ajax"" released?",2012-12-18,106,1
song,Agnetha Fältskog,Dance Your Pain Away,"When was the song ""Dance Your Pain Away"" released?","When was Agnetha Fältskog's song ""Dance Your Pain Away"" released?",2013-01-01,82,1
song,Agnetha Fältskog,I Should've Followed You Home,"When was the song ""I Should've Followed You Home"" released?","When was Agnetha Fältskog's song ""I Should've Followed You Home"" released?",2013-01-01,82,2
song,Agnetha Fältskog,The One Who Loves You Now,"When was the song ""The One Who Loves You Now"" released?","When was Agnetha Fältskog's song ""The One Who Loves You Now"" released?",2013-01-01,82,1
song,Agnez Mo,Coke Bottle (song),"When was the song ""Coke Bottle (song)"" released?","When was Agnez Mo's song ""Coke Bottle (song)"" released?",2014-01-01,147,3
song,AKB48,"Hoppe, Tsuneru","When was the song ""Hoppe, Tsuneru"" released?","When was AKB48's song ""Hoppe, Tsuneru"" released?",2014-11-28,70,0
song,AKB48,Tabidachi no Hi ni,"When was the song ""Tabidachi no Hi ni"" released?","When was AKB48's song ""Tabidachi no Hi ni"" released?",2008-03-05,70,5
song,Akon,Beautiful,"When was the song ""Beautiful"" released?","When was Akon's song ""Beautiful"" released?",2009-01-06,88,9
song,Akon,Boomerang,"When was the song ""Boomerang"" released?","When was Akon's song ""Boomerang"" released?",2011-01-01,88,1
song,Akon,Cry Out Of Joy,"When was the song ""Cry Out Of Joy"" released?","When was Akon's song ""Cry Out Of Joy"" released?",2009-01-01,88,0
song,Akon,Dangerous,"When was the song ""Dangerous"" released?","When was Akon's song ""Dangerous"" released?",2008-03-18,88,6
song,Akon,Girls,"When was the song ""Girls"" released?","When was Akon's song ""Girls"" released?",2006-05-30,88,2
song,Akon,Holla Holla,"When was the song ""Holla Holla"" released?","When was Akon's song ""Holla Holla"" released?",2008-01-01,88,3
song,Akon,The Way She Moves,"When was the song ""The Way She Moves"" released?","When was Akon's song ""The Way She Moves"" released?",2007-04-21,88,1
song,Akon,Troublemaker,"When was the song ""Troublemaker"" released?","When was Akon's song ""Troublemaker"" released?",2008-12-13,88,3
song,Alanis Morissette,Everything,"When was the song ""Everything"" released?","When was Alanis Morissette's song ""Everything"" released?",2004-04-13,82,6
song,Alanis Morissette,Flinch,"When was the song ""Flinch"" released?","When was Alanis Morissette's song ""Flinch"" released?",2002-01-01,82,2
song,Alanis Morissette,Surrendering,"When was the song ""Surrendering"" released?","When was Alanis Morissette's song ""Surrendering"" released?",2002-01-01,82,2
song,Alanis Morissette,Wunderkind,"When was the song ""Wunderkind"" released?","When was Alanis Morissette's song ""Wunderkind"" released?",2005-12-13,82,2
song,Alan Walker,"Alone, Pt. II","When was the song ""Alone, Pt. II"" released?","When was Alan Walker's song ""Alone, Pt. II"" released?",2019-01-01,68,8
song,Alexander Rybak,Leave Me Alone,"When was the song ""Leave Me Alone"" released?","When was Alexander Rybak's song ""Leave Me Alone"" released?",2012-10-12,70,2
song,Alex Turner,Stuck on the Puzzle,"When was the song ""Stuck on the Puzzle"" released?","When was Alex Turner's song ""Stuck on the Puzzle"" released?",2011-02-23,52,0
song,Alice Cooper,Freedom,"When was the song ""Freedom"" released?","When was Alice Cooper's song ""Freedom"" released?",1987-01-01,82,5
song,Alice in Chains,Died,"When was the song ""Died"" released?","When was Alice in Chains's song ""Died"" released?",1998-01-01,65,4
song,Alice in Chains,Hollow,"When was the song ""Hollow"" released?","When was Alice in Chains's song ""Hollow"" released?",2012-12-18,65,9
song,Alice in Chains,Voices,"When was the song ""Voices"" released?","When was Alice in Chains's song ""Voices"" released?",2013-08-13,65,6
song,Alicia Keys,28 Thousand Days,"When was the song ""28 Thousand Days"" released?","When was Alicia Keys's song ""28 Thousand Days"" released?",2015-07-31,97,3
song,Alicia Keys,Calma,"When was the song ""Calma"" released?","When was Alicia Keys's song ""Calma"" released?",2018-07-20,97,7
song,Alicia Keys,Karma,"When was the song ""Karma"" released?","When was Alicia Keys's song ""Karma"" released?",2004-11-16,97,9
song,Alicia Keys,Looking for Paradise,"When was the song ""Looking for Paradise"" released?","When was Alicia Keys's song ""Looking for Paradise"" released?",2009-09-23,97,6
song,Alicia Keys,Time Machine,"When was the song ""Time Machine"" released?","When was Alicia Keys's song ""Time Machine"" released?",2019-01-01,97,3
song,Alizée,A cause de l'automne,"When was the song ""A cause de l'automne"" released?","When was Alizée's song ""A cause de l'automne"" released?",2012-07-04,63,6
song,Alizée,À contre-courant,"When was the song ""À contre-courant"" released?","When was Alizée's song ""À contre-courant"" released?",2003-10-01,63,9
song,Alizée,Amelie M'a Dit,"When was the song ""Amelie M'a Dit"" released?","When was Alizée's song ""Amelie M'a Dit"" released?",2004-01-01,63,1
song,Alizée,Blonde,"When was the song ""Blonde"" released?","When was Alizée's song ""Blonde"" released?",2014-03-18,63,6
song,Alizée,Clara veut la Lune,"When was the song ""Clara veut la Lune"" released?","When was Alizée's song ""Clara veut la Lune"" released?",1993-01-01,63,2
song,Alizée,Fifty-Sixty,"When was the song ""Fifty-Sixty"" released?","When was Alizée's song ""Fifty-Sixty"" released?",2008-02-01,63,7
song,Alizée,J'ai pas vingt ans,"When was the song ""J'ai pas vingt ans"" released?","When was Alizée's song ""J'ai pas vingt ans"" released?",2003-06-01,63,9
song,Alizée,La Isla Bonita,"When was the song ""La Isla Bonita"" released?","When was Alizée's song ""La Isla Bonita"" released?",2008-08-01,63,0
song,Alizée,Limelight,"When was the song ""Limelight"" released?","When was Alizée's song ""Limelight"" released?",2010-04-26,63,3
song,Amália Rodrigues,Canção do Mar,"When was the song ""Canção do Mar"" released?","When was Amália Rodrigues's song ""Canção do Mar"" released?",1955-01-01,53,7
song,Amy Lee,Broken,"When was the song ""Broken"" released?","When was Amy Lee's song ""Broken"" released?",2004-04-13,67,7
song,Amy Macdonald,4th of July,"When was the song ""4th of July"" released?","When was Amy Macdonald's song ""4th of July"" released?",2012-10-22,61,4
song,Amy Macdonald,Run,"When was the song ""Run"" released?","When was Amy Macdonald's song ""Run"" released?",2008-01-01,61,8
song,Anastacia,Stupid Little Things (Anastacia Song),"When was the song ""Stupid Little Things (Anastacia Song)"" released?","When was Anastacia's song ""Stupid Little Things (Anastacia Song)"" released?",2014-03-28,106,6
song,Anggun,Nos vies parallèles,"When was the song ""Nos vies parallèles"" released?","When was Anggun's song ""Nos vies parallèles"" released?",2015-09-15,149,1
song,Anggun,Only Love,"When was the song ""Only Love"" released?","When was Anggun's song ""Only Love"" released?",2011-04-08,149,3
song,Anne-Marie,Alright with Me,"When was the song ""Alright with Me"" released?","When was Anne-Marie's song ""Alright with Me"" released?",2015-12-11,52,1
song,Anne-Marie,Remember I Told You,"When was the song ""Remember I Told You"" released?","When was Anne-Marie's song ""Remember I Told You"" released?",2017-05-26,52,5
song,Anthrax,Antisocial,"When was the song ""Antisocial"" released?","When was Anthrax's song ""Antisocial"" released?",1980-01-01,53,3
song,Apocalyptica,S.O.S. (Anything but Love),"When was the song ""S.O.S. (Anything but Love)"" released?","When was Apocalyptica's song ""S.O.S. (Anything but Love)"" released?",2008-01-01,56,2
song,Arash,Melody,"When was the song ""Melody"" released?","When was Arash's song ""Melody"" released?",2012-01-01,55,1
song,Arash,She Makes Me Go,"When was the song ""She Makes Me Go"" released?","When was Arash's song ""She Makes Me Go"" released?",2012-09-17,55,8
song,Arch Enemy,The World Is Yours,"When was the song ""The World Is Yours"" released?","When was Arch Enemy's song ""The World Is Yours"" released?",2017-01-01,51,2
song,Arch Enemy,War Eternal,"When was the song ""War Eternal"" released?","When was Arch Enemy's song ""War Eternal"" released?",2014-01-01,51,2
song,Arctic Monkeys,Fake Tales of San Francisco,"When was the song ""Fake Tales of San Francisco"" released?","When was Arctic Monkeys's song ""Fake Tales of San Francisco"" released?",2006-08-01,70,8
song,Arctic Monkeys,Opening Night,"When was the song ""Opening Night"" released?","When was Arctic Monkeys's song ""Opening Night"" released?",2026-01-22,70,3
song,Arctic Monkeys,The View from the Afternoon,"When was the song ""The View from the Afternoon"" released?","When was Arctic Monkeys's song ""The View from the Afternoon"" released?",2006-01-01,70,4
song,Aretha Franklin,Call Me,"When was the song ""Call Me"" released?","When was Aretha Franklin's song ""Call Me"" released?",1970-01-01,114,4
song,Aretha Franklin,I Never Loved a Man (The Way I Love You),"When was the song ""I Never Loved a Man (The Way I Love You)"" released?","When was Aretha Franklin's song ""I Never Loved a Man (The Way I Love You)"" released?",1967-02-10,114,6
song,Ariana Grande,Humble (Sage The Gemini Remix),"When was the song ""Humble (Sage The Gemini Remix)"" released?","When was Ariana Grande's song ""Humble (Sage The Gemini Remix)"" released?",2021-06-21,139,0
song,Ariana Grande,Let Me Love You,"When was the song ""Let Me Love You"" released?","When was Ariana Grande's song ""Let Me Love You"" released?",2016-01-01,139,8
song,Armin van Buuren,Another You,"When was the song ""Another You"" released?","When was Armin van Buuren's song ""Another You"" released?",2015-01-01,57,5
song,Armin van Buuren,Computers Take Over The World,"When was the song ""Computers Take Over The World"" released?","When was Armin van Buuren's song ""Computers Take Over The World"" released?",2022-09-09,57,1
song,Armin van Buuren,Feel Something,"When was the song ""Feel Something"" released?","When was Armin van Buuren's song ""Feel Something"" released?",2020-11-06,57,2
song,Armin van Buuren,Hoe het danst,"When was the song ""Hoe het danst"" released?","When was Armin van Buuren's song ""Hoe het danst"" released?",2019-05-03,57,5
song,Armin van Buuren,Waiting for the Night,"When was the song ""Waiting for the Night"" released?","When was Armin van Buuren's song ""Waiting for the Night"" released?",2013-01-01,57,2
song,Armin van Buuren,Youtopia,"When was the song ""Youtopia"" released?","When was Armin van Buuren's song ""Youtopia"" released?",2011-12-13,57,1
song,Ashlee Simpson,Boyfriend,"When was the song ""Boyfriend"" released?","When was Ashlee Simpson's song ""Boyfriend"" released?",2005-09-06,55,7
song,Ashley Tisdale,Fabulous,"When was the song ""Fabulous"" released?","When was Ashley Tisdale's song ""Fabulous"" released?",2007-01-01,71,7
song,Ashley Tisdale,So much for you,"When was the song ""So much for you"" released?","When was Ashley Tisdale's song ""So much for you"" released?",2008-01-01,71,2
song,Ashley Tisdale,We're All in This Together,"When was the song ""We're All in This Together"" released?","When was Ashley Tisdale's song ""We're All in This Together"" released?",2006-10-16,71,4
song,Ashley Tisdale,You Are the Music in Me,"When was the song ""You Are the Music in Me"" released?","When was Ashley Tisdale's song ""You Are the Music in Me"" released?",2007-09-24,71,7
song,Ashley Tisdale,You're Always Here,"When was the song ""You're Always Here"" released?","When was Ashley Tisdale's song ""You're Always Here"" released?",2013-12-16,71,4
song,Avicii,Blessed,"When was the song ""Blessed"" released?","When was Avicii's song ""Blessed"" released?",2011-05-23,88,5
song,Avicii,Sunshine,"When was the song ""Sunshine"" released?","When was Avicii's song ""Sunshine"" released?",2011-08-29,88,7
song,Avicii,Tough Love,"When was the song ""Tough Love"" released?","When was Avicii's song ""Tough Love"" released?",2019-05-09,88,6
song,Avril Lavigne,Bad Girl,"When was the song ""Bad Girl"" released?","When was Avril Lavigne's song ""Bad Girl"" released?",2013-01-01,138,4
song,Ayumi Hamasaki,Dreamed A Dream,"When was the song ""Dreamed A Dream"" released?","When was Ayumi Hamasaki's song ""Dreamed A Dream"" released?",2020-07-31,60,4
song,Ayumi Hamasaki,Evolution,"When was the song ""Evolution"" released?","When was Ayumi Hamasaki's song ""Evolution"" released?",2001-01-31,60,9
song,Ayumi Hamasaki,Feel the love / Merry-go-round,"When was the song ""Feel the love / Merry-go-round"" released?","When was Ayumi Hamasaki's song ""Feel the love / Merry-go-round"" released?",2013-12-25,60,6
song,Ayumi Hamasaki,Nonfiction,"When was the song ""Nonfiction"" released?","When was Ayumi Hamasaki's song ""Nonfiction"" released?",2022-04-24,60,2
song,Backstreet Boys,Don't Go Breaking My Heart,"When was the song ""Don't Go Breaking My Heart"" released?","When was Backstreet Boys's song ""Don't Go Breaking My Heart"" released?",2018-01-01,74,5
song,Barbra Streisand,Prisoner (Love Theme from Eyes of Laura Mars),"When was the song ""Prisoner (Love Theme from Eyes of Laura Mars)"" released?","When was Barbra Streisand's song ""Prisoner (Love Theme from Eyes of Laura Mars)"" released?",1978-07-01,108,2
song,Beastie Boys,Alive,"When was the song ""Alive"" released?","When was Beastie Boys's song ""Alive"" released?",1999-01-01,57,1
song,Bebe Rexha,Chain My Heart,"When was the song ""Chain My Heart"" released?","When was Bebe Rexha's song ""Chain My Heart"" released?",2021-06-11,57,6
song,Beck,Deadweight,"When was the song ""Deadweight"" released?","When was Beck's song ""Deadweight"" released?",1997-10-27,53,3
song,Beck,Defriended,"When was the song ""Defriended"" released?","When was Beck's song ""Defriended"" released?",2013-06-24,53,2
song,Bee Gees,Love Me,"When was the song ""Love Me"" released?","When was Bee Gees's song ""Love Me"" released?",1976-09-01,73,4
song,Bee Gees,My Lover's Prayer,"When was the song ""My Lover's Prayer"" released?","When was Bee Gees's song ""My Lover's Prayer"" released?",2003-12-29,73,1
song,Bee Gees,Rest Your Love on Me,"When was the song ""Rest Your Love on Me"" released?","When was Bee Gees's song ""Rest Your Love on Me"" released?",1978-11-01,73,2
song,Bee Gees,Rings Around the Moon,"When was the song ""Rings Around the Moon"" released?","When was Bee Gees's song ""Rings Around the Moon"" released?",1997-02-17,73,1
song,Ben E. King,I (Who Have Nothing),"When was the song ""I (Who Have Nothing)"" released?","When was Ben E. King's song ""I (Who Have Nothing)"" released?",1963-06-01,51,5
song,Benny Hill,Transistor Radio,"When was the song ""Transistor Radio"" released?","When was Benny Hill's song ""Transistor Radio"" released?",1961-01-01,57,1
song,Bette Midler,Night and Day,"When was the song ""Night and Day"" released?","When was Bette Midler's song ""Night and Day"" released?",1991-01-15,70,4
song,Bette Midler,(The World is Full of) Married Men,"When was the song ""(The World is Full of) Married Men"" released?","When was Bette Midler's song ""(The World is Full of) Married Men"" released?",1979-01-01,70,4
song,Beyoncé,Alien Superstar,"When was the song ""Alien Superstar"" released?","When was Beyoncé's song ""Alien Superstar"" released?",2022-07-29,173,1
song,Beyoncé,All Night,"When was the song ""All Night"" released?","When was Beyoncé's song ""All Night"" released?",2016-12-06,173,7
song,Beyoncé,America Has a Problem,"When was the song ""America Has a Problem"" released?","When was Beyoncé's song ""America Has a Problem"" released?",2023-05-19,173,8
song,Beyoncé,I Was Here,"When was the song ""I Was Here"" released?","When was Beyoncé's song ""I Was Here"" released?",2012-01-01,173,9
song,Beyoncé,Kitty Kat,"When was the song ""Kitty Kat"" released?","When was Beyoncé's song ""Kitty Kat"" released?",2006-01-01,173,9
song,Beyoncé,Lift Off,"When was the song ""Lift Off"" released?","When was Beyoncé's song ""Lift Off"" released?",2011-08-23,173,8
song,Beyoncé,Roc Boys (And the Winner Is)...,"When was the song ""Roc Boys (And the Winner Is)..."" released?","When was Beyoncé's song ""Roc Boys (And the Winner Is)..."" released?",2007-10-10,173,3
song,Beyoncé,Suga Mama,"When was the song ""Suga Mama"" released?","When was Beyoncé's song ""Suga Mama"" released?",2007-01-01,173,9
song,Beyoncé,What's It Gonna Be,"When was the song ""What's It Gonna Be"" released?","When was Beyoncé's song ""What's It Gonna Be"" released?",2003-01-01,173,5
song,BigBang,Bae Bae,"When was the song ""Bae Bae"" released?","When was BigBang's song ""Bae Bae"" released?",2015-05-01,63,9
song,BigBang,Haru Haru,"When was the song ""Haru Haru"" released?","When was BigBang's song ""Haru Haru"" released?",2008-08-08,63,5
song,BigBang,Last Farewell,"When was the song ""Last Farewell"" released?","When was BigBang's song ""Last Farewell"" released?",2007-11-22,63,3
song,BigBang,Lies,"When was the song ""Lies"" released?","When was BigBang's song ""Lies"" released?",2007-08-16,63,4
song,BigBang,Loser,"When was the song ""Loser"" released?","When was BigBang's song ""Loser"" released?",2015-05-01,63,9
song,BigBang,Monster,"When was the song ""Monster"" released?","When was BigBang's song ""Monster"" released?",2012-06-03,63,4
song,BigBang,Still Life,"When was the song ""Still Life"" released?","When was BigBang's song ""Still Life"" released?",2022-04-05,63,8
song,BigBang,Tonight,"When was the song ""Tonight"" released?","When was BigBang's song ""Tonight"" released?",2011-02-24,63,3
song,Billie Eilish,Everybody Dies,"When was the song ""Everybody Dies"" released?","When was Billie Eilish's song ""Everybody Dies"" released?",2021-07-30,119,1
song,Billie Eilish,Male Fantasy,"When was the song ""Male Fantasy"" released?","When was Billie Eilish's song ""Male Fantasy"" released?",2021-07-30,119,6
song,Billie Eilish,Overheated,"When was the song ""Overheated"" released?","When was Billie Eilish's song ""Overheated"" released?",2021-07-30,119,1
song,Billy Crystal,If I Didn't Have You,"When was the song ""If I Didn't Have You"" released?","When was Billy Crystal's song ""If I Didn't Have You"" released?",2008-05-20,62,8
song,Billy Idol,Catch My Fall,"When was the song ""Catch My Fall"" released?","When was Billy Idol's song ""Catch My Fall"" released?",1984-01-01,53,4
song,Billy Idol,Don't Need a Gun,"When was the song ""Don't Need a Gun"" released?","When was Billy Idol's song ""Don't Need a Gun"" released?",1986-01-01,53,3
song,Billy Idol,Flesh for Fantasy,"When was the song ""Flesh for Fantasy"" released?","When was Billy Idol's song ""Flesh for Fantasy"" released?",1984-01-01,53,5
song,Billy Idol,Mother Dawn,"When was the song ""Mother Dawn"" released?","When was Billy Idol's song ""Mother Dawn"" released?",1993-06-29,53,0
song,Billy Idol,Soul Standing By,"When was the song ""Soul Standing By"" released?","When was Billy Idol's song ""Soul Standing By"" released?",1987-01-01,53,1
song,Billy Idol,Sweet Sixteen,"When was the song ""Sweet Sixteen"" released?","When was Billy Idol's song ""Sweet Sixteen"" released?",1986-01-01,53,7
song,Billy Joel,Pressure,"When was the song ""Pressure"" released?","When was Billy Joel's song ""Pressure"" released?",1982-01-01,67,5
song,Billy Joel,Tell Her About It,"When was the song ""Tell Her About It"" released?","When was Billy Joel's song ""Tell Her About It"" released?",1983-07-28,67,9
song,Billy Joel,Travelin' Prayer,"When was the song ""Travelin' Prayer"" released?","When was Billy Joel's song ""Travelin' Prayer"" released?",1974-01-01,67,4
song,Bing Crosby,Bali Ha'i,"When was the song ""Bali Ha'i"" released?","When was Bing Crosby's song ""Bali Ha'i"" released?",1949-01-01,121,2
song,Birdy,Light Me Up,"When was the song ""Light Me Up"" released?","When was Birdy's song ""Light Me Up"" released?",2014-02-23,52,4
song,Björk,Berghain,"When was the song ""Berghain"" released?","When was Björk's song ""Berghain"" released?",2025-10-27,108,8
song,Björk,Hunter,"When was the song ""Hunter"" released?","When was Björk's song ""Hunter"" released?",1998-10-05,108,9
song,Björk,Innocence,"When was the song ""Innocence"" released?","When was Björk's song ""Innocence"" released?",2007-07-23,108,4
song,Björk,Oral,"When was the song ""Oral"" released?","When was Björk's song ""Oral"" released?",2023-11-21,108,5
song,Björk,The Comet Song,"When was the song ""The Comet Song"" released?","When was Björk's song ""The Comet Song"" released?",2010-09-06,108,5
song,Björk,Virus,"When was the song ""Virus"" released?","When was Björk's song ""Virus"" released?",2011-08-09,108,5
song,Björk,Wanderlust,"When was the song ""Wanderlust"" released?","When was Björk's song ""Wanderlust"" released?",2008-04-07,108,8
song,Black Eyed Peas,Bebot,"When was the song ""Bebot"" released?","When was Black Eyed Peas's song ""Bebot"" released?",2006-01-01,73,7
song,Black Sabbath,A Hard Road,"When was the song ""A Hard Road"" released?","When was Black Sabbath's song ""A Hard Road"" released?",1978-10-01,92,3
song,Black Sabbath,Loner,"When was the song ""Loner"" released?","When was Black Sabbath's song ""Loner"" released?",2013-10-17,92,3
song,Black Sabbath,Never Say Die,"When was the song ""Never Say Die"" released?","When was Black Sabbath's song ""Never Say Die"" released?",1978-09-28,92,7
song,Black Sabbath,Room Full Of Tears,"When was the song ""Room Full Of Tears"" released?","When was Black Sabbath's song ""Room Full Of Tears"" released?",1961-12-18,92,1
song,Black Sabbath,Sabbra Cadabra,"When was the song ""Sabbra Cadabra"" released?","When was Black Sabbath's song ""Sabbra Cadabra"" released?",1974-01-01,92,4
song,Black Sabbath,Selling My Soul,"When was the song ""Selling My Soul"" released?","When was Black Sabbath's song ""Selling My Soul"" released?",1999-01-01,92,4
song,Blink-182,Down,"When was the song ""Down"" released?","When was Blink-182's song ""Down"" released?",2004-06-21,71,6
song,Blondie,Dreaming,"When was the song ""Dreaming"" released?","When was Blondie's song ""Dreaming"" released?",1979-09-14,62,9
song,Blondie,No Exit,"When was the song ""No Exit"" released?","When was Blondie's song ""No Exit"" released?",1999-10-22,62,2
song,Blondie,Rapture,"When was the song ""Rapture"" released?","When was Blondie's song ""Rapture"" released?",1981-01-12,62,8
song,Blondie,Sugar on the Side,"When was the song ""Sugar on the Side"" released?","When was Blondie's song ""Sugar on the Side"" released?",2013-12-17,62,1
song,Blur,Out of Time,"When was the song ""Out of Time"" released?","When was Blur's song ""Out of Time"" released?",2003-04-14,61,8
song,BoA,Energetic,"When was the song ""Energetic"" released?","When was BoA's song ""Energetic"" released?",2010-01-01,56,4
song,BoA,One Dream,"When was the song ""One Dream"" released?","When was BoA's song ""One Dream"" released?",2012-01-01,56,3
song,BoA,Only One,"When was the song ""Only One"" released?","When was BoA's song ""Only One"" released?",2013-02-27,56,6
song,BoA,Tail of Hope,"When was the song ""Tail of Hope"" released?","When was BoA's song ""Tail of Hope"" released?",2013-06-26,56,4
song,BoA,The Shadow,"When was the song ""The Shadow"" released?","When was BoA's song ""The Shadow"" released?",2012-01-01,56,0
song,Bob Dylan,Band of the Hand,"When was the song ""Band of the Hand"" released?","When was Bob Dylan's song ""Band of the Hand"" released?",1986-04-21,184,4
song,Bob Dylan,Rita May,"When was the song ""Rita May"" released?","When was Bob Dylan's song ""Rita May"" released?",1977-11-30,184,4
song,Bob Dylan,Sweetheart Like You,"When was the song ""Sweetheart Like You"" released?","When was Bob Dylan's song ""Sweetheart Like You"" released?",1983-01-01,184,5
song,Bob Marley,Judge Not,"When was the song ""Judge Not"" released?","When was Bob Marley's song ""Judge Not"" released?",1962-01-01,164,4
song,Bon Jovi,Bounce,"When was the song ""Bounce"" released?","When was Bon Jovi's song ""Bounce"" released?",2003-01-01,86,3
song,Bon Jovi,Dry County,"When was the song ""Dry County"" released?","When was Bon Jovi's song ""Dry County"" released?",1994-05-01,86,9
song,Bon Jovi,Everyday,"When was the song ""Everyday"" released?","When was Bon Jovi's song ""Everyday"" released?",2002-08-01,86,9
song,Bon Jovi,No Apologies,"When was the song ""No Apologies"" released?","When was Bon Jovi's song ""No Apologies"" released?",2010-10-22,86,2
song,Bon Jovi,Only Lonely,"When was the song ""Only Lonely"" released?","When was Bon Jovi's song ""Only Lonely"" released?",1985-04-01,86,9
song,Bon Jovi,Real Life,"When was the song ""Real Life"" released?","When was Bon Jovi's song ""Real Life"" released?",1999-03-01,86,6
song,Bon Jovi,Silent Night,"When was the song ""Silent Night"" released?","When was Bon Jovi's song ""Silent Night"" released?",1985-10-22,86,6
song,Bon Jovi,The Hardest Part Is the Night,"When was the song ""The Hardest Part Is the Night"" released?","When was Bon Jovi's song ""The Hardest Part Is the Night"" released?",1985-08-21,86,6
song,Bonnie Tyler,Against the Wind,"When was the song ""Against the Wind"" released?","When was Bonnie Tyler's song ""Against the Wind"" released?",1991-01-01,63,4
song,Brandy Norwood,Afrodisiac,"When was the song ""Afrodisiac"" released?","When was Brandy Norwood's song ""Afrodisiac"" released?",2004-09-24,54,5
song,Brandy Norwood,Almost Doesn't Count,"When was the song ""Almost Doesn't Count"" released?","When was Brandy Norwood's song ""Almost Doesn't Count"" released?",1999-03-30,54,7
song,Brandy Norwood,Angel in Disguise,"When was the song ""Angel in Disguise"" released?","When was Brandy Norwood's song ""Angel in Disguise"" released?",1999-01-01,54,7
song,Brandy Norwood,Baby,"When was the song ""Baby"" released?","When was Brandy Norwood's song ""Baby"" released?",1994-12-24,54,9
song,Brandy Norwood,Best Friend,"When was the song ""Best Friend"" released?","When was Brandy Norwood's song ""Best Friend"" released?",1995-01-01,54,9
song,Brandy Norwood,Brokenhearted,"When was the song ""Brokenhearted"" released?","When was Brandy Norwood's song ""Brokenhearted"" released?",1995-01-01,54,9
song,Brandy Norwood,Have You Ever?,"When was the song ""Have You Ever?"" released?","When was Brandy Norwood's song ""Have You Ever?"" released?",1998-12-29,54,9
song,Brandy Norwood,He Is,"When was the song ""He Is"" released?","When was Brandy Norwood's song ""He Is"" released?",2002-01-01,54,7
song,Brandy Norwood,Long Distance,"When was the song ""Long Distance"" released?","When was Brandy Norwood's song ""Long Distance"" released?",2008-10-15,54,7
song,Brandy Norwood,Never Say Never,"When was the song ""Never Say Never"" released?","When was Brandy Norwood's song ""Never Say Never"" released?",2000-05-23,54,4
song,Brandy Norwood,Right Here (Departed),"When was the song ""Right Here (Departed)"" released?","When was Brandy Norwood's song ""Right Here (Departed)"" released?",2008-01-01,54,6
song,Brandy Norwood,Sittin' Up in My Room,"When was the song ""Sittin' Up in My Room"" released?","When was Brandy Norwood's song ""Sittin' Up in My Room"" released?",1995-12-18,54,8
song,Brandy Norwood,U Don't Know Me,"When was the song ""U Don't Know Me"" released?","When was Brandy Norwood's song ""U Don't Know Me"" released?",1999-09-28,54,6
song,Brandy Norwood,What About Us?,"When was the song ""What About Us?"" released?","When was Brandy Norwood's song ""What About Us?"" released?",2002-01-01,54,9
song,Brandy Norwood,Who Is She 2 U,"When was the song ""Who Is She 2 U"" released?","When was Brandy Norwood's song ""Who Is She 2 U"" released?",2004-07-27,54,5
song,Brian Wilson,Gettin' Hungry,"When was the song ""Gettin' Hungry"" released?","When was Brian Wilson's song ""Gettin' Hungry"" released?",1967-08-28,62,3
song,Brigitte Bardot,Invitango,"When was the song ""Invitango"" released?","When was Brigitte Bardot's song ""Invitango"" released?",1963-01-01,151,1
song,Brigitte Bardot,La Madrague,"When was the song ""La Madrague"" released?","When was Brigitte Bardot's song ""La Madrague"" released?",1963-01-01,151,8
song,Brigitte Bardot,L'Appareil à sous,"When was the song ""L'Appareil à sous"" released?","When was Brigitte Bardot's song ""L'Appareil à sous"" released?",1963-01-01,151,1
song,Brigitte Bardot,Moi je joue,"When was the song ""Moi je joue"" released?","When was Brigitte Bardot's song ""Moi je joue"" released?",1964-01-01,151,1
song,Bring Me the Horizon,Drown,"When was the song ""Drown"" released?","When was Bring Me the Horizon's song ""Drown"" released?",2014-11-03,51,9
song,Britney Spears,It Should Be Easy,"When was the song ""It Should Be Easy"" released?","When was Britney Spears's song ""It Should Be Easy"" released?",2014-06-13,146,4
song,Bruce Dickinson,Man of Sorrows,"When was the song ""Man of Sorrows"" released?","When was Bruce Dickinson's song ""Man of Sorrows"" released?",1997-06-03,70,3
song,Bruce Springsteen,Darlington County,"When was the song ""Darlington County"" released?","When was Bruce Springsteen's song ""Darlington County"" released?",1984-06-04,106,5
song,Bruce Springsteen,High Hopes,"When was the song ""High Hopes"" released?","When was Bruce Springsteen's song ""High Hopes"" released?",2013-11-25,106,4
song,Bruce Springsteen,Point Blank,"When was the song ""Point Blank"" released?","When was Bruce Springsteen's song ""Point Blank"" released?",1981-01-01,106,2
song,Bruce Springsteen,Radio Nowhere,"When was the song ""Radio Nowhere"" released?","When was Bruce Springsteen's song ""Radio Nowhere"" released?",2007-08-28,106,6
song,Bruce Springsteen,The Promised Land,"When was the song ""The Promised Land"" released?","When was Bruce Springsteen's song ""The Promised Land"" released?",1978-10-01,106,4
song,Bruce Springsteen,Tunnel of Love,"When was the song ""Tunnel of Love"" released?","When was Bruce Springsteen's song ""Tunnel of Love"" released?",1987-10-17,106,5
song,Bruce Springsteen,Working on the Highway,"When was the song ""Working on the Highway"" released?","When was Bruce Springsteen's song ""Working on the Highway"" released?",1984-06-04,106,5
song,Bruno Mars,Bubble Butt,"When was the song ""Bubble Butt"" released?","When was Bruno Mars's song ""Bubble Butt"" released?",2013-05-24,102,2
song,Bruno Mars,Chunky,"When was the song ""Chunky"" released?","When was Bruno Mars's song ""Chunky"" released?",2016-11-18,102,5
song,Bruno Mars,Runaway Baby,"When was the song ""Runaway Baby"" released?","When was Bruno Mars's song ""Runaway Baby"" released?",2011-10-31,102,7
song,Bryan Adams,Coming Home,"When was the song ""Coming Home"" released?","When was Bryan Adams's song ""Coming Home"" released?",1981-01-01,91,2
song,Bryan Adams,Star,"When was the song ""Star"" released?","When was Bryan Adams's song ""Star"" released?",1996-11-04,91,4
song,Bryan Adams,Straight from the Heart,"When was the song ""Straight from the Heart"" released?","When was Bryan Adams's song ""Straight from the Heart"" released?",1983-02-01,91,8
song,Bryan Adams,Victim of Love,"When was the song ""Victim of Love"" released?","When was Bryan Adams's song ""Victim of Love"" released?",1987-01-01,91,2
song,Bryan Ferry,This Is Tomorrow,"When was the song ""This Is Tomorrow"" released?","When was Bryan Ferry's song ""This Is Tomorrow"" released?",1977-01-01,51,2
song,BTS,Filter,"When was the song ""Filter"" released?","When was BTS's song ""Filter"" released?",2020-02-21,121,1
song,BTS,Make It Right,"When was the song ""Make It Right"" released?","When was BTS's song ""Make It Right"" released?",2019-04-12,121,9
song,BTS,Stigma,"When was the song ""Stigma"" released?","When was BTS's song ""Stigma"" released?",2016-01-01,121,0
song,Buddy Holly,Because I Love You,"When was the song ""Because I Love You"" released?","When was Buddy Holly's song ""Because I Love You"" released?",1963-01-01,75,1
song,Buddy Holly,"Crying, Waiting, Hoping","When was the song ""Crying, Waiting, Hoping"" released?","When was Buddy Holly's song ""Crying, Waiting, Hoping"" released?",1959-01-01,75,8
song,Bullet for My Valentine,Breaking Point,"When was the song ""Breaking Point"" released?","When was Bullet for My Valentine's song ""Breaking Point"" released?",2013-08-12,53,2
song,Bullet for My Valentine,Hearts Burst into Fire,"When was the song ""Hearts Burst into Fire"" released?","When was Bullet for My Valentine's song ""Hearts Burst into Fire"" released?",2008-03-21,53,8
song,Bullet for My Valentine,Suffocating Under Words of Sorrow (What Can I Do),"When was the song ""Suffocating Under Words of Sorrow (What Can I Do)"" released?","When was Bullet for My Valentine's song ""Suffocating Under Words of Sorrow (What Can I Do)"" released?",2005-09-19,53,5
song,Bullet for My Valentine,You Want A Battle,"When was the song ""You Want A Battle"" released?","When was Bullet for My Valentine's song ""You Want A Battle"" released?",2015-06-29,53,3
song,Busta Rhymes,"Fire (Yes, Yes Y'all)","When was the song ""Fire (Yes, Yes Y'all)"" released?","When was Busta Rhymes's song ""Fire (Yes, Yes Y'all)"" released?",2003-01-01,53,2
song,Busta Rhymes,Thank You,"When was the song ""Thank You"" released?","When was Busta Rhymes's song ""Thank You"" released?",2013-01-01,53,1
song,Busta Rhymes,Twerk It,"When was the song ""Twerk It"" released?","When was Busta Rhymes's song ""Twerk It"" released?",2013-06-17,53,3
song,Busta Rhymes,Victory,"When was the song ""Victory"" released?","When was Busta Rhymes's song ""Victory"" released?",1998-03-17,53,3
song,Calvin Harris,Flashback,"When was the song ""Flashback"" released?","When was Calvin Harris's song ""Flashback"" released?",2009-11-02,67,6
song,Calvin Harris,Iron,"When was the song ""Iron"" released?","When was Calvin Harris's song ""Iron"" released?",2012-09-10,67,1
song,Calvin Harris,Slide,"When was the song ""Slide"" released?","When was Calvin Harris's song ""Slide"" released?",2017-02-23,67,8
song,Calvin Harris,The Girls,"When was the song ""The Girls"" released?","When was Calvin Harris's song ""The Girls"" released?",2007-06-04,67,6
song,Camila Cabello,Chanel No. 5 (Camila Cabello song),"When was the song ""Chanel No. 5 (Camila Cabello song)"" released?","When was Camila Cabello's song ""Chanel No. 5 (Camila Cabello song)"" released?",2024-06-28,79,2
song,Camila Cabello,I Have Questions,"When was the song ""I Have Questions"" released?","When was Camila Cabello's song ""I Have Questions"" released?",2017-05-22,79,9
song,Camila Cabello,Psychofreak,"When was the song ""Psychofreak"" released?","When was Camila Cabello's song ""Psychofreak"" released?",2022-04-08,79,8
song,Carlos Santana,The Healer,"When was the song ""The Healer"" released?","When was Carlos Santana's song ""The Healer"" released?",1989-01-01,75,1
song,Carly Rae Jepsen,Take a Picture,"When was the song ""Take a Picture"" released?","When was Carly Rae Jepsen's song ""Take a Picture"" released?",2013-05-21,61,2
song,Carole King,He's a Bad Boy,"When was the song ""He's a Bad Boy"" released?","When was Carole King's song ""He's a Bad Boy"" released?",1963-01-01,58,1
song,Carrie Underwood,Dirty Laundry,"When was the song ""Dirty Laundry"" released?","When was Carrie Underwood's song ""Dirty Laundry"" released?",2016-01-01,60,4
song,Carrie Underwood,Ghost Story,"When was the song ""Ghost Story"" released?","When was Carrie Underwood's song ""Ghost Story"" released?",2022-03-18,60,2
song,Carrie Underwood,Heartbeat,"When was the song ""Heartbeat"" released?","When was Carrie Underwood's song ""Heartbeat"" released?",2015-01-01,60,6
song,Carrie Underwood,See You Again,"When was the song ""See You Again"" released?","When was Carrie Underwood's song ""See You Again"" released?",2013-04-15,60,6
song,Carrie Underwood,Somethin' Bad,"When was the song ""Somethin' Bad"" released?","When was Carrie Underwood's song ""Somethin' Bad"" released?",2014-05-19,60,6
song,Cat Stevens,Banapple Gas,"When was the song ""Banapple Gas"" released?","When was Cat Stevens's song ""Banapple Gas"" released?",1976-01-01,72,1
song,CeeLo Green,Cry Baby,"When was the song ""Cry Baby"" released?","When was CeeLo Green's song ""Cry Baby"" released?",2011-10-10,56,1
song,CeeLo Green,Sugar (Gimme Some),"When was the song ""Sugar (Gimme Some)"" released?","When was CeeLo Green's song ""Sugar (Gimme Some)"" released?",2005-01-01,56,2
song,Celia Cruz,Burundanga,"When was the song ""Burundanga"" released?","When was Celia Cruz's song ""Burundanga"" released?",1953-01-01,59,1
song,Celia Cruz,Tres Gotas De Agua Bendita,"When was the song ""Tres Gotas De Agua Bendita"" released?","When was Celia Cruz's song ""Tres Gotas De Agua Bendita"" released?",2000-09-06,59,2
song,Céline Dion,Breakaway,"When was the song ""Breakaway"" released?","When was Céline Dion's song ""Breakaway"" released?",2013-01-01,158,2
song,Céline Dion,Celle qui m'a tout appris,"When was the song ""Celle qui m'a tout appris"" released?","When was Céline Dion's song ""Celle qui m'a tout appris"" released?",2014-04-08,158,3
song,Céline Dion,Dans un autre monde,"When was the song ""Dans un autre monde"" released?","When was Céline Dion's song ""Dans un autre monde"" released?",1999-08-30,158,6
song,Céline Dion,Destin,"When was the song ""Destin"" released?","When was Céline Dion's song ""Destin"" released?",1996-01-15,158,3
song,Céline Dion,Et je t'aime encore,"When was the song ""Et je t'aime encore"" released?","When was Céline Dion's song ""Et je t'aime encore"" released?",2004-02-23,158,4
song,Céline Dion,Incredible,"When was the song ""Incredible"" released?","When was Céline Dion's song ""Incredible"" released?",2014-02-14,158,2
song,Céline Dion,I Surrender,"When was the song ""I Surrender"" released?","When was Céline Dion's song ""I Surrender"" released?",2002-03-22,158,3
song,Céline Dion,J'attendais,"When was the song ""J'attendais"" released?","When was Céline Dion's song ""J'attendais"" released?",1997-06-30,158,5
song,Céline Dion,Je crois toi,"When was the song ""Je crois toi"" released?","When was Céline Dion's song ""Je crois toi"" released?",1999-07-05,158,5
song,Céline Dion,Je lui dirai,"When was the song ""Je lui dirai"" released?","When was Céline Dion's song ""Je lui dirai"" released?",2004-10-11,158,4
song,Céline Dion,J'irai où tu iras,"When was the song ""J'irai où tu iras"" released?","When was Céline Dion's song ""J'irai où tu iras"" released?",1996-05-06,158,4
song,Céline Dion,Le ballet,"When was the song ""Le ballet"" released?","When was Céline Dion's song ""Le ballet"" released?",1996-01-01,158,4
song,Céline Dion,L'hymne,"When was the song ""L'hymne"" released?","When was Céline Dion's song ""L'hymne"" released?",2015-08-19,158,2
song,Céline Dion,Live (for the One I Love),"When was the song ""Live (for the One I Love)"" released?","When was Céline Dion's song ""Live (for the One I Love)"" released?",1998-02-01,158,6
song,Céline Dion,My Love,"When was the song ""My Love"" released?","When was Céline Dion's song ""My Love"" released?",2008-09-23,158,7
song,Céline Dion,On ne change pas,"When was the song ""On ne change pas"" released?","When was Céline Dion's song ""On ne change pas"" released?",1999-03-01,158,5
song,Céline Dion,S'il suffisait d'aimer,"When was the song ""S'il suffisait d'aimer"" released?","When was Céline Dion's song ""S'il suffisait d'aimer"" released?",1998-11-23,158,5
song,Céline Dion,Voler,"When was the song ""Voler"" released?","When was Céline Dion's song ""Voler"" released?",2010-09-02,158,3
song,Charles Aznavour,Et moi dans mon coin,"When was the song ""Et moi dans mon coin"" released?","When was Charles Aznavour's song ""Et moi dans mon coin"" released?",1966-01-01,98,1
song,Charles Aznavour,Je m'voyais déjà,"When was the song ""Je m'voyais déjà"" released?","When was Charles Aznavour's song ""Je m'voyais déjà"" released?",1961-01-01,98,1
song,Charles Aznavour,La mamma,"When was the song ""La mamma"" released?","When was Charles Aznavour's song ""La mamma"" released?",1963-01-01,98,5
song,Charles Aznavour,Pour toi Arménie,"When was the song ""Pour toi Arménie"" released?","When was Charles Aznavour's song ""Pour toi Arménie"" released?",1989-01-01,98,6
song,Charles Aznavour,The Old Fashioned Way,"When was the song ""The Old Fashioned Way"" released?","When was Charles Aznavour's song ""The Old Fashioned Way"" released?",1973-01-01,98,4
song,Charles Aznavour,Une enfant,"When was the song ""Une enfant"" released?","When was Charles Aznavour's song ""Une enfant"" released?",1965-01-01,98,1
song,Charli XCX,Beg for You,"When was the song ""Beg for You"" released?","When was Charli XCX's song ""Beg for You"" released?",2022-01-27,67,6
song,Charli XCX,Dream Glow,"When was the song ""Dream Glow"" released?","When was Charli XCX's song ""Dream Glow"" released?",2019-01-01,67,5
song,Charli XCX,New Shapes,"When was the song ""New Shapes"" released?","When was Charli XCX's song ""New Shapes"" released?",2021-11-04,67,6
song,Charli XCX,Spicy,"When was the song ""Spicy"" released?","When was Charli XCX's song ""Spicy"" released?",2019-05-30,67,4
song,Charli XCX,SuperLove,"When was the song ""SuperLove"" released?","When was Charli XCX's song ""SuperLove"" released?",2013-01-01,67,2
song,Charlotte Gainsbourg,Lemon Incest,"When was the song ""Lemon Incest"" released?","When was Charlotte Gainsbourg's song ""Lemon Incest"" released?",1985-01-01,63,8
song,Charlotte Gainsbourg,The Songs That We Sing,"When was the song ""The Songs That We Sing"" released?","When was Charlotte Gainsbourg's song ""The Songs That We Sing"" released?",2006-01-01,63,1
song,Cher,After All,"When was the song ""After All"" released?","When was Cher's song ""After All"" released?",1989-02-21,118,7
song,Cher,Half-Breed,"When was the song ""Half-Breed"" released?","When was Cher's song ""Half-Breed"" released?",1973-09-01,118,7
song,Cher,Take Me Home,"When was the song ""Take Me Home"" released?","When was Cher's song ""Take Me Home"" released?",1979-01-01,118,8
song,Cher,The Way of Love,"When was the song ""The Way of Love"" released?","When was Cher's song ""The Way of Love"" released?",1972-01-01,118,3
song,Cher,"Try Some, Buy Some","When was the song ""Try Some, Buy Some"" released?","When was Cher's song ""Try Some, Buy Some"" released?",1971-04-16,118,7
song,Cher,We All Sleep Alone,"When was the song ""We All Sleep Alone"" released?","When was Cher's song ""We All Sleep Alone"" released?",1997-01-01,118,0
song,Cher Lloyd,I Wish,"When was the song ""I Wish"" released?","When was Cher Lloyd's song ""I Wish"" released?",2013-09-02,57,4
song,Cher Lloyd,Sirens,"When was the song ""Sirens"" released?","When was Cher Lloyd's song ""Sirens"" released?",2014-01-01,57,4
song,Chris Brown,Beat It,"When was the song ""Beat It"" released?","When was Chris Brown's song ""Beat It"" released?",2013-04-15,76,1
song,Chris Brown,Better on the Other Side,"When was the song ""Better on the Other Side"" released?","When was Chris Brown's song ""Better on the Other Side"" released?",2009-07-18,76,1
song,Chris Brown,I Can Transform Ya,"When was the song ""I Can Transform Ya"" released?","When was Chris Brown's song ""I Can Transform Ya"" released?",2009-09-29,76,8
song,Chris Brown,Poppin',"When was the song ""Poppin'"" released?","When was Chris Brown's song ""Poppin'"" released?",2006-11-21,76,7
song,Chris Brown,Say Goodbye,"When was the song ""Say Goodbye"" released?","When was Chris Brown's song ""Say Goodbye"" released?",2006-08-08,76,8
song,Chris Brown,Show Me,"When was the song ""Show Me"" released?","When was Chris Brown's song ""Show Me"" released?",2013-09-17,76,3
song,Chris Brown,Sing Like Me,"When was the song ""Sing Like Me"" released?","When was Chris Brown's song ""Sing Like Me"" released?",2009-01-01,76,5
song,Chris Rea,'Disco' La Passione,"When was the song ""'Disco' La Passione"" released?","When was Chris Rea's song ""'Disco' La Passione"" released?",1996-01-01,61,2
song,Christina Aguilera,Elle était si jolie,"When was the song ""Elle était si jolie"" released?","When was Christina Aguilera's song ""Elle était si jolie"" released?",1980-01-01,130,4
song,Christina Aguilera,Hello (Follow Your Own Star),"When was the song ""Hello (Follow Your Own Star)"" released?","When was Christina Aguilera's song ""Hello (Follow Your Own Star)"" released?",2004-01-01,130,6
song,Chuck Berry,Let It Rock,"When was the song ""Let It Rock"" released?","When was Chuck Berry's song ""Let It Rock"" released?",1960-01-01,96,5
song,Chuck Berry,Promised Land,"When was the song ""Promised Land"" released?","When was Chuck Berry's song ""Promised Land"" released?",1964-01-01,96,8
song,Clannad,Hourglass,"When was the song ""Hourglass"" released?","When was Clannad's song ""Hourglass"" released?",1989-01-01,65,1
song,Cliff Richard,Some People,"When was the song ""Some People"" released?","When was Cliff Richard's song ""Some People"" released?",1987-01-01,57,2
song,Cliff Richard,Theme for a Dream,"When was the song ""Theme for a Dream"" released?","When was Cliff Richard's song ""Theme for a Dream"" released?",1961-02-24,57,1
song,Cliff Richard,We Say Yeah,"When was the song ""We Say Yeah"" released?","When was Cliff Richard's song ""We Say Yeah"" released?",1962-01-01,57,2
song,Cliff Richard,With the Eyes of a Child,"When was the song ""With the Eyes of a Child"" released?","When was Cliff Richard's song ""With the Eyes of a Child"" released?",1969-01-01,57,1
song,Coldplay,Glass of Water,"When was the song ""Glass of Water"" released?","When was Coldplay's song ""Glass of Water"" released?",2008-11-21,102,5
song,Coldplay,Up with the Birds,"When was the song ""Up with the Birds"" released?","When was Coldplay's song ""Up with the Birds"" released?",2012-04-21,102,8
song,Cyndi Lauper,Heading West,"When was the song ""Heading West"" released?","When was Cyndi Lauper's song ""Heading West"" released?",1989-01-01,74,3
song,Cyndi Lauper,My First Night Without You,"When was the song ""My First Night Without You"" released?","When was Cyndi Lauper's song ""My First Night Without You"" released?",1989-01-01,74,5
song,Cyndi Lauper,Primitive,"When was the song ""Primitive"" released?","When was Cyndi Lauper's song ""Primitive"" released?",1990-01-01,74,2
song,Cyndi Lauper,Shine,"When was the song ""Shine"" released?","When was Cyndi Lauper's song ""Shine"" released?",2002-01-01,74,3
song,Cyndi Lauper,The World Is Stone,"When was the song ""The World Is Stone"" released?","When was Cyndi Lauper's song ""The World Is Stone"" released?",1992-06-18,74,5
song,Daddy Yankee,Corazón,"When was the song ""Corazón"" released?","When was Daddy Yankee's song ""Corazón"" released?",2015-12-17,55,1
song,Daddy Yankee,La Despedida,"When was the song ""La Despedida"" released?","When was Daddy Yankee's song ""La Despedida"" released?",2010-08-04,55,3
song,Daddy Yankee,La Nueva y La Ex,"When was the song ""La Nueva y La Ex"" released?","When was Daddy Yankee's song ""La Nueva y La Ex"" released?",2013-01-01,55,2
song,Daddy Yankee,Made for Now,"When was the song ""Made for Now"" released?","When was Daddy Yankee's song ""Made for Now"" released?",2018-08-17,55,7
song,Daft Punk,Face to Face,"When was the song ""Face to Face"" released?","When was Daft Punk's song ""Face to Face"" released?",2003-10-10,70,7
song,Daft Punk,Human After All,"When was the song ""Human After All"" released?","When was Daft Punk's song ""Human After All"" released?",2005-10-21,70,9
song,Daft Punk,Something About Us,"When was the song ""Something About Us"" released?","When was Daft Punk's song ""Something About Us"" released?",2003-11-14,70,7
song,Daft Punk,The New Wave,"When was the song ""The New Wave"" released?","When was Daft Punk's song ""The New Wave"" released?",1994-04-11,70,8
song,Dalida,Darla dirladada,"When was the song ""Darla dirladada"" released?","When was Dalida's song ""Darla dirladada"" released?",1970-01-01,74,5
song,Dalida,Il pleut sur Bruxelles,"When was the song ""Il pleut sur Bruxelles"" released?","When was Dalida's song ""Il pleut sur Bruxelles"" released?",1980-01-01,74,2
song,Dalida,Makin' Love,"When was the song ""Makin' Love"" released?","When was Dalida's song ""Makin' Love"" released?",1959-01-01,74,3
song,Dalida,"Monday, Tuesday... Laissez-moi danser","When was the song ""Monday, Tuesday... Laissez-moi danser"" released?","When was Dalida's song ""Monday, Tuesday... Laissez-moi danser"" released?",1979-01-01,74,4
song,Dalida,Zorbas,"When was the song ""Zorbas"" released?","When was Dalida's song ""Zorbas"" released?",1965-01-01,74,8
song,Daron Malakian,Pictures,"When was the song ""Pictures"" released?","When was Daron Malakian's song ""Pictures"" released?",2002-01-01,51,0
song,Dave Grohl,You Can't Fix This,"When was the song ""You Can't Fix This"" released?","When was Dave Grohl's song ""You Can't Fix This"" released?",2013-02-15,76,1
song,David Bowie,I've Been Waiting for You,"When was the song ""I've Been Waiting for You"" released?","When was David Bowie's song ""I've Been Waiting for You"" released?",1968-01-01,136,6
song,David Bowie,Just for One Day,"When was the song ""Just for One Day"" released?","When was David Bowie's song ""Just for One Day"" released?",2003-01-01,136,9
song,David Bowie,Love Is Lost,"When was the song ""Love Is Lost"" released?","When was David Bowie's song ""Love Is Lost"" released?",2013-01-01,136,9
song,David Crosby,Hero,"When was the song ""Hero"" released?","When was David Crosby's song ""Hero"" released?",1993-04-15,52,2
song,David Guetta,Ain't a Party,"When was the song ""Ain't a Party"" released?","When was David Guetta's song ""Ain't a Party"" released?",2013-06-17,90,6
song,David Guetta,Baby When the Light,"When was the song ""Baby When the Light"" released?","When was David Guetta's song ""Baby When the Light"" released?",2007-11-10,90,7
song,David Guetta,Delirious,"When was the song ""Delirious"" released?","When was David Guetta's song ""Delirious"" released?",2008-01-31,90,7
song,David Guetta,Everytime We Touch,"When was the song ""Everytime We Touch"" released?","When was David Guetta's song ""Everytime We Touch"" released?",2009-01-16,90,7
song,David Guetta,Give Me Something,"When was the song ""Give Me Something"" released?","When was David Guetta's song ""Give Me Something"" released?",2002-01-01,90,7
song,David Guetta,GRRRR,"When was the song ""GRRRR"" released?","When was David Guetta's song ""GRRRR"" released?",2009-01-01,90,4
song,David Guetta,In Love with Myself,"When was the song ""In Love with Myself"" released?","When was David Guetta's song ""In Love with Myself"" released?",2004-01-01,90,7
song,David Guetta,I Wanna Go Crazy,"When was the song ""I Wanna Go Crazy"" released?","When was David Guetta's song ""I Wanna Go Crazy"" released?",2009-08-24,90,9
song,David Guetta,Just a Little More Love,"When was the song ""Just a Little More Love"" released?","When was David Guetta's song ""Just a Little More Love"" released?",2003-12-02,90,8
song,David Guetta,LaserLight,"When was the song ""LaserLight"" released?","When was David Guetta's song ""LaserLight"" released?",2012-05-04,90,7
song,David Guetta,Lunar,"When was the song ""Lunar"" released?","When was David Guetta's song ""Lunar"" released?",2011-08-15,90,7
song,David Guetta,Money,"When was the song ""Money"" released?","When was David Guetta's song ""Money"" released?",2004-04-09,90,7
song,David Guetta,People Come People Go,"When was the song ""People Come People Go"" released?","When was David Guetta's song ""People Come People Go"" released?",2002-01-01,90,8
song,David Guetta,Repeat,"When was the song ""Repeat"" released?","When was David Guetta's song ""Repeat"" released?",2011-08-29,90,4
song,David Guetta,Rest of My Life,"When was the song ""Rest of My Life"" released?","When was David Guetta's song ""Rest of My Life"" released?",2012-11-02,90,8
song,David Guetta,Sun Goes Down,"When was the song ""Sun Goes Down"" released?","When was David Guetta's song ""Sun Goes Down"" released?",2014-11-21,90,7
song,David Guetta,Tomorrow Can Wait,"When was the song ""Tomorrow Can Wait"" released?","When was David Guetta's song ""Tomorrow Can Wait"" released?",2008-01-01,90,7
song,Dean Martin,Ain't That a Kick in the Head?,"When was the song ""Ain't That a Kick in the Head?"" released?","When was Dean Martin's song ""Ain't That a Kick in the Head?"" released?",2004-01-01,79,4
song,Deep Purple,Emmaretta,"When was the song ""Emmaretta"" released?","When was Deep Purple's song ""Emmaretta"" released?",1969-01-01,88,3
song,Deep Purple,You Can't Do It Right,"When was the song ""You Can't Do It Right"" released?","When was Deep Purple's song ""You Can't Do It Right"" released?",1974-01-01,88,2
song,Def Leppard,Rock Brigade,"When was the song ""Rock Brigade"" released?","When was Def Leppard's song ""Rock Brigade"" released?",1980-01-01,59,5
song,Def Leppard,Stand Up (Kick Love into Motion),"When was the song ""Stand Up (Kick Love into Motion)"" released?","When was Def Leppard's song ""Stand Up (Kick Love into Motion)"" released?",1992-12-01,59,4
song,Def Leppard,Too Late for Love,"When was the song ""Too Late for Love"" released?","When was Def Leppard's song ""Too Late for Love"" released?",1983-11-25,59,8
song,Def Leppard,Wasted,"When was the song ""Wasted"" released?","When was Def Leppard's song ""Wasted"" released?",1979-11-17,59,6
song,Def Leppard,When Love & Hate Collide,"When was the song ""When Love & Hate Collide"" released?","When was Def Leppard's song ""When Love & Hate Collide"" released?",1995-10-02,59,7
song,Demi Lovato,"Me, Myself and Time","When was the song ""Me, Myself and Time"" released?","When was Demi Lovato's song ""Me, Myself and Time"" released?",2010-01-01,131,5
song,Demi Lovato,Nightingale,"When was the song ""Nightingale"" released?","When was Demi Lovato's song ""Nightingale"" released?",2013-05-10,131,4
song,Demi Lovato,No Promises,"When was the song ""No Promises"" released?","When was Demi Lovato's song ""No Promises"" released?",2017-03-31,131,6
song,Demis Roussos,Ainsi soit-il,"When was the song ""Ainsi soit-il"" released?","When was Demis Roussos's song ""Ainsi soit-il"" released?",1977-01-01,64,2
song,Demis Roussos,Auf Wiedersehn,"When was the song ""Auf Wiedersehn"" released?","When was Demis Roussos's song ""Auf Wiedersehn"" released?",1974-01-01,64,1
song,Demis Roussos,Because,"When was the song ""Because"" released?","When was Demis Roussos's song ""Because"" released?",1977-01-01,64,2
song,Demis Roussos,Can't Say How Much I Love You,"When was the song ""Can't Say How Much I Love You"" released?","When was Demis Roussos's song ""Can't Say How Much I Love You"" released?",1976-01-01,64,1
song,Demis Roussos,"Die Bouzouki, die Nacht und der Wein","When was the song ""Die Bouzouki, die Nacht und der Wein"" released?","When was Demis Roussos's song ""Die Bouzouki, die Nacht und der Wein"" released?",1976-01-01,64,1
song,Demis Roussos,Follow Me,"When was the song ""Follow Me"" released?","When was Demis Roussos's song ""Follow Me"" released?",1982-01-01,64,1
song,Demis Roussos,From Souvenirs to Souvenirs,"When was the song ""From Souvenirs to Souvenirs"" released?","When was Demis Roussos's song ""From Souvenirs to Souvenirs"" released?",1975-01-01,64,4
song,Demis Roussos,"Goodbye, My Love, Goodbye","When was the song ""Goodbye, My Love, Goodbye"" released?","When was Demis Roussos's song ""Goodbye, My Love, Goodbye"" released?",1973-01-01,64,5
song,Demis Roussos,Happy to Be on an Island in the Sun,"When was the song ""Happy to Be on an Island in the Sun"" released?","When was Demis Roussos's song ""Happy to Be on an Island in the Sun"" released?",1975-01-01,64,2
song,Demis Roussos,Kyrila,"When was the song ""Kyrila"" released?","When was Demis Roussos's song ""Kyrila"" released?",1977-01-01,64,1
song,Demis Roussos,Lament,"When was the song ""Lament"" released?","When was Demis Roussos's song ""Lament"" released?",1982-01-01,64,1
song,Demis Roussos,Lost in Love,"When was the song ""Lost in Love"" released?","When was Demis Roussos's song ""Lost in Love"" released?",1980-01-01,64,8
song,Demis Roussos,Lovely Lady of Arcadia,"When was the song ""Lovely Lady of Arcadia"" released?","When was Demis Roussos's song ""Lovely Lady of Arcadia"" released?",1973-01-01,64,3
song,Demis Roussos,Manuela,"When was the song ""Manuela"" released?","When was Demis Roussos's song ""Manuela"" released?",1974-01-01,64,1
song,Demis Roussos,My Friend the Wind,"When was the song ""My Friend the Wind"" released?","When was Demis Roussos's song ""My Friend the Wind"" released?",1973-01-01,64,3
song,Demis Roussos,My Only Fascination,"When was the song ""My Only Fascination"" released?","When was Demis Roussos's song ""My Only Fascination"" released?",1974-01-01,64,2
song,Demis Roussos,My Reason,"When was the song ""My Reason"" released?","When was Demis Roussos's song ""My Reason"" released?",1972-01-01,64,2
song,Demis Roussos,Perdoname,"When was the song ""Perdoname"" released?","When was Demis Roussos's song ""Perdoname"" released?",1975-01-01,64,1
song,Demis Roussos,Quand je t'aime,"When was the song ""Quand je t'aime"" released?","When was Demis Roussos's song ""Quand je t'aime"" released?",1987-01-01,64,2
song,Demis Roussos,Schön wie Mona Lisa (Wenn ich ein Maler wär'),"When was the song ""Schön wie Mona Lisa (Wenn ich ein Maler wär')"" released?","When was Demis Roussos's song ""Schön wie Mona Lisa (Wenn ich ein Maler wär')"" released?",1975-01-01,64,1
song,Demis Roussos,"Someday, Somewhere","When was the song ""Someday, Somewhere"" released?","When was Demis Roussos's song ""Someday, Somewhere"" released?",1973-01-01,64,3
song,Demis Roussos,That Once in a Lifetime,"When was the song ""That Once in a Lifetime"" released?","When was Demis Roussos's song ""That Once in a Lifetime"" released?",1978-01-01,64,1
song,Demis Roussos,Vagabund der Liebe,"When was the song ""Vagabund der Liebe"" released?","When was Demis Roussos's song ""Vagabund der Liebe"" released?",1975-01-01,64,1
song,Demis Roussos,We Shall Dance,"When was the song ""We Shall Dance"" released?","When was Demis Roussos's song ""We Shall Dance"" released?",1971-01-01,64,6
song,Demis Roussos,When Forever Has Gone,"When was the song ""When Forever Has Gone"" released?","When was Demis Roussos's song ""When Forever Has Gone"" released?",1974-01-01,64,1
song,Demis Roussos,With You,"When was the song ""With You"" released?","When was Demis Roussos's song ""With You"" released?",1974-01-01,64,1
song,Depeche Mode,Enjoy the Silence 04,"When was the song ""Enjoy the Silence 04"" released?","When was Depeche Mode's song ""Enjoy the Silence 04"" released?",2004-10-18,80,3
song,Destiny's Child,Girl,"When was the song ""Girl"" released?","When was Destiny's Child's song ""Girl"" released?",2005-05-16,59,9
song,Destiny's Child,The Girl Is Mine,"When was the song ""The Girl Is Mine"" released?","When was Destiny's Child's song ""The Girl Is Mine"" released?",2015-11-06,59,3
song,Diana Ross,Mirror Mirror,"When was the song ""Mirror Mirror"" released?","When was Diana Ross's song ""Mirror Mirror"" released?",1981-01-01,86,4
song,Diana Ross,Missing You,"When was the song ""Missing You"" released?","When was Diana Ross's song ""Missing You"" released?",1984-01-01,86,2
song,Diana Ross,Surrender,"When was the song ""Surrender"" released?","When was Diana Ross's song ""Surrender"" released?",1971-01-01,86,3
song,Diana Ross,Take Me Higher,"When was the song ""Take Me Higher"" released?","When was Diana Ross's song ""Take Me Higher"" released?",1995-08-05,86,2
song,Diana Ross,Your Love Is So Good for Me,"When was the song ""Your Love Is So Good for Me"" released?","When was Diana Ross's song ""Your Love Is So Good for Me"" released?",1978-01-24,86,3
song,Dido,Don't Think of Me,"When was the song ""Don't Think of Me"" released?","When was Dido's song ""Don't Think of Me"" released?",2000-02-19,62,7
song,Dido,End of Night,"When was the song ""End of Night"" released?","When was Dido's song ""End of Night"" released?",2013-05-05,62,7
song,Dido,Give You Up,"When was the song ""Give You Up"" released?","When was Dido's song ""Give You Up"" released?",2019-01-01,62,3
song,Dido,Let Us Move On,"When was the song ""Let Us Move On"" released?","When was Dido's song ""Let Us Move On"" released?",2012-12-17,62,3
song,Dido,Stoned,"When was the song ""Stoned"" released?","When was Dido's song ""Stoned"" released?",2003-01-01,62,1
song,Dima Bilan,Malysh,"When was the song ""Malysh"" released?","When was Dima Bilan's song ""Malysh"" released?",2003-01-01,81,0
song,Dima Bilan,Never Let You Go,"When was the song ""Never Let You Go"" released?","When was Dima Bilan's song ""Never Let You Go"" released?",2006-01-01,81,8
song,Dionne Warwick,All the Love in the World,"When was the song ""All the Love in the World"" released?","When was Dionne Warwick's song ""All the Love in the World"" released?",1982-11-01,51,3
song,Dionne Warwick,Déjà Vu,"When was the song ""Déjà Vu"" released?","When was Dionne Warwick's song ""Déjà Vu"" released?",1979-11-01,51,2
song,Dionne Warwick,Wishin' and Hopin',"When was the song ""Wishin' and Hopin'"" released?","When was Dionne Warwick's song ""Wishin' and Hopin'"" released?",1963-01-01,51,7
song,Dire Straits,Heavy Fuel,"When was the song ""Heavy Fuel"" released?","When was Dire Straits's song ""Heavy Fuel"" released?",1991-01-01,81,6
song,Dire Straits,Industrial Disease,"When was the song ""Industrial Disease"" released?","When was Dire Straits's song ""Industrial Disease"" released?",1982-01-01,81,5
song,Dire Straits,Love over Gold,"When was the song ""Love over Gold"" released?","When was Dire Straits's song ""Love over Gold"" released?",1984-01-01,81,1
song,Dire Straits,On Every Street,"When was the song ""On Every Street"" released?","When was Dire Straits's song ""On Every Street"" released?",1992-01-01,81,7
song,Dire Straits,Telegraph Road,"When was the song ""Telegraph Road"" released?","When was Dire Straits's song ""Telegraph Road"" released?",1982-01-01,81,9
song,Dire Straits,The Bug,"When was the song ""The Bug"" released?","When was Dire Straits's song ""The Bug"" released?",1992-01-01,81,6
song,Dire Straits,Ticket to Heaven,"When was the song ""Ticket to Heaven"" released?","When was Dire Straits's song ""Ticket to Heaven"" released?",1991-01-01,81,3
song,Dire Straits,Twisting by the Pool,"When was the song ""Twisting by the Pool"" released?","When was Dire Straits's song ""Twisting by the Pool"" released?",1983-01-01,81,7
song,Dire Straits,When It Comes to You,"When was the song ""When It Comes to You"" released?","When was Dire Straits's song ""When It Comes to You"" released?",1992-04-13,81,2
song,Dire Straits,You and Your Friend,"When was the song ""You and Your Friend"" released?","When was Dire Straits's song ""You and Your Friend"" released?",1992-01-01,81,7
song,Disturbed,Are You Ready,"When was the song ""Are You Ready"" released?","When was Disturbed's song ""Are You Ready"" released?",2018-01-01,54,2
song,Disturbed,Hey You,"When was the song ""Hey You"" released?","When was Disturbed's song ""Hey You"" released?",2022-07-14,54,2
song,Disturbed,Remember,"When was the song ""Remember"" released?","When was Disturbed's song ""Remember"" released?",2002-12-03,54,5
song,Disturbed,Warrior,"When was the song ""Warrior"" released?","When was Disturbed's song ""Warrior"" released?",2011-03-03,54,2
song,DMX,One More Road To Cross,"When was the song ""One More Road To Cross"" released?","When was DMX's song ""One More Road To Cross"" released?",1999-01-01,56,0
song,DMX,We Right Here,"When was the song ""We Right Here"" released?","When was DMX's song ""We Right Here"" released?",2001-08-14,56,3
song,Dolly Parton,A Tender Lie,"When was the song ""A Tender Lie"" released?","When was Dolly Parton's song ""A Tender Lie"" released?",1988-09-01,105,1
song,Dolly Parton,Detroit City,"When was the song ""Detroit City"" released?","When was Dolly Parton's song ""Detroit City"" released?",1963-05-01,105,3
song,Dolly Parton,Don't Let Me Cross Over,"When was the song ""Don't Let Me Cross Over"" released?","When was Dolly Parton's song ""Don't Let Me Cross Over"" released?",1962-11-01,105,1
song,Dolly Parton,Elusive Butterfly,"When was the song ""Elusive Butterfly"" released?","When was Dolly Parton's song ""Elusive Butterfly"" released?",1965-01-01,105,2
song,Dolly Parton,For the Good Times,"When was the song ""For the Good Times"" released?","When was Dolly Parton's song ""For the Good Times"" released?",1970-06-01,105,3
song,Dolly Parton,He Will Break Your Heart,"When was the song ""He Will Break Your Heart"" released?","When was Dolly Parton's song ""He Will Break Your Heart"" released?",1960-08-01,105,2
song,Dolly Parton,I Really Don't Want to Know,"When was the song ""I Really Don't Want to Know"" released?","When was Dolly Parton's song ""I Really Don't Want to Know"" released?",1953-01-01,105,6
song,Dolly Parton,I Still Miss Someone,"When was the song ""I Still Miss Someone"" released?","When was Dolly Parton's song ""I Still Miss Someone"" released?",1958-01-01,105,7
song,Dolly Parton,It's Too Late to Love Me Now,"When was the song ""It's Too Late to Love Me Now"" released?","When was Dolly Parton's song ""It's Too Late to Love Me Now"" released?",1977-04-01,105,1
song,Dolly Parton,Kentucky Gambler,"When was the song ""Kentucky Gambler"" released?","When was Dolly Parton's song ""Kentucky Gambler"" released?",1974-10-01,105,2
song,Dolly Parton,Rocky Top,"When was the song ""Rocky Top"" released?","When was Dolly Parton's song ""Rocky Top"" released?",1967-12-25,105,4
song,Dolly Parton,Seven Bridges Road,"When was the song ""Seven Bridges Road"" released?","When was Dolly Parton's song ""Seven Bridges Road"" released?",1969-01-01,105,4
song,Dolly Parton,Sweet Music Man,"When was the song ""Sweet Music Man"" released?","When was Dolly Parton's song ""Sweet Music Man"" released?",1977-10-10,105,1
song,Dolly Parton,The Story,"When was the song ""The Story"" released?","When was Dolly Parton's song ""The Story"" released?",2007-01-01,105,2
