entity,relation,question,answer,article_title,page_views
Karel Matěj Čapek-Chod,P19,What is the place of birth of Karel Matěj Čapek-Chod?,Domažlice,Karel_Mat%C4%9Bj_%C4%8Capek-Chod,34
Joseph C. O'Mahoney,P19,What is the place of birth of Joseph C. O'Mahoney?,Chelsea,Joseph_C._O%27Mahoney,622
Valentyn Symonenko,P19,What is the place of birth of Valentyn Symonenko?,Odesa,Valentyn_Symonenko,210
Myron V. George,P19,What is the place of birth of Myron V. George?,Erie,Myron_V._George,36
Frank P. Coburn,P19,What is the place of birth of Frank P. Coburn?,West Salem,Frank_P._Coburn,36
James Gordon Kelly,P19,What is the place of birth of James Gordon Kelly?,Cincinnati,James_Gordon_Kelly,90
"Hugh Meade Alcorn, Jr.",P19,"What is the place of birth of Hugh Meade Alcorn, Jr.?",United States,Meade_Alcorn,184
Sukri Bommagowda,P19,What is the place of birth of Sukri Bommagowda?,Uttara Kannada District,Sukri_Bommagowda,630
Christoph Behr,P19,What is the place of birth of Christoph Behr?,Vilshofen an der Donau,Christoph_Behr,8
Hans Elsässer,P19,What is the place of birth of Hans Elsässer?,Aalen,Hans_Els%C3%A4sser,18
Robert Mallet-Stevens,P19,What is the place of birth of Robert Mallet-Stevens?,8th arrondissement of Paris,Robert_Mallet-Stevens,610
James P. Latta,P19,What is the place of birth of James P. Latta?,Ashland,James_P._Latta,38
Halvor Næs,P19,What is the place of birth of Halvor Næs?,Trysil Municipality,Halvor_N%C3%A6s,26
Kévin Boma,P19,What is the place of birth of Kévin Boma?,Poitiers,K%C3%A9vin_Boma,103
Mariusz Ziółko,P19,What is the place of birth of Mariusz Ziółko?,Hamburg,Mariusz_Zi%C3%B3%C5%82ko,8
Noah Fatar,P19,What is the place of birth of Noah Fatar?,L'Isle-Adam,Noah_Fatar,158
Miguel Molina,P19,What is the place of birth of Miguel Molina?,Quezon City,Miguel_Molina_(swimmer),190
Jörg Hube,P19,What is the place of birth of Jörg Hube?,Neuruppin,J%C3%B6rg_Hube,83
Klaus Wagner,P19,What is the place of birth of Klaus Wagner?,Knauthain,Klaus_Wagner_(equestrian),21
Fred Carreiro,P19,What is the place of birth of Fred Carreiro?,Belo Horizonte,"Fred_(footballer,_born_1979)",398
Logan Delaurier-Chaubet,P19,What is the place of birth of Logan Delaurier-Chaubet?,Saint-Jean-de-Verges,Logan_Delaurier-Chaubet,242
Alfred Ter-Mkrtychyan,P19,What is the place of birth of Alfred Ter-Mkrtychyan?,Tehran,Alfred_Ter-Mkrtchyan,65
Kaspar von Stieler,P19,What is the place of birth of Kaspar von Stieler?,Erfurt,Kaspar_von_Stieler,23
Tom O'Donnell,P19,What is the place of birth of Tom O'Donnell?,Bulgaden,Tom_O%27Donnell_(politician),97
Amadou Traoré,P19,What is the place of birth of Amadou Traoré?,Paris,Amadou_Traor%C3%A9,189
Franz von Gaudy,P19,What is the place of birth of Franz von Gaudy?,Frankfurt (Oder),Franz_von_Gaudy,24
Ferdinand Oyono,P19,What is the place of birth of Ferdinand Oyono?,Ngoulemakong,Ferdinand_Oyono,330
Ed Meador,P19,What is the place of birth of Ed Meador?,Dallas,Eddie_Meador,66
Gyula Ferdinandy,P19,What is the place of birth of Gyula Ferdinandy?,Košice,Gyula_Ferdinandy,15
Abdulkadir Sünger,P19,What is the place of birth of Abdulkadir Sünger?,Denizli,Abd%C3%BClkadir_S%C3%BCnger,18
Jonathan Mendelsohn,P19,What is the place of birth of Jonathan Mendelsohn?,Brooklyn,Jonathan_Mendelsohn_(singer),264
Charles Rousselière,P19,What is the place of birth of Charles Rousselière?,Saint-Nazaire,Charles_Rousseli%C3%A8re,27
Li Fei,P19,What is the place of birth of Li Fei?,Wuhan,Li_Fei_(footballer),17
Bud Cullen,P19,What is the place of birth of Bud Cullen?,Walden,Bud_Cullen,62
Bud Gulka,P19,What is the place of birth of Bud Gulka?,Kipling,Bud_Gulka,17
Bud Fisher,P19,What is the place of birth of Bud Fisher?,Chicago,Bud_Fisher,483
Bud Greenspan,P19,What is the place of birth of Bud Greenspan?,New York City,Bud_Greenspan,350
Bud Olson,P19,What is the place of birth of Bud Olson?,Alberta,Bud_Olson,100
Hugh of Flavigny,P19,What is the place of birth of Hugh of Flavigny?,Verdun,Hugh_of_Flavigny,34
Bud Holloway,P19,What is the place of birth of Bud Holloway?,Wapella,Bud_Holloway,155
Bud Scott,P19,What is the place of birth of Bud Scott?,New Orleans,Bud_Scott,114
János Ferenczi,P19,What is the place of birth of János Ferenczi?,Debrecen,J%C3%A1nos_Ferenczi,225
Domenico Bellando,P19,What is the place of birth of Domenico Bellando?,Genoa,Domenico_Bellando,20
Bud Thackery,P19,What is the place of birth of Bud Thackery?,Shawnee,Bud_Thackery,109
Bud Poile,P19,What is the place of birth of Bud Poile?,Fort William,Bud_Poile,695
Maida Bryant,P19,What is the place of birth of Maida Bryant?,Coalgate,Maida_Bryant,6
Stephanie Summerow Dumas,P19,What is the place of birth of Stephanie Summerow Dumas?,Cincinnati,Stephanie_Summerow_Dumas,74
Chiharu Matsuyama,P19,What is the place of birth of Chiharu Matsuyama?,Ashoro,Chiharu_Matsuyama,191
László Ferenczy,P19,What is the place of birth of László Ferenczy?,Vișeu de Sus,L%C3%A1szl%C3%B3_Ferenczy,327
Noémi Ferenczy,P19,What is the place of birth of Noémi Ferenczy?,Szentendre,No%C3%A9mi_Ferenczy,51
Teréz Ferenczy,P19,What is the place of birth of Teréz Ferenczy?,Rimavská Sobota,Ter%C3%A9z_Ferenczy,17
Godai Tomoatsu,P19,What is the place of birth of Godai Tomoatsu?,Kagoshima,Godai_Tomoatsu,287
Árpád Ferenczy,P19,What is the place of birth of Árpád Ferenczy?,Győr,%C3%81rp%C3%A1d_Ferenczy,8
Sonja Gerstner,P19,What is the place of birth of Sonja Gerstner?,Berlin,Sonja_Gerstner,23
Zsuzsa Ferge,P19,What is the place of birth of Zsuzsa Ferge?,Budapest,Zsuzsa_Ferge,22
Hiroshi Yanaka,P19,What is the place of birth of Hiroshi Yanaka?,Tokyo,Hiroshi_Yanaka,479
Attila Feri,P19,What is the place of birth of Attila Feri?,Târgu Mureș,Attila_Feri,27
Ragnhild Haga,P19,What is the place of birth of Ragnhild Haga?,Holter,Ragnhild_Gl%C3%B8ersen_Haga,284
Oluf Borch de Schouboe,P19,What is the place of birth of Oluf Borch de Schouboe?,Bergen,Oluf_Borch_de_Schouboe,20
Csaba Ferkó,P19,What is the place of birth of Csaba Ferkó?,Budapest,Csaba_Ferk%C3%B3,10
Holly Brooks,P19,What is the place of birth of Holly Brooks?,Redmond,Holly_Brooks,133
Randy McKay,P19,What is the place of birth of Randy McKay?,Montreal,Randy_McKay,528
Kurt E. Koch,P19,What is the place of birth of Kurt E. Koch?,Berghausen (Pfinztal),Kurt_E._Koch,270
Günther Jahn,P19,What is the place of birth of Günther Jahn?,Erfurt,G%C3%BCnther_Jahn,62
José Maria Ferreira de Castro,P19,What is the place of birth of José Maria Ferreira de Castro?,"Oliveira de Azeméis, Santiago de Riba-Ul, Ul, Macinhata da Seixa e Madail",Ferreira_de_Castro,128
Leberecht Migge,P19,What is the place of birth of Leberecht Migge?,Gdańsk,Leberecht_Migge,101
Dirk Andries Flentrop,P19,What is the place of birth of Dirk Andries Flentrop?,Zaandam,Dirk_Andries_Flentrop,36
Jürgen Koffler,P19,What is the place of birth of Jürgen Koffler?,Karlsruhe,J%C3%BCrgen_Koffler,2
Liz Stephen,P19,What is the place of birth of Liz Stephen?,Barre,Liz_Stephen,68
Nikolaos Makarezos,P19,What is the place of birth of Nikolaos Makarezos?,Gravia,Nikolaos_Makarezos,520
Herbert Greenfield,P19,What is the place of birth of Herbert Greenfield?,Winchester,Herbert_Greenfield,172
László Sillai,P19,What is the place of birth of László Sillai?,Darnózseli,L%C3%A1szl%C3%B3_Sillai,12
Yaśas,P19,What is the place of birth of Yaśas?,Varanasi,Yasa,310
Patrick Walsh,P19,What is the place of birth of Patrick Walsh?,Cóbh,Patrick_Walsh_(bishop_of_Down_and_Connor),477
Adriana de Vecchi,P19,What is the place of birth of Adriana de Vecchi?,Viana do Castelo,Adriana_de_Vecchi,23
Stephen A. Northway,P19,What is the place of birth of Stephen A. Northway?,New York,Stephen_A._Northway,90
Christian Poirot,P19,What is the place of birth of Christian Poirot?,Gérardmer,Christian_Poirot,12
Stiliyan Makarski,P19,What is the place of birth of Stiliyan Makarski?,Sofia,Stiliyan_Makarski,10
Roger Morris,P19,What is the place of birth of Roger Morris?,Manchester,R._N._Morris,102
Piotr Trzaskalski,P19,What is the place of birth of Piotr Trzaskalski?,Łódź,Piotr_Trzaskalski,26
Imre Festetics,P19,What is the place of birth of Imre Festetics?,Felsőság,Imre_Festetics,78
Charles Lauritsen,P19,What is the place of birth of Charles Lauritsen?,Holstebro,Charles_Lauritsen,530
György Festetics,P19,What is the place of birth of György Festetics?,Vienna,Gy%C3%B6rgy_Festetics,144
Leó Festetics,P19,What is the place of birth of Leó Festetics?,Pécs,Le%C3%B3_Festetics,22
Marie Festetics von Tolna,P19,What is the place of birth of Marie Festetics von Tolna?,Tolna,Marie_Festetics,472
Sándor Festetics,P19,What is the place of birth of Sándor Festetics?,Dég,S%C3%A1ndor_Festetics,92
Ian Christie,P19,What is the place of birth of Ian Christie?,Blackpool,Ian_Christie_(musician),26
Geoff Kinrade,P19,What is the place of birth of Geoff Kinrade?,Canada,Geoff_Kinrade,44
Frigyes Feszl,P19,What is the place of birth of Frigyes Feszl?,Pest,Frigyes_Feszl,68
Milan Pacanda,P19,What is the place of birth of Milan Pacanda?,Teplice,Milan_Pacanda,78
Nándor Fettich,P19,What is the place of birth of Nándor Fettich?,Acsád,N%C3%A1ndor_Fettich,25
Madison Bartlett,P19,What is the place of birth of Madison Bartlett?,Wairoa,Madison_Bartlett,175
Kanti Biswas,P19,What is the place of birth of Kanti Biswas?,Faridpur District,Kanti_Biswas,149
Olga Fialka,P19,What is the place of birth of Olga Fialka?,Terezín,Olga_Fialka,39
Salomo Sachs,P19,What is the place of birth of Salomo Sachs?,Berlin,Salomo_Sachs,44
Buddie Petit,P19,What is the place of birth of Buddie Petit?,White Castle,Buddie_Petit,55
Buddy Banks,P19,What is the place of birth of Buddy Banks?,Canada,Buddy_Banks_(bassist),32
Buddy Catlett,P19,What is the place of birth of Buddy Catlett?,Long Beach,Buddy_Catlett,101
La Lupa,P19,What is the place of birth of La Lupa?,Onsernone,La_Lupa_(Swiss_singer),36
Buddy Cage,P19,What is the place of birth of Buddy Cage?,Toronto,Buddy_Cage,741
Fiatau Penitala Teo,P19,What is the place of birth of Fiatau Penitala Teo?,Funafuti,Fiatau_Penitala_Teo,90
Christoph Weigel the Elder,P19,What is the place of birth of Christoph Weigel the Elder?,Marktredwitz,Christoph_Weigel_the_Elder,100
Buddy Deppenschmidt,P19,What is the place of birth of Buddy Deppenschmidt?,Philadelphia,Buddy_Deppenschmidt,96
Buddy Childers,P19,What is the place of birth of Buddy Childers?,St. Louis,Buddy_Childers,156
Ádám Ficsor,P19,What is the place of birth of Ádám Ficsor?,Miskolc,%C3%81d%C3%A1m_Ficsor,38
Buddy Edelen,P19,What is the place of birth of Buddy Edelen?,Harrodsburg,Buddy_Edelen,82
Buddy Featherstonhaugh,P19,What is the place of birth of Buddy Featherstonhaugh?,16th arrondissement of Paris,Buddy_Featherstonhaugh,56
Buddy Horne,P19,What is the place of birth of Buddy Horne?,Toronto,Buddy_Horne,15
Buddy Leach,P19,What is the place of birth of Buddy Leach?,Leesville,Buddy_Leach,334
Buddy Moreno,P19,What is the place of birth of Buddy Moreno?,Los Angeles,Buddy_Moreno,43
Buddy Ratner,P19,What is the place of birth of Buddy Ratner?,New York,Buddy_Ratner,56
Buddy Morrow,P19,What is the place of birth of Buddy Morrow?,New Haven,Buddy_Morrow,436
László Filep,P19,What is the place of birth of László Filep?,Császló,L%C3%A1szl%C3%B3_Filep,5
Dan Zimmerman,P19,What is the place of birth of Dan Zimmerman?,Phoenix,Dan_Zimmerman,801
Filip Pajović,P19,What is the place of birth of Filip Pajović?,Zrenjanin,Filip_Pajovi%C4%87,77
Filip Lăzăreanu,P19,What is the place of birth of Filip Lăzăreanu?,Cluj-Napoca,Filip_L%C4%83z%C4%83reanu,29
Buddy Richard,P19,What is the place of birth of Buddy Richard?,Graneros,Buddy_Richard,234
Andreas Hofer,P19,What is the place of birth of Andreas Hofer?,Bad Reichenhall,Andreas_Hofer_(composer),51
Joseph Sirois,P19,What is the place of birth of Joseph Sirois?,Quebec City,Joseph_Sirois,11
Otto Böckel,P19,What is the place of birth of Otto Böckel?,Frankfurt,Otto_B%C3%B6ckel,149
Shaylee Bent,P19,What is the place of birth of Shaylee Bent?,Penrith,Shaylee_Bent,552
Gabriel Plumbuitu,P19,What is the place of birth of Gabriel Plumbuitu?,Bucharest,Gabriel_Plumbuitu,43
Bourama Fomba,P19,What is the place of birth of Bourama Fomba?,Bamako,Bourama_Fomba,116
Jimmy Chisholm,P19,What is the place of birth of Jimmy Chisholm?,Inverness,Jimmy_Chisholm,742
De'Jon Harris,P19,What is the place of birth of De'Jon Harris?,New Orleans,De%27Jon_Harris,585
Felipe Martinez Carbonell,P19,What is the place of birth of Felipe Martinez Carbonell?,Rosario,Felipe_Martinez_Carbonell,93
Howard A. Knutson,P19,What is the place of birth of Howard A. Knutson?,Grand Forks,Howard_A._Knutson,21
Sander Aae Skotheim,P19,What is the place of birth of Sander Aae Skotheim?,Oslo,Sander_Skotheim,481
Nadia Al Najjar,P19,What is the place of birth of Nadia Al Najjar?,United Arab Emirates,Nadia_Al_Najjar,64
Haruki Noguchi,P19,What is the place of birth of Haruki Noguchi?,Beppu,Haruki_Noguchi,507
Juana Josefina Cavasos Barnard,P19,What is the place of birth of Juana Josefina Cavasos Barnard?,Matamoros,Juana_Josefina_Cavasos_Barnard,86
Sigismondo Savona,P19,What is the place of birth of Sigismondo Savona?,Valletta,Sigismondo_Savona,49
Karl Theophil Fries,P19,What is the place of birth of Karl Theophil Fries?,Kiedrich,Karl_Theophil_Fries,52
Koudai Hirayama,P19,What is the place of birth of Koudai Hirayama?,Hyōgo Prefecture,Koudai_Hirayama,61
Jin Mandokoro,P19,What is the place of birth of Jin Mandokoro?,Osaka,Jin_Mandokoro,161
Davi Machado dos Santos Araújo,P19,What is the place of birth of Davi Machado dos Santos Araújo?,Paracatu,Davi_Ara%C3%BAjo,88
Fritz Köster,P19,What is the place of birth of Fritz Köster?,Rodenberg,Fritz_K%C3%B6ster,35
Budi Santoso,P19,What is the place of birth of Budi Santoso?,Yogyakarta,Budi_Santoso,102
Tamás Filó,P19,What is the place of birth of Tamás Filó?,Budapest,Tam%C3%A1s_Fil%C3%B3,6
Alejandro Marcos López,P19,What is the place of birth of Alejandro Marcos López?,Badalona,Alejandro_Marcos,12
Armin Hodžić,P19,What is the place of birth of Armin Hodžić?,Tuzla,"Armin_Hod%C5%BEi%C4%87_(footballer,_born_2000)",336
Isa Chiroma,P19,What is the place of birth of Isa Chiroma?,Mubi,Isa_Chiroma,208
Alessia Scortechini,P19,What is the place of birth of Alessia Scortechini?,Rome,Alessia_Scortechini,26
Mackye Townsend-West,P19,What is the place of birth of Mackye Townsend-West?,England,Mackye_Townsend-West,85
Victor Torp,P19,What is the place of birth of Victor Torp?,Lemvig,Victor_Torp,96
K. C. McDermott,P19,What is the place of birth of K. C. McDermott?,Palm Beach,K._C._McDermott,284
James Winder Good,P19,What is the place of birth of James Winder Good?,Limerick,James_Winder_Good,21
Catherine Coleman Flowers,P19,What is the place of birth of Catherine Coleman Flowers?,Birmingham,Catherine_Coleman_Flowers,345
Gábor Financsek,P19,What is the place of birth of Gábor Financsek?,Pécs,G%C3%A1bor_Financsek,6
Michel Routart,P19,What is the place of birth of Michel Routart?,Arras,Michel_Routart,28
Gottfried von Spitzenberg,P20,What is the place of death of Gottfried von Spitzenberg?,Antioch,Godfrey_of_Spitzenberg,59
Buddy Starcher,P20,What is the place of death of Buddy Starcher?,Harrisonburg,Buddy_Starcher,123
Budivoj,P20,What is the place of death of Budivoj?,Plön,Budivoj,139
Harold Noyes,P20,What is the place of death of Harold Noyes?,Brisbane,Harold_Noyes,2
Frank Nolan,P20,What is the place of death of Frank Nolan?,Brisbane,Frank_Nolan_(cricketer),3
Gordon Clem,P20,What is the place of death of Gordon Clem?,Melbourne,Gordon_Clem,6
Arthur Osman Farquhar Stuart,P20,What is the place of death of Arthur Osman Farquhar Stuart?,Freetown,Arthur_Osman_Farquhar_Stuart,16
Daniel Ruge,P20,What is the place of death of Daniel Ruge?,Denver,Daniel_Ruge,244
William Stuart Stirling-Crawfurd,P20,What is the place of death of William Stuart Stirling-Crawfurd?,Cannes,William_Stuart_Stirling-Crawfurd,37
Esther Morales,P20,What is the place of death of Esther Morales?,Oruro,Esther_Morales,607
Ilda Aurora Pinheiro de Moura Machado,P20,What is the place of death of Ilda Aurora Pinheiro de Moura Machado?,Lisbon,Ilda_Aurora_Pinheiro_de_Moura_Machado,13
Hans Bernhardt,P20,What is the place of death of Hans Bernhardt?,Amsterdam,Hans_Bernhardt,20
Ferenc Finkey,P20,What is the place of death of Ferenc Finkey?,Sárospatak,Ferenc_Finkey,10
Gladys Quander Tancil,P20,What is the place of death of Gladys Quander Tancil?,Alexandria,Gladys_Quander_Tancil,847
Sonia Rescalvo Zafra,P20,What is the place of death of Sonia Rescalvo Zafra?,Parc de la Ciutadella,Sonia_Rescalvo_Zafra,516
Arthur Wells French,P20,What is the place of death of Arthur Wells French?,Bridgeport,Arthur_W._French,21
Sham Raj II,P20,What is the place of death of Sham Raj II?,Hyderabad,Shamraj_Bhalerao,112
Robert P. Knight,P20,What is the place of death of Robert P. Knight?,Austen Riggs Center,Robert_P._Knight,49
Gertrud Grunow,P20,What is the place of death of Gertrud Grunow?,Leverkusen,Gertrud_Grunow,118
Adeline Gray,P20,What is the place of death of Adeline Gray?,Waterbury,Adeline_Gray_(parachutist),119
Aleksander Kupcewicz,P20,What is the place of death of Aleksander Kupcewicz?,Olsztyn,Aleksander_Kupcewicz,6
Taryam Omran Taryam,P20,What is the place of death of Taryam Omran Taryam?,London,Taryam_Omran_Taryam,139
Colin Stibe,P20,What is the place of death of Colin Stibe?,Sydney,Colin_Stibe,9
Alexander Finta,P20,What is the place of death of Alexander Finta?,Los Angeles,Alexander_Finta,25
Fiorenzo Toso,P20,What is the place of death of Fiorenzo Toso?,Arenzano,Fiorenzo_Toso,23
François Étienne Victor de Clinchamp,P20,What is the place of death of François Étienne Victor de Clinchamp?,Paris,Fran%C3%A7ois_%C3%89tienne_Victor_de_Clinchamp,11
Elisabet Eurén,P20,What is the place of death of Elisabet Eurén?,Bromma parish,Elisabet_Eur%C3%A9n,10
Phillip S. Berry,P20,What is the place of death of Phillip S. Berry?,Lafayette,Phillip_S._Berry,21
Harold Thomsett,P20,What is the place of death of Harold Thomsett?,Brisbane,Harold_Thomsett,3
Renuka Das Bhalerao,P20,What is the place of death of Renuka Das Bhalerao?,Hyderabad,Renuka_Das_Bhalerao,323
Eugène Archambault,P20,What is the place of death of Eugène Archambault?,20th arrondissement of Paris,Eug%C3%A8ne_Archambault,6
Léopold Boisselle,P20,What is the place of death of Léopold Boisselle?,Rennes,L%C3%A9opold_Boisselle,3
Subby Byas,P20,What is the place of death of Subby Byas?,Chicago,Subby_Byas,9
Guy Gibson Campbell,P20,What is the place of death of Guy Gibson Campbell?,Dyer,Guy_Gibson_Campbell,15
Pierre Charton,P20,What is the place of death of Pierre Charton?,Flers,Pierre_Charton,7
Marcel Folliot,P20,What is the place of death of Marcel Folliot?,Aubervilliers,Marcel_Folliot,4
Elie Guillemer,P20,What is the place of death of Elie Guillemer?,Voulx,Elie_Guillemer,4
Paulin Lanteri,P20,What is the place of death of Paulin Lanteri?,Antibes,Paulin_Lanteri,2
Casimir Lombardi,P20,What is the place of death of Casimir Lombardi?,Bellegarde,Casimir_Lombardi,4
Marcel Masson,P20,What is the place of death of Marcel Masson?,Dieppe,Marcel_Masson,9
Lajos Fischer,P20,What is the place of death of Lajos Fischer?,New York City,Lajos_Fischer,35
Buell Neidlinger,P20,What is the place of death of Buell Neidlinger?,Whidbey Island,Buell_Neidlinger,284
Robert Kosch,P20,What is the place of death of Robert Kosch?,Berlin,Robert_Kosch,213
Clive Page,P20,What is the place of death of Clive Page?,Brisbane,Clive_Page,4
Adelbert Mühlschlegel,P20,What is the place of death of Adelbert Mühlschlegel?,Athens,Adelbert_M%C3%BChlschlegel,24
Mark Peachey,P20,What is the place of death of Mark Peachey?,Ipswich,Mark_Peachey,6
Sébastien Piccardo,P20,What is the place of death of Sébastien Piccardo?,Cannes,S%C3%A9bastien_Piccardo,3
George Poeppel,P20,What is the place of death of George Poeppel?,Germany,George_Poeppel,7
Heinrich Lilienfein,P20,What is the place of death of Heinrich Lilienfein?,Weimar,Heinrich_Lilienfein,20
Herbert Rahmann,P20,What is the place of death of Herbert Rahmann?,Brisbane,Herbert_Rahmann,5
Rex Rogers,P20,What is the place of death of Rex Rogers?,Coorparoo,Rex_Rogers,7
Yves Ropartz,P20,What is the place of death of Yves Ropartz?,Lanvallay,Yves_Ropartz,4
Khúc Thừa Dụ,P20,What is the place of death of Khúc Thừa Dụ?,Hanoi,Kh%C3%BAc_Th%E1%BB%ABa_D%E1%BB%A5,141
Günter Deckert,P20,What is the place of death of Günter Deckert?,Weinheim,G%C3%BCnter_Deckert,323
Douglas Siggs,P20,What is the place of death of Douglas Siggs?,Brisbane,Douglas_Siggs,7
Ernst-Wilhelm Reinert,P20,What is the place of death of Ernst-Wilhelm Reinert?,Bad Pyrmont,Ernst-Wilhelm_Reinert,314
Fyodor Stravinsky,P20,What is the place of death of Fyodor Stravinsky?,Saint Petersburg,Fyodor_Stravinsky,646
Fedor Panyutin,P20,What is the place of death of Fedor Panyutin?,Vilnius,Fedor_Panyutin,19
André Van Vierst,P20,What is the place of death of André Van Vierst?,Reims,Andr%C3%A9_Van_Vierst,4
Dong Sy Nguyen,P20,What is the place of death of Dong Sy Nguyen?,108 Military Central Hospital,%C4%90%E1%BB%93ng_S%C4%A9_Nguy%C3%AAn,227
Flaminio Avet,P20,What is the place of death of Flaminio Avet?,Bendejun,Flaminio_Avet,14
Margery Withers,P20,What is the place of death of Margery Withers?,Heidelberg,Margery_Withers,45
Norbert Buske,P20,What is the place of death of Norbert Buske?,Greifswald,Norbert_Buske,226
Jakob Graf zu Eltz,P20,What is the place of death of Jakob Graf zu Eltz?,Eltville am Rhein,Jakob_Graf_zu_Eltz,667
Mechtildis of Edelstetten,P20,What is the place of death of Mechtildis of Edelstetten?,Dießen am Ammersee,Mechtildis_of_Edelstetten,94
János Fliszár,P20,What is the place of death of János Fliszár?,Murska Sobota,J%C3%A1nos_Flisz%C3%A1r,9
Marie Luise Droop,P20,What is the place of death of Marie Luise Droop?,Gengenbach,Marie_Luise_Droop,52
Josef Waitzer,P20,What is the place of death of Josef Waitzer?,Korbach,Josef_Waitzer,133
Florian Aaron,P20,What is the place of death of Florian Aaron?,Bucharest,Aaron_Florian,24
Magnus Hundt,P20,What is the place of death of Magnus Hundt?,Meissen,Magnus_Hundt,141
Oren Arnold,P20,What is the place of death of Oren Arnold?,Laguna Beach,Oren_Arnold,79
Otto Friedrich August Meinardus,P20,What is the place of death of Otto Friedrich August Meinardus?,Hamburg,Otto_Friedrich_August_Meinardus,60
Willi Kalender,P20,What is the place of death of Willi Kalender?,Erlangen,Willi_A._Kalender,71
John Foster McCreight,P20,What is the place of death of John Foster McCreight?,Hastings,John_Foster_McCreight,145
Félix Somló,P20,What is the place of death of Félix Somló?,Cluj-Napoca,F%C3%A9lix_Soml%C3%B3,55
Wilhelm Hennis,P20,What is the place of death of Wilhelm Hennis?,Freiburg im Breisgau,Wilhelm_Hennis,37
Romano Carapecchia,P20,What is the place of death of Romano Carapecchia?,Valletta,Romano_Carapecchia,47
Berry Webb,P20,What is the place of death of Berry Webb?,Brisbane,Berry_Webb,11
Johann Bartsch,P20,What is the place of death of Johann Bartsch?,Suriname,Johann_Bartsch,30
Lester Warden,P20,What is the place of death of Lester Warden?,Brisbane,Lester_Warden,4
Page Cavanaugh,P20,What is the place of death of Page Cavanaugh?,Los Angeles,Page_Cavanaugh,152
Mechthildis Thein,P20,What is the place of death of Mechthildis Thein?,Singen,Mechthildis_Thein,25
Johann Christoph von Naumann,P20,What is the place of death of Johann Christoph von Naumann?,Dresden,Johann_Christoph_von_Naumann,10
Aldo Maria Lazzarín Stella,P20,What is the place of death of Aldo Maria Lazzarín Stella?,Negrar di Valpolicella,Aldo_Maria_Lazzar%C3%ADn_Stella,5
Richard G. Salomon,P20,What is the place of death of Richard G. Salomon?,Mount Vernon,Richard_G._Salomon,33
Géza Fodor,P20,What is the place of death of Géza Fodor?,Budapest,G%C3%A9za_Fodor_(philosopher),17
Benjamin Wigfall,P20,What is the place of death of Benjamin Wigfall?,New Paltz,Benjamin_Leroy_Wigfall,201
Josephine Fodor,P20,What is the place of death of Josephine Fodor?,Saint-Genis-Laval,Jos%C3%A9phine_Fodor,41
Joseph Fodor,P20,What is the place of death of Joseph Fodor?,Saint Petersburg,Josephus_Andreas_Fodor,26
Ronald Gordon,P20,What is the place of death of Ronald Gordon?,Mesen,Ronald_Gordon_(cricketer),23
Eric Gore-Browne,P20,What is the place of death of Eric Gore-Browne?,Namacurra,Eric_Gore-Browne,20
József Fodor,P20,What is the place of death of József Fodor?,Budapest,Josef_von_Fodor,28
Townshend Stith Brandegee,P20,What is the place of death of Townshend Stith Brandegee?,Berkeley,Townshend_Stith_Brandegee,40
Abu Anas al-Shami,P20,What is the place of death of Abu Anas al-Shami?,Abu Ghraib,Abu_Anas_al-Shami,377
Jean Preuss,P20,What is the place of death of Jean Preuss?,Saint-Amand-les-Eaux,Jean_Preuss,3
Léon Chené,P20,What is the place of death of Léon Chené?,Villeurbanne,L%C3%A9on_Chen%C3%A9,6
Ernst Albihn,P20,What is the place of death of Ernst Albihn?,Stockholm,Ernst_Albihn,5
Tiraios I,P27,What is the country of citizenship of Tiraios I?,Characene,Tiraios_I,42
Larry Augustin,P27,What is the country of citizenship of Larry Augustin?,United States,Larry_Augustin,262
Francis Kwasi Buor,P27,What is the country of citizenship of Francis Kwasi Buor?,Ghana,Francis_Kwasi_Buor,5
Buddy Boy Hawkins,P27,What is the country of citizenship of Buddy Boy Hawkins?,United States,Buddy_Boy_Hawkins,86
Elia Tuqiri,P27,What is the country of citizenship of Elia Tuqiri?,Fiji,Elia_Tuqiri,76
Frank J. Taylor,P27,What is the country of citizenship of Frank J. Taylor?,United States,Frank_J._Taylor,25
Agnes Reeves Taylor,P27,What is the country of citizenship of Agnes Reeves Taylor?,Liberia,Agnes_Reeves_Taylor,647
James R. Allaben,P27,What is the country of citizenship of James R. Allaben?,United States,James_R._Allaben,9
Terry Friedman,P27,What is the country of citizenship of Terry Friedman?,United Kingdom,Terry_Friedman,32
Bharati Harish Dangre,P27,What is the country of citizenship of Bharati Harish Dangre?,India,Bharati_Harish_Dangre,246
Szczawnica,P30,What continent is Szczawnica located on?,Europe,Szczawnica,356
Budaklı,P30,What continent is Budaklı located on?,Asia,"Budakl%C4%B1,_Kara%C3%A7oban",2
Muradiye district,P30,What continent is Muradiye district located on?,Asia,Muradiye,242
Toszek,P30,What continent is Toszek located on?,Europe,Toszek,136
Mordoğan,P30,What continent is Mordoğan located on?,Asia,Mordo%C4%9Fan,95
Prószków,P30,What continent is Prószków located on?,Europe,Pr%C3%B3szk%C3%B3w,114
Orzesze,P30,What continent is Orzesze located on?,Europe,Orzesze,91
Duszniki-Zdrój,P30,What continent is Duszniki-Zdrój located on?,Europe,Duszniki-Zdr%C3%B3j,278
Szczawno-Zdrój,P30,What continent is Szczawno-Zdrój located on?,Europe,Szczawno-Zdr%C3%B3j,253
Kalety,P30,What continent is Kalety located on?,Europe,Kalety,64
Pszów,P30,What continent is Pszów located on?,Europe,Psz%C3%B3w,70
Ustroń,P30,What continent is Ustroń located on?,Europe,Ustro%C5%84,410
Gogolin,P30,What continent is Gogolin located on?,Europe,Gogolin,236
Syców,P30,What continent is Syców located on?,Europe,Syc%C3%B3w,187
Pyskowice,P30,What continent is Pyskowice located on?,Europe,Pyskowice,210
Dadaklı,P30,What continent is Dadaklı located on?,Asia,"Dadakl%C4%B1,_Eruh",9
Jeziorany,P30,What continent is Jeziorany located on?,Europe,Jeziorany,102
Selçuklu YHT railway station,P30,What continent is Selçuklu YHT railway station located on?,Asia,Sel%C3%A7uklu_YHT_railway_station,54
Sompolno,P30,What continent is Sompolno located on?,Europe,Sompolno,79
Zalewo,P30,What continent is Zalewo located on?,Europe,Zalewo,75
Buenos Aires National Wildlife Refuge,P30,What continent is Buenos Aires National Wildlife Refuge located on?,North America,Buenos_Aires_National_Wildlife_Refuge,211
statue of John Stith Pemberton,P30,What continent is statue of John Stith Pemberton located on?,North America,Statue_of_John_Stith_Pemberton,51
Izbica Kujawska,P30,What continent is Izbica Kujawska located on?,Europe,Izbica_Kujawska,92
Wielichowo,P30,What continent is Wielichowo located on?,Europe,Wielichowo,34
Poniec,P30,What continent is Poniec located on?,Europe,Poniec,56
Stawiszyn,P30,What continent is Stawiszyn located on?,Europe,Stawiszyn,61
Trzemeszno,P30,What continent is Trzemeszno located on?,Europe,Trzemeszno,172
Tanjung Bara (East Kalimantan port),P30,What continent is Tanjung Bara (East Kalimantan port) located on?,Asia,Tanjung_Bara,147
Zdzieszowice,P30,What continent is Zdzieszowice located on?,Europe,Zdzieszowice,76
Leśnica,P30,What continent is Leśnica located on?,Europe,Le%C5%9Bnica,93
Builsa North District,P30,What continent is Builsa North District located on?,Africa,Builsa_North_Municipal_District,130
Niemodlin,P30,What continent is Niemodlin located on?,Europe,Niemodlin,164
Gümüşlük,P30,What continent is Gümüşlük located on?,Asia,G%C3%BCm%C3%BC%C5%9Fl%C3%BCk,476
Buyunda,P30,What continent is Buyunda located on?,Asia,Buyunda,14
Czchów,P30,What continent is Czchów located on?,Europe,Czch%C3%B3w,109
Koniecpol,P30,What continent is Koniecpol located on?,Europe,Koniecpol,98
Sułkowice,P30,What continent is Sułkowice located on?,Europe,Su%C5%82kowice,61
Międzybórz,P30,What continent is Międzybórz located on?,Europe,Mi%C4%99dzyb%C3%B3rz,53
Dobczyce,P30,What continent is Dobczyce located on?,Europe,Dobczyce,132
Kcynia,P30,What continent is Kcynia located on?,Europe,Kcynia,157
Bulaklı,P30,What continent is Bulaklı located on?,Asia,"Bulakl%C4%B1,_Y%C3%BCksekova",9
Magaria,P30,What continent is Magaria located on?,Africa,Magaria,80
Illéla,P30,What continent is Illéla located on?,Africa,"Illela,_Niger",42
Say,P30,What continent is Say located on?,Africa,"Say,_Niger",500
Buldan district,P30,What continent is Buldan district located on?,Asia,Buldan,135
Dicle,P30,What continent is Dicle located on?,Asia,Dicle,261
Darende district,P30,What continent is Darende district located on?,Asia,Darende,253
Bulgurcular,P30,What continent is Bulgurcular located on?,Asia,"Bulgurcular,_Mazgirt",6
Sarıgazi (M5),P30,What continent is Sarıgazi (M5) located on?,Asia,Sar%C4%B1gazi_(Istanbul_Metro),0
Meclis,P30,What continent is Meclis located on?,Asia,Meclis_(Istanbul_Metro),0
Sancaktepe,P30,What continent is Sancaktepe located on?,Asia,Sancaktepe_(Istanbul_Metro),0
Samandıra Merkez,P30,What continent is Samandıra Merkez located on?,Asia,Samand%C4%B1ra_Merkez_(Istanbul_Metro),0
Kurtköy,P30,What continent is Kurtköy located on?,Asia,Kurtk%C3%B6y_(Istanbul_Metro),0
Botzum Farm,P30,What continent is Botzum Farm located on?,North America,Botzum_Farm,17
Pozantı district,P30,What continent is Pozantı district located on?,Asia,Pozant%C4%B1,235
Korkuteli,P30,What continent is Korkuteli located on?,Asia,Korkuteli,311
Kumluca,P30,What continent is Kumluca located on?,Asia,Kumluca,357
Palandöken district,P30,What continent is Palandöken district located on?,Asia,"Paland%C3%B6ken,_Erzurum",116
Güzelyurt,P30,What continent is Güzelyurt located on?,Asia,G%C3%BCzelyurt,442
Tavas district,P30,What continent is Tavas district located on?,Asia,Tavas,208
Gevaş district,P30,What continent is Gevaş district located on?,Asia,Geva%C5%9F,180
Savur district,P30,What continent is Savur district located on?,Asia,Savur,291
Karamusa,P30,What continent is Karamusa located on?,Asia,"Karamusa,_%C3%87ermik",5
Güllük,P30,What continent is Güllük located on?,Asia,G%C3%BCll%C3%BCk,204
George Stanford Farm,P30,What continent is George Stanford Farm located on?,North America,George_Stanford_Farm,8
Ośno Lubuskie,P30,What continent is Ośno Lubuskie located on?,Europe,O%C5%9Bno_Lubuskie,178
Rabka-Zdrój,P30,What continent is Rabka-Zdrój located on?,Europe,Rabka-Zdr%C3%B3j,463
Strumień,P30,What continent is Strumień located on?,Europe,Strumie%C5%84,98
Wołczyn,P30,What continent is Wołczyn located on?,Europe,Wo%C5%82czyn,101
Ujazd,P30,What continent is Ujazd located on?,Europe,"Ujazd,_Opole_Voivodeship",92
Lubawka,P30,What continent is Lubawka located on?,Europe,Lubawka,205
Strzelno,P30,What continent is Strzelno located on?,Europe,Strzelno,244
Twardogóra,P30,What continent is Twardogóra located on?,Europe,Twardog%C3%B3ra,92
Przemków,P30,What continent is Przemków located on?,Europe,Przemk%C3%B3w,118
Dąbie,P30,What continent is Dąbie located on?,Europe,"D%C4%85bie,_Greater_Poland_Voivodeship",75
Otmuchów,P30,What continent is Otmuchów located on?,Europe,Otmuch%C3%B3w,159
Kolonowskie,P30,What continent is Kolonowskie located on?,Europe,Kolonowskie,42
Lidzbark,P30,What continent is Lidzbark located on?,Europe,Lidzbark,230
Warta,P30,What continent is Warta located on?,Europe,"Warta,_Poland",176
Pasym,P30,What continent is Pasym located on?,Europe,Pasym,96
Sława,P30,What continent is Sława located on?,Europe,S%C5%82awa,207
Korfantów,P30,What continent is Korfantów located on?,Europe,Korfant%C3%B3w,102
Krzepice,P30,What continent is Krzepice located on?,Europe,Krzepice,124
Czerwionka-Leszczyny,P30,What continent is Czerwionka-Leszczyny located on?,Europe,Czerwionka-Leszczyny,88
"Nekla, Greater Poland Voivodeship",P30,"What continent is Nekla, Greater Poland Voivodeship located on?",Europe,Nekla,64
Jutrosin,P30,What continent is Jutrosin located on?,Europe,Jutrosin,63
Lubień Kujawski,P30,What continent is Lubień Kujawski located on?,Europe,Lubie%C5%84_Kujawski,42
Ostroróg,P30,What continent is Ostroróg located on?,Europe,Ostror%C3%B3g,49
Lwówek,P30,What continent is Lwówek located on?,Europe,Lw%C3%B3wek,77
Borek Wielkopolski,P30,What continent is Borek Wielkopolski located on?,Europe,Borek_Wielkopolski,37
"National Defence College, Nigeria",P30,"What continent is National Defence College, Nigeria located on?",Africa,"National_Defence_College,_Nigeria",362
Wallace Farm,P30,What continent is Wallace Farm located on?,North America,Wallace_Farm_(Cuyahoga_Valley_National_Park),11
Drobin,P30,What continent is Drobin located on?,Europe,Drobin,103
Cerro Sombrero,P30,What continent is Cerro Sombrero located on?,Americas,Cerro_Sombrero,155
Yatağan,P30,What continent is Yatağan located on?,Asia,"Yata%C4%9Fan,_Denizli",94
Lutomiersk,P30,What continent is Lutomiersk located on?,Europe,Lutomiersk,57
Ogrodzieniec,P30,What continent is Ogrodzieniec located on?,Europe,Ogrodzieniec,168
Młynary,P30,What continent is Młynary located on?,Europe,M%C5%82ynary,90
Miłakowo,P30,What continent is Miłakowo located on?,Europe,Mi%C5%82akowo,60
Książ Wielkopolski,P30,What continent is Książ Wielkopolski located on?,Europe,Ksi%C4%85%C5%BC_Wielkopolski,51
Barcin,P30,What continent is Barcin located on?,Europe,Barcin,146
Lubraniec,P30,What continent is Lubraniec located on?,Europe,Lubraniec,59
Nowy Korczyn,P30,What continent is Nowy Korczyn located on?,Europe,Nowy_Korczyn,108
"Federal University, Wukari",P30,"What continent is Federal University, Wukari located on?",Africa,"Federal_University,_Wukari",241
Piaski,P30,What continent is Piaski located on?,Europe,"Piaski,_%C5%9Awidnik_County",159
Turka,P30,What continent is Turka located on?,Asia,Turka_(Lake_Baikal),61
Matamèye,P30,What continent is Matamèye located on?,Africa,Matameye,44
Wilson Feed Mill,P30,What continent is Wilson Feed Mill located on?,North America,Wilson_Feed_Mill,22
Keita,P30,What continent is Keita located on?,Africa,"Keita,_Niger",59
Buolkalakh,P30,What continent is Buolkalakh located on?,Asia,Buolkalakh,10
Sępopol,P30,What continent is Sępopol located on?,Europe,S%C4%99popol,86
Librilla,P30,What continent is Librilla located on?,Europe,Librilla,44
Villalcázar de Sirga,P30,What continent is Villalcázar de Sirga located on?,Europe,Villalc%C3%A1zar_de_Sirga,68
Museros,P30,What continent is Museros located on?,Europe,Museros,37
Burdekin River,P30,What continent is Burdekin River located on?,Australian continent,Burdekin_River,649
Sincik,P30,What continent is Sincik located on?,Asia,Sincik,89
Greater Moldova,P30,What continent is Greater Moldova located on?,Europe,Greater_Moldova,996
Yazlıca,P30,What continent is Yazlıca located on?,Asia,"Yazl%C4%B1ca,_Siirt",7
Hendek district,P30,What continent is Hendek district located on?,Asia,Hendek,194
Torbalı district,P30,What continent is Torbalı district located on?,Asia,Torbal%C4%B1,241
El Palmar de Troya,P30,What continent is El Palmar de Troya located on?,Europe,El_Palmar_de_Troya,986
Nowy Wiśnicz,P30,What continent is Nowy Wiśnicz located on?,Europe,Nowy_Wi%C5%9Bnicz,146
Tillabéri,P30,What continent is Tillabéri located on?,Africa,Tillab%C3%A9ri,279
Tolon Senior High School,P30,What continent is Tolon Senior High School located on?,Africa,Tolon_Senior_High_School,23
Lice,P30,What continent is Lice located on?,Asia,"Lice,_Turkey",476
Serik,P30,What continent is Serik located on?,Asia,Serik,619
Turhal,P30,What continent is Turhal located on?,Asia,Turhal,239
Garcihernández,P30,What continent is Garcihernández located on?,Europe,Garcihern%C3%A1ndez,28
La Alberca,P30,What continent is La Alberca located on?,Europe,La_Alberca,342
Redecilla del Camino,P30,What continent is Redecilla del Camino located on?,Europe,Redecilla_del_Camino,22
Likava,P30,What continent is Likava located on?,Europe,Likava_Castle,0
Rabé de las Calzadas,P30,What continent is Rabé de las Calzadas located on?,Europe,Rab%C3%A9_de_las_Calzadas,30
Afan festival,P30,What continent is Afan festival located on?,Africa,Afan_festival,107
Mielno,P30,What continent is Mielno located on?,Europe,Mielno,483
Akula Island,P30,What continent is Akula Island located on?,Antarctica,Akula_Island,28
Alibey,P30,What continent is Alibey located on?,Europe,"Alibey,_Silivri",21
Arbo,P30,What continent is Arbo located on?,Asia,"Ta%C5%9Fk%C3%B6y,_Nusaybin",68
Işıklar,P30,What continent is Işıklar located on?,Asia,"I%C5%9F%C4%B1klar,_K%C4%B1z%C4%B1ltepe",5
Dikmen,P30,What continent is Dikmen located on?,Asia,"Dikmen,_K%C4%B1z%C4%B1ltepe",8
Dursunbey district,P30,What continent is Dursunbey district located on?,Asia,Dursunbey,151
Signal Mountain Blockhouse,P30,What continent is Signal Mountain Blockhouse located on?,North America,Blockhouse_on_Signal_Mountain_(Oklahoma),148
Villarmentero de Campos,P30,What continent is Villarmentero de Campos located on?,Europe,Villarmentero_de_Campos,12
Skarszewy,P30,What continent is Skarszewy located on?,Europe,Skarszewy,126
Colmenar,P30,What continent is Colmenar located on?,Europe,Colmenar,11
Działoszyn,P30,What continent is Działoszyn located on?,Europe,Dzia%C5%82oszyn,98
Czersk,P30,What continent is Czersk located on?,Europe,Czersk,243
Korsze,P30,What continent is Korsze located on?,Europe,Korsze,68
Sulejów,P30,What continent is Sulejów located on?,Europe,Sulej%C3%B3w,148
Kumlu district,P30,What continent is Kumlu district located on?,Asia,Kumlu,87
Meriç,P30,What continent is Meriç located on?,Europe,"Meri%C3%A7,_Edirne",79
Lalapaşa,P30,What continent is Lalapaşa located on?,Europe,Lalapa%C5%9Fa,86
James Oglethorpe Monument,P30,What continent is James Oglethorpe Monument located on?,North America,James_Oglethorpe_Monument,212
Agassiz School,P30,What continent is Agassiz School located on?,North America,Agassiz_School,24
Somosierra,P30,What continent is Somosierra located on?,Europe,Somosierra,132
Burla,P30,What continent is Burla located on?,Asia,Burla_(river),25
Konongo,P30,What continent is Konongo located on?,Africa,"Konongo,_Ghana",773
Hohoe,P30,What continent is Hohoe located on?,Africa,Hohoe,520
Myszyniec,P30,What continent is Myszyniec located on?,Europe,Myszyniec,132
Saimbeyli district,P30,What continent is Saimbeyli district located on?,Asia,Saimbeyli,269
Lyon tramway,P30,What continent is Lyon tramway located on?,Europe,Lyon_tramway,836
Plottier,P30,What continent is Plottier located on?,South America,Plottier,92
Busua,P30,What continent is Busua located on?,Africa,Busua,219
Busunya,P30,What continent is Busunya located on?,Africa,Busunya,29
Kyyjärvi,P37,What is the official language of Kyyjärvi?,Finnish,Kyyj%C3%A4rvi,136
Juva,P37,What is the official language of Juva?,Finnish,Juva,307
Köyliö,P37,What is the official language of Köyliö?,Finnish,K%C3%B6yli%C3%B6,508
Polvijärvi,P37,What is the official language of Polvijärvi?,Finnish,Polvij%C3%A4rvi,111
Ordubad,P37,What is the official language of Ordubad?,Azerbaijani,Ordubad,446
Vieremä,P37,What is the official language of Vieremä?,Finnish,Vierem%C3%A4,130
Hedemora,P37,What is the official language of Hedemora?,Swedish,Hedemora,293
Sievi,P37,What is the official language of Sievi?,Finnish,Sievi,147
Eurajoki,P37,What is the official language of Eurajoki?,Finnish,Eurajoki,444
Sastamala,P37,What is the official language of Sastamala?,Finnish,Sastamala,490
Punkalaidun,P37,What is the official language of Punkalaidun?,Finnish,Punkalaidun,94
Valtimo,P37,What is the official language of Valtimo?,Finnish,Valtimo,71
Kesälahti,P37,What is the official language of Kesälahti?,Finnish,Kes%C3%A4lahti,57
Tortum,P37,What is the official language of Tortum?,Turkish,Tortum,199
Bumba,P37,What is the official language of Bumba?,French,"Bumba,_Democratic_Republic_of_the_Congo",263
Rincón de Valentín,P37,What is the official language of Rincón de Valentín?,Spanish,Rinc%C3%B3n_de_Valent%C3%ADn,7
Tammela,P37,What is the official language of Tammela?,Finnish,"Tammela,_Finland",163
Humppila,P37,What is the official language of Humppila?,Finnish,Humppila,112
Rasan,P37,What is the official language of Rasan?,Sorani,Rasan_(organization),230
Federal Polytechnic Damaturu,P37,What is the official language of Federal Polytechnic Damaturu?,English,The_Federal_Polytechnic_Damaturu,116
Koshekhabl,P37,What is the official language of Koshekhabl?,Adyghe,Koshekhabl,39
Cerrillos,P37,What is the official language of Cerrillos?,Spanish,"Cerrillos,_Uruguay",26
San Antonio,P37,What is the official language of San Antonio?,Spanish,"San_Antonio,_Salto",10
Bore,P37,What is the official language of Bore?,Italian,"Bore,_Emilia-Romagna",45
Roccabianca,P37,What is the official language of Roccabianca?,Italian,Roccabianca,58
Lestijärvi,P37,What is the official language of Lestijärvi?,Finnish,Lestij%C3%A4rvi,105
Nakkila,P37,What is the official language of Nakkila?,Finnish,Nakkila,146
Merijärvi,P37,What is the official language of Merijärvi?,Finnish,Merij%C3%A4rvi,46
Heinävesi,P37,What is the official language of Heinävesi?,Finnish,Hein%C3%A4vesi,220
Juupajoki,P37,What is the official language of Juupajoki?,Finnish,Juupajoki,152
Vesilahti,P37,What is the official language of Vesilahti?,Finnish,Vesilahti,116
Tervo,P37,What is the official language of Tervo?,Finnish,Tervo,132
Merikarvia,P37,What is the official language of Merikarvia?,Finnish,Merikarvia,220
Kaustinen,P37,What is the official language of Kaustinen?,Finnish,Kaustinen,215
Perho,P37,What is the official language of Perho?,Finnish,Perho,186
Lavia,P37,What is the official language of Lavia?,Finnish,"Lavia,_Finland",117
Rautjärvi,P37,What is the official language of Rautjärvi?,Finnish,Rautj%C3%A4rvi,947
Puumala,P37,What is the official language of Puumala?,Finnish,Puumala,389
Ruokolahti,P37,What is the official language of Ruokolahti?,Finnish,Ruokolahti,537
Jämijärvi,P37,What is the official language of Jämijärvi?,Finnish,J%C3%A4mij%C3%A4rvi,86
Varano de' Melegari,P37,What is the official language of Varano de' Melegari?,Italian,Varano_de%27_Melegari,288
Karvia,P37,What is the official language of Karvia?,Finnish,Karvia,101
Sonkajärvi,P37,What is the official language of Sonkajärvi?,Finnish,Sonkaj%C3%A4rvi,257
Sant Jaume d'Enveja,P37,What is the official language of Sant Jaume d'Enveja?,Catalan,Sant_Jaume_d%27Enveja,70
Garni,P37,What is the official language of Garni?,Armenian,Garni,931
Vilanova d'Escornalbou,P37,What is the official language of Vilanova d'Escornalbou?,Catalan,Vilanova_d%27Escornalbou,20
Valera,P37,What is the official language of Valera?,Venezuelan Spanish,Valera,418
Hartola,P37,What is the official language of Hartola?,Finnish,"Hartola,_Finland",239
Pargas,P37,What is the official language of Pargas?,Finnish,Pargas,895
Akhalgori,P37,What is the official language of Akhalgori?,Georgian,Akhalgori,315
Gardabani,P37,What is the official language of Gardabani?,Georgian,Gardabani,594
Dedoplis Tskaro,P37,What is the official language of Dedoplis Tskaro?,Georgian,Dedoplistsqaro,460
Vani,P37,What is the official language of Vani?,Georgian,Vani,774
Khoni,P37,What is the official language of Khoni?,Georgian,Khoni,212
Kvareli,P37,What is the official language of Kvareli?,Georgian,Kvareli,445
Gurjaani,P37,What is the official language of Gurjaani?,Georgian,Gurjaani,405
Julfa,P37,What is the official language of Julfa?,Azerbaijani,"Julfa,_Azerbaijan_(city)",768
Gyzylarbat,P37,What is the official language of Gyzylarbat?,Turkmen,Gyzylarbat,292
Main Directorate for Combating Organized Crime and Corruption,P37,What is the official language of Main Directorate for Combating Organized Crime and Corruption?,Belarusian,GUBOPiK,386
Selenginsk,P37,What is the official language of Selenginsk?,Buryat,Selenginsk,88
Mänttä-Vilppula,P37,What is the official language of Mänttä-Vilppula?,Finnish,M%C3%A4ntt%C3%A4-Vilppula,201
Nousiainen,P37,What is the official language of Nousiainen?,Finnish,Nousiainen,278
Lieto,P37,What is the official language of Lieto?,Finnish,Lieto,491
Tarvasjoki,P37,What is the official language of Tarvasjoki?,Finnish,Tarvasjoki,60
Mynämäki,P37,What is the official language of Mynämäki?,Finnish,Myn%C3%A4m%C3%A4ki,199
Masku,P37,What is the official language of Masku?,Finnish,Masku,264
Paimio,P37,What is the official language of Paimio?,Finnish,Paimio,252
Rusko,P37,What is the official language of Rusko?,Finnish,Rusko,156
Sauvo,P37,What is the official language of Sauvo?,Finnish,Sauvo,132
Koski Tl,P37,What is the official language of Koski Tl?,Finnish,Koski_Tl,124
Pöytyä,P37,What is the official language of Pöytyä?,Finnish,P%C3%B6yty%C3%A4,130
Tsalenjikha,P37,What is the official language of Tsalenjikha?,Georgian,Tsalenjikha,188
Rocha,P37,What is the official language of Rocha?,Spanish,"Rocha,_Uruguay",352
Oghuz,P37,What is the official language of Oghuz?,Azerbaijani,O%C4%9Fuz_(city),403
Qakh,P37,What is the official language of Qakh?,Azerbaijani,Qakh_(city),471
Parque Carrasco,P37,What is the official language of Parque Carrasco?,Spanish,Parque_Carrasco,16
Rayevsky,P37,What is the official language of Rayevsky?,Bashkir,Rayevsky_(rural_locality),24
Karkamış district,P37,What is the official language of Karkamış district?,Turkish,Karkam%C4%B1%C5%9F,305
Ekinözü district,P37,What is the official language of Ekinözü district?,Turkish,Ekin%C3%B6z%C3%BC,591
Bzenec,P37,What is the official language of Bzenec?,Czech,Bzenec,110
Ust-Koksa,P37,What is the official language of Ust-Koksa?,Russian,Ust-Koksa,85
Sivrihisar district,P37,What is the official language of Sivrihisar district?,Turkish,Sivrihisar,475
Pütürge district,P37,What is the official language of Pütürge district?,Turkish,P%C3%BCt%C3%BCrge,195
Nizhneangarsk,P37,What is the official language of Nizhneangarsk?,Buryat,Nizhneangarsk,99
Yasynuvata,P37,What is the official language of Yasynuvata?,Russian,Yasynuvata,687
Pidbuzh,P37,What is the official language of Pidbuzh?,Ukrainian,Pidbuzh,31
Bözberg,P37,What is the official language of Bözberg?,German,B%C3%B6zberg,42
Senyera,P37,What is the official language of Senyera?,Catalan,"Senyera,_Valencia",34
Margalef,P37,What is the official language of Margalef?,Catalan,Margalef,309
Simat de la Valldigna,P37,What is the official language of Simat de la Valldigna?,Catalan,Simat_de_la_Valldigna,123
Olza,P37,What is the official language of Olza?,Basque,Cendea_de_Olza/Oltza_Zendea,12
Creixell,P37,What is the official language of Creixell?,Catalan,Creixell,89
Çankaya,P37,What is the official language of Çankaya?,Turkish,%C3%87ankaya_District,426
Sincan district,P37,What is the official language of Sincan district?,Turkish,"Sincan,_Ankara",419
Kızılcahamam district,P37,What is the official language of Kızılcahamam district?,Turkish,K%C4%B1z%C4%B1lcahamam,191
Pueblo Lavalleja,P37,What is the official language of Pueblo Lavalleja?,Spanish,Pueblo_Lavalleja,10
Keçiören district,P37,What is the official language of Keçiören district?,Turkish,Ke%C3%A7i%C3%B6ren,522
Tulsky,P37,What is the official language of Tulsky?,Adyghe,"Tulsky,_Republic_of_Adygea",40
Bütschwil-Ganterschwil,P37,What is the official language of Bütschwil-Ganterschwil?,Swiss High German,B%C3%BCtschwil-Ganterschwil,21
Bousbecque,P37,What is the official language of Bousbecque?,French,Bousbecque,65
Kandıra district,P37,What is the official language of Kandıra district?,Turkish,Kand%C4%B1ra,208
Oğuzeli district,P37,What is the official language of Oğuzeli district?,Turkish,O%C4%9Fuzeli,138
Dombay,P37,What is the official language of Dombay?,Abaza,"Dombay,_Karachay-Cherkess_Republic",561
Demirköy district,P37,What is the official language of Demirköy district?,Turkish,"Demirk%C3%B6y,_K%C4%B1rklareli",172
Kocaköy district,P37,What is the official language of Kocaköy district?,Turkish,Kocak%C3%B6y,54
Tekman,P37,What is the official language of Tekman?,Turkish,Tekman,76
Kemah,P37,What is the official language of Kemah?,Turkish,"Kemah,_Erzincan",510
Maden,P37,What is the official language of Maden?,Turkish,"Maden,_Elaz%C4%B1%C4%9F",149
Eğil district,P37,What is the official language of Eğil district?,Turkish,E%C4%9Fil,350
San Juan de Manapiare,P37,What is the official language of San Juan de Manapiare?,Spanish,San_Juan_de_Manapiare,45
Vahan,P37,What is the official language of Vahan?,Armenian,"Vahan,_Armenia",78
Getik,P37,What is the official language of Getik?,Armenian,"Getik,_Gegharkunik",37
Martuni,P37,What is the official language of Martuni?,Armenian,Martuni_(village),41
Aghberk,P37,What is the official language of Aghberk?,Armenian,Aghberk,21
Ttujur,P37,What is the official language of Ttujur?,Armenian,"Ttujur,_Gegharkunik",32
Drakhtik,P37,What is the official language of Drakhtik?,Armenian,Drakhtik,61
Shoghakat,P37,What is the official language of Shoghakat?,Armenian,"Shoghakat,_Armenia",59
Dprabak,P37,What is the official language of Dprabak?,Armenian,Dprabak,43
Dzoravank,P37,What is the official language of Dzoravank?,Armenian,Dzoravank,28
Aygut,P37,What is the official language of Aygut?,Armenian,Aygut,33
Jil,P37,What is the official language of Jil?,Armenian,"Jil,_Armenia",56
Kalavan,P37,What is the official language of Kalavan?,Armenian,Kalavan,114
Virbalis,P37,What is the official language of Virbalis?,Lithuanian,Virbalis,167
Medvedevo,P37,What is the official language of Medvedevo?,Mari,"Medvedevo,_Mari_El_Republic",30
Budapest Open Access Initiative,P50,Who is the author of Budapest Open Access Initiative?,István Rév,Budapest_Open_Access_Initiative,551
Marker,P50,Who is the author of Marker?,Robin Cook,Marker_(novel),97
Buddy Longway,P50,Who is the author of Buddy Longway?,Derib,Buddy_Longway,172
Democracy in Chains,P50,Who is the author of Democracy in Chains?,Nancy MacLean,Democracy_in_Chains,602
Sisters in Law,P50,Who is the author of Sisters in Law?,Linda Hirshman,Sisters_in_Law_(book),107
"Promise Me, Dad",P50,"Who is the author of Promise Me, Dad?",Joe Biden,"Promise_Me,_Dad",775
Analytical Dynamics of Particles and Rigid Bodies,P50,Who is the author of Analytical Dynamics of Particles and Rigid Bodies?,E. T. Whittaker,Analytical_Dynamics_of_Particles_and_Rigid_Bodies,197
The Iraq Study Group Report,P50,Who is the author of The Iraq Study Group Report?,Alan Simpson,Iraq_Study_Group_Report,153
The Call Within,P50,Who is the author of The Call Within?,Tigran Hamasyan,The_Call_Within,348
The Family of Pascual Duarte,P50,Who is the author of The Family of Pascual Duarte?,Camilo José Cela,The_Family_of_Pascual_Duarte,598
Welcome to the inaugural edition of The Wikipedia Signpost,P50,Who is the author of Welcome to the inaugural edition of The Wikipedia Signpost?,Michael Snow,Wikipedia:Wikipedia_Signpost/2005-01-10,16
Memoir of a Roadie,P50,Who is the author of Memoir of a Roadie?,Joel A. Miller,Memoir_of_a_Roadie,42
Poor Man's Orange,P50,Who is the author of Poor Man's Orange?,Ruth Park,Poor_Man%27s_Orange,254
The Strange Case of the Alchemist's Daughter,P50,Who is the author of The Strange Case of the Alchemist's Daughter?,Theodora Goss,The_Strange_Case_of_the_Alchemist%27s_Daughter,854
The Death of Jesus,P50,Who is the author of The Death of Jesus?,J. M. Coetzee,The_Death_of_Jesus,144
Knossos: Searching for the Legendary Palace of King Minos,P50,Who is the author of Knossos: Searching for the Legendary Palace of King Minos?,Alexandre Farnoux,Cnossos_:_L%27arch%C3%A9ologie_d%27un_r%C3%AAve,1
Mummies: A Voyage Through Eternity,P50,Who is the author of Mummies: A Voyage Through Eternity?,Françoise Dunand,Mummies:_A_Voyage_Through_Eternity,17
The Crusaders: Warriors of God,P50,Who is the author of The Crusaders: Warriors of God?,Georges Tate,L%27Orient_des_Croisades,2
The Pre-Raphaelites: Romance and Realism,P50,Who is the author of The Pre-Raphaelites: Romance and Realism?,Laurence des Cars,Les_Pr%C3%A9rapha%C3%A9lites_:_Un_modernisme_%C3%A0_l%27anglaise,2
Vers Tombouctou : L'Afrique des explorateurs II,P50,Who is the author of Vers Tombouctou : L'Afrique des explorateurs II?,Anne Hugon,Vers_Tombouctou_:_L%27Afrique_des_explorateurs_II,0
Jack,P50,Who is the author of Jack?,Marilynne Robinson,Jack_(Robinson_novel),619
The Future of Another Timeline,P50,Who is the author of The Future of Another Timeline?,Annalee Newitz,The_Future_of_Another_Timeline,561
"Twilight of the Gods: War in the Western Pacific, 1944-1945",P50,"Who is the author of Twilight of the Gods: War in the Western Pacific, 1944-1945?",Ian W. Toll,"Twilight_of_the_Gods:_War_in_the_Western_Pacific,_1944%E2%80%931945",256
Shadows of the Empire,P50,Who is the author of Shadows of the Empire?,John Wagner,Shadows_of_the_Empire_(comic),0
Luna,P50,Who is the author of Luna?,Julie Anne Peters,Luna_(Peters_novel),464
Rakka Ryūsui,P50,Who is the author of Rakka Ryūsui?,Ikki Sanada,Rakka_Ry%C5%ABsui,66
A Tramp Abroad,P50,Who is the author of A Tramp Abroad?,Mark Twain,A_Tramp_Abroad,981
Superior,P50,Who is the author of Superior?,Ichtys,Superior_(manga),241
Det här är en svensk tiger,P50,Who is the author of Det här är en svensk tiger?,Aron Flam,Det_h%C3%A4r_%C3%A4r_en_svensk_tiger,184
Naisho no Tsubomi,P50,Who is the author of Naisho no Tsubomi?,Yuu Yabuuchi,Naisho_no_Tsubomi,200
LA Who Am I to Love You,P50,Who is the author of LA Who Am I to Love You?,Lana Del Rey,LA_Who_Am_I_to_Love_You,628
L'Afrique des explorateurs,P50,Who is the author of L'Afrique des explorateurs?,Anne Hugon,L%27Afrique_des_explorateurs,3
Mother Earth,P50,Who is the author of Mother Earth?,Isaac Asimov,Mother_Earth_(novella),485
Jal Jal Mare Patang,P50,Who is the author of Jal Jal Mare Patang?,Mihir Bhuta,Jal_Jal_Mare_Patang,13
Karl Marx in Kalbadevi,P50,Who is the author of Karl Marx in Kalbadevi?,Uttam Gada,Karl_Marx_in_Kalbadevi,72
Fiskadoro,P50,Who is the author of Fiskadoro?,Denis Johnson,Fiskadoro,308
Breaking & Entering,P50,Who is the author of Breaking & Entering?,Joy Williams,Breaking_and_Entering_(Williams_novel),211
Where I'm Calling From,P50,Who is the author of Where I'm Calling From?,Raymond Carver,Where_I%27m_Calling_From:_New_and_Selected_Stories,725
Incidents in the Rue Laugier,P50,Who is the author of Incidents in the Rue Laugier?,Anita Brookner,Incidents_in_the_Rue_Laugier,78
"Exposure: Poisoned Water, Corporate Greed, and One Lawyer's Twenty-Year Battle Against DuPont",P50,"Who is the author of Exposure: Poisoned Water, Corporate Greed, and One Lawyer's Twenty-Year Battle Against DuPont?",Robert Bilott,Exposure_(Bilott_book),609
Atlas Alone,P50,Who is the author of Atlas Alone?,Emma Newman,Atlas_Alone,113
The Mime Order,P50,Who is the author of The Mime Order?,Samantha Shannon,The_Mime_Order,500
Night. Sleep. Death. the Stars.,P50,Who is the author of Night. Sleep. Death. the Stars.?,Joyce Carol Oates,Night._Sleep._Death._The_Stars.,371
The Song Rising,P50,Who is the author of The Song Rising?,Samantha Shannon,The_Song_Rising,350
Security in the Persian Gulf Region,P50,Who is the author of Security in the Persian Gulf Region?,Fatemeh Shayan,Security_in_the_Persian_Gulf_Region,11
Infamous Scribblers,P50,Who is the author of Infamous Scribblers?,Eric Burns,Infamous_Scribblers,19
Idol Defense Force Hummingbird,P50,Who is the author of Idol Defense Force Hummingbird?,Hitoshi Yoshioka,Idol_Defense_Force_Hummingbird,382
What Happened to Jones,P50,Who is the author of What Happened to Jones?,George Broadhurst,What_Happened_to_Jones_(play),18
The Whispering Swarm,P50,Who is the author of The Whispering Swarm?,Michael Moorcock,The_Whispering_Swarm,203
Gauntlgrym,P50,Who is the author of Gauntlgrym?,R. A. Salvatore,Gauntlgrym,755
"Where are you, Dear General?",P50,"Who is the author of Where are you, Dear General??",Kim Jong-il,"Where_Are_You,_Dear_General%3F",898
La fiesta del no,P50,Who is the author of La fiesta del no?,Florcita Motuda,La_fiesta_del_no,0
Men We Reaped,P50,Who is the author of Men We Reaped?,Jesmyn Ward,Men_We_Reaped,557
Master Phoolmani,P50,Who is the author of Master Phoolmani?,Chandrakant Shah,Master_Phoolmani,19
Mophead: How Your Difference Makes a Difference,P50,Who is the author of Mophead: How Your Difference Makes a Difference?,Selina Tusitala Marsh,Mophead,44
Memorial,P50,Who is the author of Memorial?,Bryan Washington,Memorial_(novel),738
"Will you shut up, man?",P50,"Who is the author of Will you shut up, man??",Joe Biden,"Will_you_shut_up,_man%3F",2
Otaku no Musume-san,P50,Who is the author of Otaku no Musume-san?,Stu-Hiro,Otaku_no_Musume-san,134
Hu Chandrakant Bakshi,P50,Who is the author of Hu Chandrakant Bakshi?,Shishir Ramavat,Hu_Chandrakant_Bakshi,126
Apurva Avsar,P50,Who is the author of Apurva Avsar?,Manoj Shah,Apurva_Avsar,113
Introduction to Solid State Physics,P50,Who is the author of Introduction to Solid State Physics?,Charles Kittel,Introduction_to_Solid_State_Physics,793
The Constant Couple,P50,Who is the author of The Constant Couple?,George Farquhar,The_Constant_Couple,134
Sir Harry Wildair,P50,Who is the author of Sir Harry Wildair?,George Farquhar,Sir_Harry_Wildair,29
The Twin Rivals,P50,Who is the author of The Twin Rivals?,George Farquhar,The_Twin_Rivals,25
Warleggan,P50,Who is the author of Warleggan?,Winston Graham,Warleggan_(novel),480
The Black Moon,P50,Who is the author of The Black Moon?,Winston Graham,The_Black_Moon,452
Wraith: The Oblivion – The Orpheus Device,P50,Who is the author of Wraith: The Oblivion – The Orpheus Device?,Dave Grossman,Wraith:_The_Oblivion_%E2%80%93_The_Orpheus_Device,210
An Islamic Utopian: A Political Biography of Ali Shariati,P50,Who is the author of An Islamic Utopian: A Political Biography of Ali Shariati?,Ali Rahnema,An_Islamic_Utopian,31
Behind the 1953 Coup in Iran,P50,Who is the author of Behind the 1953 Coup in Iran?,Ali Rahnema,Behind_the_1953_Coup_in_Iran,25
Superstition as Ideology in Iranian Politics,P50,Who is the author of Superstition as Ideology in Iranian Politics?,Ali Rahnema,Superstition_as_Ideology_in_Iranian_Politics,14
Lady of the Palace,P50,Who is the author of Lady of the Palace?,Al-Munakhal,Fatat_al-Khedr,14
Administration and Finance of the East India Company,P50,Who is the author of Administration and Finance of the East India Company?,B. R. Ambedkar,Administration_and_Finance_of_the_East_India_Company,2
Citation,P50,Who is the author of Citation?,Tunde Babalola,Citation_(film),888
Shi'i Reformation in Iran: The Life and Theology of Shari'at Sangelaji,P50,Who is the author of Shi'i Reformation in Iran: The Life and Theology of Shari'at Sangelaji?,Ali Rahnema,Shi%27i_Reformation_in_Iran:_The_Life_and_Theology_of_Shari%27at_Sangelaji,14
Saints and Villains,P50,Who is the author of Saints and Villains?,Denise Giardina,Saints_and_Villains,56
Bestiarius,P50,Who is the author of Bestiarius?,Masasumi Kakizaki,Bestiarius_(manga),569
UFO Ultramaiden Valkyrie,P50,Who is the author of UFO Ultramaiden Valkyrie?,Kaishaku,UFO_Ultramaiden_Valkyrie,984
Telepathy Shōjo Ran Jiken Note,P50,Who is the author of Telepathy Shōjo Ran Jiken Note?,Atsuko Asano,Telepathy_Sh%C5%8Djo_Ran_Jiken_Note,155
Leucothoe,P50,Who is the author of Leucothoe?,Giovanni Pascoli,Leucothoe_(poem),4
The Good Witch of the West,P50,Who is the author of The Good Witch of the West?,Noriko Ogiwara,The_Good_Witch_of_the_West,366
Miami Guns,P50,Who is the author of Miami Guns?,Takeaki Momose,Miami_Guns,377
Angkor: Heart of an Asian Empire,P50,Who is the author of Angkor: Heart of an Asian Empire?,Bruno Dagens,Angkor:_Heart_of_an_Asian_Empire,26
La vita comincia ogni mattina,P50,Who is the author of La vita comincia ogni mattina?,Enrico Vaime,La_vita_comincia_ogni_mattina,17
Women's Barracks,P50,Who is the author of Women's Barracks?,Tereska Torrès,Women%27s_Barracks,288
Ask Dr. Rin!,P50,Who is the author of Ask Dr. Rin!?,Kiyoko Arai,Ask_Dr._Rin!,456
Sleeping on Jupiter,P50,Who is the author of Sleeping on Jupiter?,Anuradha Roy,Sleeping_on_Jupiter,366
Light Novel no Tanoshii Kakikata,P50,Who is the author of Light Novel no Tanoshii Kakikata?,Toru Honda,Light_Novel_no_Tanoshii_Kakikata,26
La Grande Encyclopédie,P50,Who is the author of La Grande Encyclopédie?,Camille Dreyfus,La_Grande_Encyclop%C3%A9die,78
Leonardo da Vinci: The Mind of the Renaissance,P50,Who is the author of Leonardo da Vinci: The Mind of the Renaissance?,Alessandro Vezzosi,Leonardo_da_Vinci:_The_Mind_of_the_Renaissance,51
The Angel of the Crows,P50,Who is the author of The Angel of the Crows?,Sarah Monette,The_Angel_of_the_Crows,304
The Ice People,P50,Who is the author of The Ice People?,René Barjavel,The_Ice_People_(Barjavel_novel),780
Numbers: The Universal Language,P50,Who is the author of Numbers: The Universal Language?,Denis Guedj,Numbers:_The_Universal_Language,102
Darwin and the Science of Evolution,P50,Who is the author of Darwin and the Science of Evolution?,Patrick Tort,Darwin_and_the_Science_of_Evolution,25
A Court of Silver Flames,P50,Who is the author of A Court of Silver Flames?,Sarah J. Maas,A_Court_of_Silver_Flames,79
La maison de Penarvan,P50,Who is the author of La maison de Penarvan?,Jules Sandeau,La_Maison_de_P%C3%A9narvan,7
Prime Suspects: The Anatomy of Integers and Permutations,P50,Who is the author of Prime Suspects: The Anatomy of Integers and Permutations?,Andrew Granville,Prime_Suspects:_The_Anatomy_of_Integers_and_Permutations,64
Females: A Concern,P50,Who is the author of Females: A Concern?,Andrea Long Chu,Females_(Chu_book),978
Superheroes Are Everywhere,P50,Who is the author of Superheroes Are Everywhere?,Kamala Harris,Superheroes_Are_Everywhere,208
The Grief Keeper,P50,Who is the author of The Grief Keeper?,Alexandra Villasante,The_Grief_Keeper,61
Chances Are...,P50,Who is the author of Chances Are...?,Richard Russo,Chances_Are...,454
Hazel's Theory of Evolution,P50,Who is the author of Hazel's Theory of Evolution?,Lisa Jenn Bigelow,Hazel%27s_Theory_of_Evolution,49
You're Dead,P57,Who directed You're Dead?,Andy Hurst,You%27re_Dead_(film),124
Tinko,P57,Who directed Tinko?,Herbert Ballmann,Tinko,26
This Modern Age,P57,Who directed This Modern Age?,Nick Grinde,This_Modern_Age,206
The Buddenbrooks,P57,Who directed The Buddenbrooks?,Alfred Weidenmann,The_Buddenbrooks_(1959_film),276
The Rat Savior,P57,Who directed The Rat Savior?,Krsto Papić,The_Rat_Savior,215
Huracán Ramírez y la monjita negra,P57,Who directed Huracán Ramírez y la monjita negra?,Joselito Rodríguez,Hurac%C3%A1n_Ram%C3%ADrez_y_la_monjita_negra,13
La venganza de Huracán Ramírez,P57,Who directed La venganza de Huracán Ramírez?,Joselito Rodríguez,La_venganza_de_Hurac%C3%A1n_Ram%C3%ADrez,21
De sangre chicana,P57,Who directed De sangre chicana?,Joselito Rodríguez,De_sangre_chicana,29
Humbug's Gulch,P57,Who directed Humbug's Gulch?,Colman Domingo,Humbug%27s_Gulch,383
Bargain with Bullets,P57,Who directed Bargain with Bullets?,Harry L. Fraser,Bargain_with_Bullets,35
Dark Manhattan,P57,Who directed Dark Manhattan?,Harry L. Fraser,Dark_Manhattan,69
"Wandering, A Rohingya Story",P57,"Who directed Wandering, A Rohingya Story?",Mélanie Carrier,Wandering:_A_Rohingya_Story,56
The Free Ones,P57,Who directed The Free Ones?,Nicolas Lévesque,The_Free_Ones,30
Romance On The Menu,P57,Who directed Romance On The Menu?,Rosie Lourde,Romance_on_the_Menu,351
Coming from Insanity,P57,Who directed Coming from Insanity?,Akinyemi Sebastian Akinropo,Coming_from_Insanity,448
Kasala,P57,Who directed Kasala?,Emamode Edosio,Kasala_(film),109
Ratnik,P57,Who directed Ratnik?,Dimeji Ajibola,Ratnik_(film),271
Skidmark,P57,Who directed Skidmark?,Tara Nicole Weyr,Skidmark_(Fear_the_Walking_Dead),352
The 7 Beer Itch,P57,Who directed The 7 Beer Itch?,Michael Polcino,The_7_Beer_Itch,725
Idahosa Trails,P57,Who directed Idahosa Trails?,Stanlee Ohikhuare,Idahosa_Trails,56
The Binding,P57,Who directed The Binding?,Domenico de Feudis,The_Binding_(2020_film),601
"Pay Up, Madam!",P57,"Who directed Pay Up, Madam!?",Ákos Ráthonyi,"Pay_Up,_Madam!",28
Chronicle of an Escape,P57,Who directed Chronicle of an Escape?,Adrián Caetano,Chronicle_of_an_Escape,211
Buffalo Bill in Rome,P57,Who directed Buffalo Bill in Rome?,Giuseppe Accattino,Buffalo_Bill_in_Rome,18
What We Wanted,P57,Who directed What We Wanted?,Ulrike Kofler,What_We_Wanted,635
The End of Everything,P57,Who directed The End of Everything?,Michael E. Satrazemis,The_End_of_Everything_(Fear_the_Walking_Dead),378
The Comeback,P57,Who directed The Comeback?,Alain DesRochers,The_Comeback_(2010_film),25
The Little Prince,P57,Who directed The Little Prince?,Sharat Raju,The_Little_Prince_(Fear_the_Walking_Dead),301
What Remains of Us,P57,Who directed What Remains of Us?,François Prévost,What_Remains_of_Us,98
It Wasn't Meant to Happen,P57,Who directed It Wasn't Meant to Happen?,Larry Shaw,It_Wasn%27t_Meant_to_Happen,5
Museo del horror,P57,Who directed Museo del horror?,Rafael Baledón,Museo_del_horror,43
Payday,P57,Who directed Payday?,Cheta Chukwu,Payday_(2018_film),167
Lost in London,P57,Who directed Lost in London?,Sunkanmi Adebayo,Lost_in_London_(2017_Nigerian_film),39
Alelí,P57,Who directed Alelí?,Leticia Jorge,Alel%C3%AD,52
Deadly Illusions,P57,Who directed Deadly Illusions?,Oleg Asadulin,Deadly_Illusions_(2020_film),155
Ashiaa la toshtra,P57,Who directed Ashiaa la toshtra?,Ahmad Diyaeldin,Ashiaa_la_toshtra,14
Scrap of Bread,P57,Who directed Scrap of Bread?,Niazi Mostafa,A_Scrap_of_Bread,29
Allah maana,P57,Who directed Allah maana?,Ahmed Badrakhan,Allah_maana,48
Still Standing,P57,Who directed Still Standing?,Marta Cunningham,Still_Standing_(Fear_the_Walking_Dead),283
The Boss,P57,Who directed The Boss?,Hassan Reda,The_Boss_(1958_film),36
This Is Love,P57,Who directed This Is Love?,Salah Abu Seif,This_Is_Love_(1958_film),54
Final Set,P57,Who directed Final Set?,Quentin Reynaud,Final_Set,489
Psycho,P57,Who directed Psycho?,Fyodor Bondarchuk,Psycho_(TV_series),274
Why Get Married?,P57,Who directed Why Get Married??,Paul Cazeneuve,Why_Get_Married%3F,24
Los favoritos de Midas,P57,Who directed Los favoritos de Midas?,Mateo Gil,The_Minions_of_Midas,896
Cholo,P57,Who directed Cholo?,Bernardo Batievsky,Cholo_(film),38
Slalom,P57,Who directed Slalom?,Charlène Favier,Slalom_(2020_film),759
The Turning Point,P57,Who directed The Turning Point?,J. Miller Tobin,The_Turning_Point_(The_Vampire_Diaries),966
Is Anybody Out There?,P57,Who directed Is Anybody Out There??,Michael E. Satrazemis,Is_Anybody_Out_There%3F_(Fear_the_Walking_Dead),341
Salute!,P57,Who directed Salute!?,Philippe Talavera,Salute!_(film),252
The School for Sons-in-law,P57,Who directed The School for Sons-in-law?,Georges Méliès,The_School_for_Sons-in-law,17
Summoning the Spirits,P57,Who directed Summoning the Spirits?,Georges Méliès,Summoning_the_Spirits,46
BlackRose,P57,Who directed BlackRose?,Okechukwu Oku,Black_Rose_(2018_film),451
Física o Química: El reencuentro,P57,Who directed Física o Química: El reencuentro?,Juanma R. Pachon,F%C3%ADsica_o_Qu%C3%ADmica:_El_reencuentro,388
Going Steady,P57,Who directed Going Steady?,Boaz Davidson,Going_Steady_(1979_film),596
Private Popsicle,P57,Who directed Private Popsicle?,Boaz Davidson,Sapiches,14
Hot Bubblegum,P57,Who directed Hot Bubblegum?,Boaz Davidson,Shifshuf_Naim,255
Baby Love,P57,Who directed Baby Love?,Dan Wolman,Roman_Za%27ir,6
Up Your Anchor,P57,Who directed Up Your Anchor?,Dan Wolman,Harimu_Ogen,4
Young Love,P57,Who directed Young Love?,Walter Bannert,Ahava_Tzeira,3
Summertime Blues,P57,Who directed Summertime Blues?,Reinhard Schwabenitzky,Summertime_Blues_(1988_film),14
Linger,P57,Who directed Linger?,Johnnie To,Linger_(film),144
Channel 4,P57,Who directed Channel 4?,Dan Liu,Channel_4_(Fear_the_Walking_Dead),363
210 Words Per Minute,P57,Who directed 210 Words Per Minute?,Ron Underwood,210_Words_Per_Minute,301
Photography,P57,Who directed Photography?,Pál Zolnay,Photography_(film),52
Alma llanera,P57,Who directed Alma llanera?,Gilberto Martínez Solares,Alma_llanera_(film),35
You're Still Here,P57,Who directed You're Still Here?,K.C. Colwell,You%27re_Still_Here_(Fear_the_Walking_Dead),294
Ner Tamid,P57,Who directed Ner Tamid?,Michael E. Satrazemis,Ner_Tamid_(Fear_the_Walking_Dead),320
Alcan Highway,P57,Who directed Alcan Highway?,Aleksi Salmenperä,Alcan_Highway_(film),57
Contra,P57,Who directed Contra?,Sönke Wortmann,Contra_(film),507
Actor (miniseries),P57,Who directed Actor (miniseries)?,Peter Bebjak,Actor_(miniseries),130
Leave What You Don't,P57,Who directed Leave What You Don't?,Daisy von Scherler Mayer,Leave_What_You_Don%27t,316
Today and Tomorrow,P57,Who directed Today and Tomorrow?,Sydney Freeland,Today_and_Tomorrow_(Fear_the_Walking_Dead),504
Channel 5,P57,Who directed Channel 5?,David Barrett,Channel_5_(Fear_the_Walking_Dead),425
The End is the Beginning,P57,Who directed The End is the Beginning?,Michael E. Satrazemis,The_End_Is_the_Beginning,819
Lea and Mira,P57,Who directed Lea and Mira?,Poli Martinez Kaplun,Lea_and_Mira,15
Raised by Wolves,P57,Who directed Raised by Wolves?,Ridley Scott,Raised_by_Wolves_(Raised_by_Wolves_episode),565
Pentagram,P57,Who directed Pentagram?,Ridley Scott,Pentagram_(Raised_by_Wolves),200
Virtual Faith,P57,Who directed Virtual Faith?,Luke Scott,Virtual_Faith,83
"Que sera, sera",P57,"Who directed Que sera, sera?",Murilo Salles,"Que_sera,_sera_(film)",36
Fatal Move,P57,Who directed Fatal Move?,Dennis Law,Fatal_Move,666
Vliegende Hollanders,P57,Who directed Vliegende Hollanders?,Joram Lürsen,Turbulent_Skies,102
The Road to Cincinnati,P57,Who directed The Road to Cincinnati?,Matthew Nastuk,The_Road_to_Cincinnati,451
Eia's Christmas at Phantom Owl Farm,P57,Who directed Eia's Christmas at Phantom Owl Farm?,Anu Aun,Eia%27s_Christmas_at_Phantom_Owl_Farm,63
Fresh Blood,P57,Who directed Fresh Blood?,Kim Manners,Fresh_Blood_(Supernatural),494
On the Mountain of Tai Hang,P57,Who directed On the Mountain of Tai Hang?,Chen Jian,On_the_Mountain_of_Tai_Hang,329
Amor a la medida,P57,Who directed Amor a la medida?,Raúl Araiza,Amor_a_la_medida,34
Dead in the Water,P57,Who directed Dead in the Water?,Kim Manners,Dead_in_the_Water_(Supernatural),5
Funny Things Happen Down Under,P57,Who directed Funny Things Happen Down Under?,Joe McCormick,Funny_Things_Happen_Down_Under,360
Forever Enthralled,P57,Who directed Forever Enthralled?,Chen Kaige,Forever_Enthralled,626
The Bloody Vampire,P57,Who directed The Bloody Vampire?,Miguel Morayta,The_Bloody_Vampire,132
Number 1,P57,Who directed Number 1?,Kuo-Sin Ong,Number_1_(2020_film),660
Into the Woods,P57,Who directed Into the Woods?,David Grossman,Into_the_Woods_(Desperate_Housewives),9
Bumpety Boo,P57,Who directed Bumpety Boo?,Eiji Okabe,Bumpety_Boo,655
Deeper!,P57,Who directed Deeper!?,Mikhail Segal,Deeper!,289
1986: The Act,P57,Who directed 1986: The Act?,Andrew Wakefield,1986:_The_Act,7
Tajouj,P57,Who directed Tajouj?,Gadalla Gubara,Tajouje,60
Dry Wind,P57,Who directed Dry Wind?,Daniel Nolasco,Dry_Wind,314
Home,P57,Who directed Home?,Mary Haverstick,Home_(2008_American_film),92
Majuba: Heuwel van Duiwe,P57,Who directed Majuba: Heuwel van Duiwe?,David Millin,Majuba:_Heuwel_van_Duiwe,116
Echo,P57,Who directed Echo?,Rúnar Rúnarsson,Echo_(2019_film),137
Gates of Paris,P57,Who directed Gates of Paris?,René Clair,Gates_of_Paris_(film),165
The Big Hit,P57,Who directed The Big Hit?,Emmanuel Courcol,The_Big_Hit_(2020_film),378
Hand Rolled Cigarette,P57,Who directed Hand Rolled Cigarette?,Kelvin Chan Kinlong,Hand_Rolled_Cigarette,765
The Last Fishing Boat,P57,Who directed The Last Fishing Boat?,Shemu Joyah,The_Last_Fishing_Boat,94
Mozart!,P86,Who composed the music for Mozart!?,Sylvester Levay,Mozart!,807
Virgo prudentissima,P86,Who composed the music for Virgo prudentissima?,Heinrich Isaac,Virgo_Prudentissima_(Heinrich_Isaac),101
Find My Baby,P86,Who composed the music for Find My Baby?,Moby,Find_My_Baby,441
Finer Feelings,P86,Who composed the music for Finer Feelings?,Mike Stock,Finer_Feelings,651
Budokan: The Martial Spirit,P86,Who composed the music for Budokan: The Martial Spirit?,Rob Hubbard,Budokan:_The_Martial_Spirit,524
Flower,P86,Who composed the music for Flower?,Kylie Minogue,Flower_(Kylie_Minogue_song),557
The Trial of the Chicago 7 – Music from the Netflix Film,P86,Who composed the music for The Trial of the Chicago 7 – Music from the Netflix Film?,Daniel Pemberton,The_Trial_of_the_Chicago_7_(soundtrack),98
The Scorpion,P86,Who composed the music for The Scorpion?,عبد الله سلطان,The_Scorpion_(film),27
High School Fleet: The Movie,P86,Who composed the music for High School Fleet: The Movie?,Shigeo Komori,High_School_Fleet:_The_Movie,607
For the Lonely,P86,Who composed the music for For the Lonely?,Jade Villalon,For_the_Lonely,19
Code Lyoko: Fall of X.A.N.A.,P86,Who composed the music for Code Lyoko: Fall of X.A.N.A.?,Raphaël Gesqua,Code_Lyoko:_Fall_of_X.A.N.A.,313
Commander in Chief,P86,Who composed the music for Commander in Chief?,Demi Lovato,Commander_in_Chief_(song),621
Star Wars: Shadows of the Empire,P86,Who composed the music for Star Wars: Shadows of the Empire?,Joel McNeely,Star_Wars:_Shadows_of_the_Empire_(soundtrack),0
Fångad av en stormvind,P86,Who composed the music for Fångad av en stormvind?,Stephan Berg,F%C3%A5ngad_av_en_stormvind,778
Shinkai Densetsu Meremanoid,P86,Who composed the music for Shinkai Densetsu Meremanoid?,Tatsuya Murayama,Shinkai_Densetsu_Meremanoid,252
Nelly Rapp – Monsteragent,P86,Who composed the music for Nelly Rapp – Monsteragent?,Uno Helmerson,Nelly_Rapp_%E2%80%93_Monster_Agent,244
The Sea Has Risen,P86,Who composed the music for The Sea Has Risen?,Ferenc Szabó,The_Sea_Has_Risen,56
The Evil Next Door,P86,Who composed the music for The Evil Next Door?,Jonas Wikstrand,The_Evil_Next_Door,586
The Invasion of the Vampires,P86,Who composed the music for The Invasion of the Vampires?,Luis Hernández Bretón,The_Invasion_of_the_Vampires,102
Toofan,P86,Who composed the music for Toofan?,Kemal Ahmed,Toofan_(1976_film),53
Mamá o papá,P86,Who composed the music for Mamá o papá?,Zacarías M. de la Riva,You_Keep_the_Kids!,782
Beyto,P86,Who composed the music for Beyto?,Ben Jeger,Beyto,105
Gagarine,P86,Who composed the music for Gagarine?,Amine Bouhafa,Gagarine,685
Isaac,P86,Who composed the music for Isaac?,Agnė Matulevičiūtė,Isaac_(film),241
If I Am President,P86,Who composed the music for If I Am President?,Kulanen Ikyo,If_I_Am_President,132
Ventdelplà,P86,Who composed the music for Ventdelplà?,Antoni-Olaf Sabater,Ventdelpl%C3%A0,518
Adventures of a Mathematician,P86,Who composed the music for Adventures of a Mathematician?,Antoni Łazarkiewicz,Adventures_of_a_Mathematician,14
Make No Sense,P86,Who composed the music for Make No Sense?,Buddah Bless,Make_No_Sense,601
Shadows,P86,Who composed the music for Shadows?,Michele Braga,Shadows_(2020_film),785
Tereza37,P86,Who composed the music for Tereza37?,Darko Marković,Tereza37,151
More Than Family,P86,Who composed the music for More Than Family?,Inyoung Park,More_Than_Family,777
Happy,P86,Who composed the music for Happy?,Danny Elfman,Happy_(Danny_Elfman_song),218
Vent'anni,P86,Who composed the music for Vent'anni?,Damiano David,Vent%27anni_(M%C3%A5neskin_song),662
Nikos Rovas,P106,What is the occupation of Nikos Rovas?,tennis player,Nikos_Rovas,24
Lee Edward Travis,P106,What is the occupation of Lee Edward Travis?,speech and language therapist,Lee_Edward_Travis,24
Devin G. Walker,P106,What is the occupation of Devin G. Walker?,physicist,Devin_G._Walker,63
Blasteroids,P123,Who published Blasteroids?,Image Works,Blasteroids,378
Vietnam Journal,P123,Who published Vietnam Journal?,Apple Comics,Vietnam_Journal,96
The Politics of Evangelical Identity,P123,Who published The Politics of Evangelical Identity?,Princeton University Press,The_Politics_of_Evangelical_Identity,9
The Tale of Despereaux,P123,Who published The Tale of Despereaux?,Atari SA,The_Tale_of_Despereaux_(video_game),720
Cyberpunk 2077: Trauma Team,P123,Who published Cyberpunk 2077: Trauma Team?,Dark Horse Comics,Cyberpunk_2077:_Trauma_Team,976
Space Crew,P123,Who published Space Crew?,Curve Games,Space_Crew,320
Welcome to Pia Carrot,P123,Who published Welcome to Pia Carrot?,Interchannel,Welcome_to_Pia_Carrot!!,883
Super Robot Wars J,P123,Who published Super Robot Wars J?,Banpresto,Super_Robot_Wars_J,451
Chemical & Engineering News,P123,Who published Chemical & Engineering News?,American Chemical Society,Chemical_%26_Engineering_News,482
Code Lyoko,P123,Who published Code Lyoko?,The Game Factory,Code_Lyoko_(video_game),519
Zig Zag,P123,Who published Zig Zag?,Mirrorsoft,Zig_Zag_(1987_video_game),136
The Benza RPG,P123,Who published The Benza RPG?,Tokyo Cowboys,The_Benza_RPG,90
Spider-Man Remastered,P123,Who published Spider-Man Remastered?,PlayStation PC LLC,Spider-Man:_Remastered,14
Bundesanzeiger,P123,Who published Bundesanzeiger?,Bundesanzeiger Verlag,Bundesanzeiger,281
DwarfHeim,P123,Who published DwarfHeim?,Merge Games,DwarfHeim,132
Földtani Közlöny,P123,Who published Földtani Közlöny?,Hungarian Geological Society,F%C3%B6ldtani_K%C3%B6zl%C3%B6ny,9
End of Term Web Archive,P123,Who published End of Term Web Archive?,California Digital Library,End_of_Term_Web_Archive,155
The Sims 4: Snowy Escape,P123,Who published The Sims 4: Snowy Escape?,Electronic Arts,The_Sims_4:_Snowy_Escape,127
Pac-Man: Mega Tunnel Battle,P123,Who published Pac-Man: Mega Tunnel Battle?,Bandai Namco Entertainment,Pac-Man_Mega_Tunnel_Battle,335
Millennium Winter Sports,P123,Who published Millennium Winter Sports?,Konami Digital Entertainment,Millennium_Winter_Sports,60
Bungakukai,P123,Who published Bungakukai?,Bungeishunjū,Bungakukai,295
Bungei,P123,Who published Bungei?,Kawade Shobō Shinsha,Bungei_(magazine),70
Twitch Sings,P123,Who published Twitch Sings?,Harmonix Music Systems,Twitch_Sings,601
Part Time UFO,P123,Who published Part Time UFO?,HAL Laboratory,Part_Time_UFO,698
Ghost Lion,P123,Who published Ghost Lion?,Kemco,Ghost_Lion,514
Ghoul School,P123,Who published Ghoul School?,Electro Brain,Ghoul_School,499
Hadrumetum Punic inscriptions,P123,Who published Hadrumetum Punic inscriptions?,Julius Euting,Hadrumetum_Punic_inscriptions,62
Bourgade inscriptions,P123,Who published Bourgade inscriptions?,François Bourgade,Bourgade_inscriptions,18
Maktar and Mididi inscriptions,P123,Who published Maktar and Mididi inscriptions?,Paul Gauckler,Maktar_and_Mididi_inscriptions,36
Carthaginian tombstones,P123,Who published Carthaginian tombstones?,Christian Tuxen Falbe,Carthaginian_tombstones,73
Giochi per il mio computer,P123,Who published Giochi per il mio computer?,Sprea Editori,Giochi_per_il_mio_computer,28
The Sneaker,P123,Who published The Sneaker?,Kadokawa Shoten,The_Sneaker,181
Los Angeles Tribune,P123,Who published Los Angeles Tribune?,Henry Harrison Boyce,Los_Angeles_Tribune_(1886%E2%80%931890),34
Princeton Science Library,P123,Who published Princeton Science Library?,Princeton University Press,Princeton_Science_Library,30
2000:1: A Space Felony,P123,Who published 2000:1: A Space Felony?,National Insecurities,2000:1:_A_Space_Felony,104
Golf Grand Slam,P123,Who published Golf Grand Slam?,Hect,Golf_Grand_Slam_(video_game),68
Ecology,P123,Who published Ecology?,Ecological Society of America,Ecology_(journal),164
Bundyville,P123,Who published Bundyville?,Longreads,Bundyville,163
Zettai Fukuju Meirei,P123,Who published Zettai Fukuju Meirei?,JAST USA,Absolute_Obedience,789
Savage 2: A Tortured Soul,P123,Who published Savage 2: A Tortured Soul?,S2 Games,Savage_2:_A_Tortured_Soul,670
Le Grand Continent,P123,Who published Le Grand Continent?,Groupe d'études géopolitiques,Le_Grand_Continent,205
Naruto Shippuden: Ultimate Ninja Blazing,P123,Who published Naruto Shippuden: Ultimate Ninja Blazing?,Bandai Namco Entertainment,Naruto_Shippuden:_Ultimate_Ninja_Blazing,804
"Blast Works: Build, Trade, Destroy",P123,"Who published Blast Works: Build, Trade, Destroy?",Majesco Entertainment,"Blast_Works:_Build,_Trade,_Destroy",239
Bushido,P123,Who published Bushido?,Fantasy Games Unlimited,Bushido_(role-playing_game),369
Flight Commander 2,P123,Who published Flight Commander 2?,Avalon Hill,Flight_Commander_2,94
Number Munchers,P123,Who published Number Munchers?,Minnesota Educational Computing Consortium,Number_Munchers,946
Buzz! Junior: Monster Rumble,P123,Who published Buzz! Junior: Monster Rumble?,Sony Interactive Entertainment,Buzz!_Junior:_Monster_Rumble,289
Buzz! Junior: Jungle Party,P123,Who published Buzz! Junior: Jungle Party?,Sony Interactive Entertainment,Buzz!_Junior:_Jungle_Party,958
Buzz Aldrin's Race Into Space,P123,Who published Buzz Aldrin's Race Into Space?,Interplay Entertainment,Buzz_Aldrin%27s_Race_Into_Space,564
B.Z.,P123,Who published B.Z.?,Axel Springer SE,B.Z._(newspaper),384
Berliner Kurier,P123,Who published Berliner Kurier?,Berliner Verlag,Berliner_Kurier,117
Prisoner 2,P123,Who published Prisoner 2?,Edu-Ware,Prisoner_2,281
Wikipedia @ 20: Stories of an Incomplete Revolution,P123,Who published Wikipedia @ 20: Stories of an Incomplete Revolution?,The MIT Press,Wikipedia_@_20,79
Museums and Digital Culture,P123,Who published Museums and Digital Culture?,Springer Science+Business Media,Museums_and_Digital_Culture,24
Magni Ducatus Lithuaniae,P123,Who published Magni Ducatus Lithuaniae?,Willem Blaeu,Radziwi%C5%82%C5%82_map,126
Akata Warrior,P123,Who published Akata Warrior?,Viking Press,Akata_Warrior,375
Arboria,P123,Who published Arboria?,All in! Games,Arboria,203
"Fugitives, Smugglers, and Thieves: Piracy and Personhood in American Literature",P123,"Who published Fugitives, Smugglers, and Thieves: Piracy and Personhood in American Literature?",University of North Carolina Press,"Fugitives,_Smugglers,_and_Thieves",79
After the Party: A Personal and Political Journey Inside the ANC,P123,Who published After the Party: A Personal and Political Journey Inside the ANC?,Jonathan Ball,After_the_Party_(book),37
Ideology and Organization in Communist China,P123,Who published Ideology and Organization in Communist China?,University of California Press,Ideology_and_Organization_in_Communist_China,42
The Plantagenets,P123,Who published The Plantagenets?,HarperCollins,The_Plantagenets:_The_Kings_Who_Made_England,822
Florence Adler Swims Forever,P123,Who published Florence Adler Swims Forever?,Simon & Schuster,Florence_Adler_Swims_Forever,171
Twilight of Democracy,P123,Who published Twilight of Democracy?,Doubleday,Twilight_of_Democracy,852
Infectious Diseases of Humans: Dynamics and Control,P123,Who published Infectious Diseases of Humans: Dynamics and Control?,Oxford University Press,Infectious_Diseases_of_Humans:_Dynamics_and_Control,49
China Statistical Yearbook,P123,Who published China Statistical Yearbook?,China Statistics Press,China_Statistical_Yearbook,95
Culture Warlords,P123,Who published Culture Warlords?,Hachette Books,Culture_Warlords,326
Sogo Hong Kong,P127,Who owns Sogo Hong Kong?,Lifestyle International Holdings,Sogo_Hong_Kong,715
WDR 5,P127,Who owns WDR 5?,Westdeutscher Rundfunk,WDR_5,106
Film+,P127,Who owns Film+?,RTL Group,Film%2B,211
Budvar Arena,P127,Who owns Budvar Arena?,České Budějovice,Budvar_Arena,99
Bugün,P127,Who owns Bugün?,Koza İpek Holding Company,Bug%C3%BCn,63
Bahrain Lawal,P127,Who owns Bahrain Lawal?,Bahrain Radio and Television Corporation,Bahrain_Lawal,10
The Herald-Palladium,P127,Who owns The Herald-Palladium?,Paxton Media Group,The_Herald-Palladium,117
Buildwas Abbey,P127,Who owns Buildwas Abbey?,English Heritage,Buildwas_Abbey,278
Portrait of the Dancer Anita Berber,P127,Who owns Portrait of the Dancer Anita Berber?,Sammlung Landesbank Baden-Württemberg,Portrait_of_the_Dancer_Anita_Berber,545
Pinoli's Restaurant,P127,Who owns Pinoli's Restaurant?,Carlo Pinoli,Pinoli%27s_Restaurant,78
Holborn Viaduct–Herne Hill line,P127,Who owns Holborn Viaduct–Herne Hill line?,Network Rail,Holborn_Viaduct%E2%80%93Herne_Hill_line,213
Bundesimmobiliengesellschaft,P127,Who owns Bundesimmobiliengesellschaft?,Österreichische Beteiligungs AG,Bundesimmobiliengesellschaft,132
BBC Radio 1 Dance,P127,Who owns BBC Radio 1 Dance?,British Broadcasting Corporation,BBC_Radio_1_Dance,750
Circus House,P127,Who owns Circus House?,Peter Sells,Circus_House,675
GREE,P127,Who owns GREE?,"GREE, Inc.",Gree_(social_network),173
AC Transit fleet,P127,Who owns AC Transit fleet?,AC Transit,AC_Transit_fleet,317
What Works Clearinghouse,P127,Who owns What Works Clearinghouse?,United States Department of Education,What_Works_Clearinghouse,138
metaratings.ru,P127,Who owns metaratings.ru?,Asker Thalidzhokov,Metaratings,22
Very Mobile,P127,Who owns Very Mobile?,Wind Tre,Very_Mobile,199
It's Psychedelic Baby! Magazine,P127,Who owns It's Psychedelic Baby! Magazine?,Klemen Breznikar,It%27s_Psychedelic_Baby!_Magazine,198
Cadier en Keer,P131,What administrative region is Cadier en Keer located in?,Eijsden-Margraten,Cadier_en_Keer,110
Nielles-lès-Bléquin,P131,What administrative region is Nielles-lès-Bléquin located in?,arrondissement of Saint-Omer,Nielles-l%C3%A8s-Bl%C3%A9quin,16
Neuvireuil,P131,What administrative region is Neuvireuil located in?,arrondissement of Arras,Neuvireuil,12
Neuville-Saint-Vaast,P131,What administrative region is Neuville-Saint-Vaast located in?,arrondissement of Arras,Neuville-Saint-Vaast,123
Neuville-sous-Montreuil,P131,What administrative region is Neuville-sous-Montreuil located in?,arrondissement of Montreuil,Neuville-sous-Montreuil,20
Basseux,P131,What administrative region is Basseux located in?,arrondissement of Arras,Basseux,16
Ji'an Jinggangshan Airport,P131,What administrative region is Ji'an Jinggangshan Airport located in?,Taihe County,Ji%27an_Jinggangshan_Airport,109
Banholt,P131,What administrative region is Banholt located in?,Eijsden-Margraten,Banholt,26
Melrose RFC,P131,What administrative region is Melrose RFC located in?,Scottish Borders,Melrose_RFC,922
Ningbo Rail Transit,P131,What administrative region is Ningbo Rail Transit located in?,Ningbo,Ningbo_Rail_Transit,486
Kisaki,P131,What administrative region is Kisaki located in?,Morogoro District,"Kisaki,_Tanzania",89
Changde Taohuayuan Airport,P131,What administrative region is Changde Taohuayuan Airport located in?,Hunan,Changde_Taohuayuan_Airport,130
Kraslice,P131,What administrative region is Kraslice located in?,Kraslice (administrative district),Kraslice,329
Gronsveld,P131,What administrative region is Gronsveld located in?,Eijsden,Gronsveld,125
Lanškroun,P131,What administrative region is Lanškroun located in?,Ústí nad Orlicí District,Lan%C5%A1kroun,288
Castelo de Vide,P131,What administrative region is Castelo de Vide located in?,Portalegre,Castelo_de_Vide,476
Eremo delle Carceri,P131,What administrative region is Eremo delle Carceri located in?,Assisi,Eremo_delle_Carceri,363
Alcoutim,P131,What administrative region is Alcoutim located in?,Algarve,Alcoutim,450
Velom,P131,What administrative region is Velom located in?,Kozhikode district,Velom,87
Kuřim,P131,What administrative region is Kuřim located in?,Brno-Country District,Ku%C5%99im,272
Coruche,P131,What administrative region is Coruche located in?,Lezíria do Tejo Subregion,Coruche,265
Sušice,P131,What administrative region is Sušice located in?,Klatovy District,Su%C5%A1ice,381
Mesch,P131,What administrative region is Mesch located in?,Eijsden,Mesch,54
Humpolec,P131,What administrative region is Humpolec located in?,Pelhřimov District,Humpolec,337
Fūren,P131,What administrative region is Fūren located in?,Kamikawa district,"F%C5%ABren,_Hokkaido",19
Kitahiyama,P131,What administrative region is Kitahiyama located in?,Setana District,"Kitahiyama,_Hokkaido",10
Lovosice,P131,What administrative region is Lovosice located in?,Litoměřice District,Lovosice,266
Taisei,P131,What administrative region is Taisei located in?,Hiyama Subprefecture,"Taisei,_Hokkaido",8
Hampton,P131,What administrative region is Hampton located in?,Dakota County,"Hampton,_Minnesota",191
Ōtaki,P131,What administrative region is Ōtaki located in?,Usu district,"%C5%8Ctaki,_Hokkaido",22
Nový Bor,P131,What administrative region is Nový Bor located in?,Česká Lípa District,Nov%C3%BD_Bor,238
Asahi,P131,What administrative region is Asahi located in?,Kamikawa district,"Asahi,_Hokkaido",31
Neuveville-Saint-Pierre Funicular,P131,What administrative region is Neuveville-Saint-Pierre Funicular located in?,Fribourg,Fribourg_funicular,387
Tōya,P131,What administrative region is Tōya located in?,Abuta district,"T%C5%8Dya,_Hokkaido",22
Chamusca,P131,What administrative region is Chamusca located in?,Lezíria do Tejo Subregion,Chamusca,156
Lázně Kynžvart,P131,What administrative region is Lázně Kynžvart located in?,Cheb District,L%C3%A1zn%C4%9B_Kyn%C5%BEvart,103
Pampilhosa da Serra,P131,What administrative region is Pampilhosa da Serra located in?,Coimbra,Pampilhosa_da_Serra,145
Vinifuni Ligerz–Prêles,P131,What administrative region is Vinifuni Ligerz–Prêles located in?,Canton of Berne,Vinifuni_Ligerz%E2%80%93Pr%C3%AAles,38
Kumaishi,P131,What administrative region is Kumaishi located in?,Nishi district,"Kumaishi,_Hokkaido",16
Vlašim,P131,What administrative region is Vlašim located in?,Benešov District,Vla%C5%A1im,271
Hobetsu,P131,What administrative region is Hobetsu located in?,Yufutsu district,"Hobetsu,_Hokkaido",16
Red Oaks Mill,P131,What administrative region is Red Oaks Mill located in?,Dutchess County,"Red_Oaks_Mill,_New_York",96
Chatham,P131,What administrative region is Chatham located in?,Columbia County,"Chatham_(village),_New_York",180
Kijkduin en Ockenburgh,P131,What administrative region is Kijkduin en Ockenburgh located in?,The Hague,Kijkduin_en_Ockenburgh,133
Metro Alpin,P131,What administrative region is Metro Alpin located in?,Canton of Valais,Metro_Alpin,270
Město Libavá,P131,What administrative region is Město Libavá located in?,Olomouc District,M%C4%9Bsto_Libav%C3%A1,53
Fuji,P131,What administrative region is Fuji located in?,Saga district,"Fuji,_Saga",24
Elimäki,P131,What administrative region is Elimäki located in?,Kouvola,Elim%C3%A4ki,94
Yamato,P131,What administrative region is Yamato located in?,Saga district,"Yamato,_Saga",22
Gansu Uyghur Kingdom,P131,What administrative region is Gansu Uyghur Kingdom located in?,Gansu,Ganzhou_Uyghur_Kingdom,651
Tocha,P131,What administrative region is Tocha located in?,Cantanhede,"Tocha,_Portugal",91
Finspång,P131,What administrative region is Finspång located in?,Finspång Municipality,Finsp%C3%A5ng,498
Brembilla,P131,What administrative region is Brembilla located in?,Val Brembilla,Brembilla,39
Courboin,P131,What administrative region is Courboin located in?,Aisne,Courboin,10
Ébouleau,P131,What administrative region is Ébouleau located in?,Aisne,%C3%89bouleau,10
Cantenac,P131,What administrative region is Cantenac located in?,arrondissement of Bordeaux,Cantenac,37
Esquéhéries,P131,What administrative region is Esquéhéries located in?,Aisne,Esqu%C3%A9h%C3%A9ries,14
Shuangcheng District,P131,What administrative region is Shuangcheng District located in?,Harbin,"Shuangcheng,_Harbin",36
Güigüe,P131,What administrative region is Güigüe located in?,Municipio Carlos Arvelo,G%C3%BCig%C3%BCe,90
Lwowiec,P131,What administrative region is Lwowiec located in?,Gmina Sępopol,Lwowiec,6
"Nędza, Silesian Voivodeship",P131,"What administrative region is Nędza, Silesian Voivodeship located in?",Gmina Nędza,"N%C4%99dza,_Racib%C3%B3rz_County",24
Eaton,P131,What administrative region is Eaton located in?,Preble County,"Eaton,_Ohio",990
Brignano Gera d'Adda,P131,What administrative region is Brignano Gera d'Adda located in?,Province of Bergamo,Brignano_Gera_d%27Adda,34
La Ville-aux-Bois-lès-Pontavert,P131,What administrative region is La Ville-aux-Bois-lès-Pontavert located in?,Aisne,La_Ville-aux-Bois-l%C3%A8s-Pontavert,16
La Ferté-Chevresis,P131,What administrative region is La Ferté-Chevresis located in?,Aisne,La_Fert%C3%A9-Chevresis,10
Brumano,P131,What administrative region is Brumano located in?,Province of Bergamo,Brumano,40
Cheveuges,P131,What administrative region is Cheveuges located in?,Ardennes,Cheveuges,8
Castalia,P131,What administrative region is Castalia located in?,Winneshiek County,"Castalia,_Iowa",64
Little Murray River,P131,What administrative region is Little Murray River located in?,New South Wales,Little_Murray_River_(New_South_Wales),17
Pulaski,P131,What administrative region is Pulaski located in?,Davis County,"Pulaski,_Iowa",73
Fort Atkinson,P131,What administrative region is Fort Atkinson located in?,Winneshiek County,"Fort_Atkinson,_Iowa",206
Clarence,P131,What administrative region is Clarence located in?,Cedar County,"Clarence,_Iowa",156
Brusaporto,P131,What administrative region is Brusaporto located in?,Province of Bergamo,Brusaporto,112
Sandstone,P131,What administrative region is Sandstone located in?,Pine County,"Sandstone,_Minnesota",695
Cornay,P131,What administrative region is Cornay located in?,Ardennes,Cornay,45
Hancock,P131,What administrative region is Hancock located in?,Pottawattamie County,"Hancock,_Iowa",120
Wijlre,P131,What administrative region is Wijlre located in?,Gulpen,Wijlre,91
Cambridge,P131,What administrative region is Cambridge located in?,Story County,"Cambridge,_Iowa",156
Mechelen,P131,What administrative region is Mechelen located in?,Gulpen-Wittem,"Mechelen,_Netherlands",90
Halstad,P131,What administrative region is Halstad located in?,Norman County,"Halstad,_Minnesota",214
Eyota,P131,What administrative region is Eyota located in?,Olmsted County,"Eyota,_Minnesota",309
Dougherty,P131,What administrative region is Dougherty located in?,Cerro Gordo County,"Dougherty,_Iowa",72
Frières-Faillouël,P131,What administrative region is Frières-Faillouël located in?,Aisne,Fri%C3%A8res-Faillou%C3%ABl,13
Madelia,P131,What administrative region is Madelia located in?,Watonwan County,"Madelia,_Minnesota",337
Sint Geertruid,P131,What administrative region is Sint Geertruid located in?,Eijsden-Margraten,Sint_Geertruid,31
Giraumont,P131,What administrative region is Giraumont located in?,arrondissement of Briey,"Giraumont,_Meurthe-et-Moselle",24
Somersworth,P131,What administrative region is Somersworth located in?,Strafford County,"Somersworth,_New_Hampshire",919
Falcon Heights,P131,What administrative region is Falcon Heights located in?,Ramsey County,"Falcon_Heights,_Minnesota",840
Haigneville,P131,What administrative region is Haigneville located in?,arrondissement of Lunéville,Haigneville,7
Rock Falls,P131,What administrative region is Rock Falls located in?,Cerro Gordo County,"Rock_Falls,_Iowa",74
Giriviller,P131,What administrative region is Giriviller located in?,arrondissement of Lunéville,Giriviller,8
Novion-Porcien,P131,What administrative region is Novion-Porcien located in?,Ardennes,Novion-Porcien,14
Haudonville,P131,What administrative region is Haudonville located in?,arrondissement of Lunéville,Haudonville,10
Djigoue Department,P131,What administrative region is Djigoue Department located in?,Poni Province,Djigou%C3%A9_Department,5
Halloville,P131,What administrative region is Halloville located in?,arrondissement of Lunéville,Halloville,11
The Money-Maker Recipe,P136,What genre is The Money-Maker Recipe?,drama television series,The_Money-Maker_Recipe,112
Dollie de Luxe,P136,What genre is Dollie de Luxe?,Europop,Dollie_de_Luxe,234
adventure,P136,What genre is adventure?,tabletop role-playing game,Adventure_(role-playing_games),305
Say Hello to Black Jack,P136,What genre is Say Hello to Black Jack?,drama anime and manga,Say_Hello_to_Black_Jack,684
Festivalbar,P136,What genre is Festivalbar?,pop music,Festivalbar,809
Necromantia,P136,What genre is Necromantia?,black metal,Necromantia,606
Fieldy's Dreams,P136,What genre is Fieldy's Dreams?,hip-hop,Fieldy%27s_Dreams,494
Final Attraction,P136,What genre is Final Attraction?,glam rock,Final_Attraction,88
Summer White,P136,What genre is Summer White?,drama film,Summer_White,43
Y Para Siempre,P136,What genre is Y Para Siempre?,grupera,Y_Para_Siempre,156
Couple of Days,P136,What genre is Couple of Days?,romantic comedy film,Couple_of_Days,114
Canyons,P136,What genre is Canyons?,contemporary worship music,Canyons_(song),41
Finley,P136,What genre is Finley?,glam punk,Finley_(band),440
Finn Kalvik,P136,What genre is Finn Kalvik?,pop music,Finn_Kalvik,184
Budka Suflera,P136,What genre is Budka Suflera?,rock music,Budka_Suflera,721
His Darker Self,P136,What genre is His Darker Self?,comedy film,His_Darker_Self,30
Fire,P136,What genre is Fire?,Eurodance,Fire_(Scooter_song),738
Fireball,P136,What genre is Fireball?,electropop,Fireball_(Willow_Smith_song),538
Meteos Wars,P136,What genre is Meteos Wars?,falling block puzzle game,Meteos_Wars,185
Buell Kazee,P136,What genre is Buell Kazee?,country music,Buell_Kazee,249
Five,P136,What genre is Five?,instrumental rock,Five_(Greg_Howe_album),123
Buenos Aires Jazz Festival,P136,What genre is Buenos Aires Jazz Festival?,jazz,Buenos_Aires_Jazz_Festival,61
Buffalo Dance,P136,What genre is Buffalo Dance?,documentary film,Buffalo_Dance_(film),187
Flex-Able Leftovers,P136,What genre is Flex-Able Leftovers?,instrumental rock,Flex-Able_Leftovers,578
Shiver,P175,Who performed Shiver?,Jónsi,Shiver_(J%C3%B3nsi_album),315
We're Not Talking,P175,Who performed We're Not Talking?,The Goon Sax,We%27re_Not_Talking,42
Sensational (Yung Gravy album),P175,Who performed Sensational (Yung Gravy album)?,Yung Gravy,Sensational_(Yung_Gravy_album),772
The Gathering Wilderness,P175,Who performed The Gathering Wilderness?,Primordial,The_Gathering_Wilderness,269
The Bakery,P175,Who performed The Bakery?,Melanie Martinez,The_Bakery_(song),549
I Lost a Friend,P175,Who performed I Lost a Friend?,Finneas O'Connell,I_Lost_a_Friend,318
10 Songs,P175,Who performed 10 Songs?,Travis,10_Songs_(Travis_album),970
Dawn of the Damned,P175,Who performed Dawn of the Damned?,Necrophobic,Dawn_of_the_Damned,158
Don't Chase the Dead,P175,Who performed Don't Chase the Dead?,Marilyn Manson,Don%27t_Chase_the_Dead,452
Utgard,P175,Who performed Utgard?,Enslaved,Utgard_(album),753
D Rose,P175,Who performed D Rose?,Lil Pump,D_Rose_(song),648
Le Fléau,P175,Who performed Le Fléau?,Gims,Le_fl%C3%A9au,143
Frail Bray,P175,Who performed Frail Bray?,Western Addiction,Frail_Bray,32
13'Organisé,P175,Who performed 13'Organisé?,various artists,13_Organis%C3%A9,164
Rattle!,P175,Who performed Rattle!?,Elevation Worship,Rattle!,369
Phanerozoic II: Mesozoic / Cenozoic,P175,Who performed Phanerozoic II: Mesozoic / Cenozoic?,The Ocean,Phanerozoic_II:_Mesozoic_/_Cenozoic,986
回:Walpurgis Night,P175,Who performed 回:Walpurgis Night?,GFriend,Walpurgis_Night_(album),815
Le Chant Des Bauls - Manuche O Rautan,P175,Who performed Le Chant Des Bauls - Manuche O Rautan?,Gour Khyapa,Le_Chant_Des_Bauls_-_Manuche_O_Rautan,11
Fools Lullaby,P175,Who performed Fools Lullaby?,Bonnie Tyler,Fools_Lullaby,64
Love You Like I Used To,P175,Who performed Love You Like I Used To?,Russell Dickerson,Love_You_Like_I_Used_To,212
For Aeons Past,P175,Who performed For Aeons Past?,Solution .45,For_Aeons_Past,91
For You I Will (Confidence),P175,Who performed For You I Will (Confidence)?,Teddy Geiger,For_You_I_Will_(Confidence),762
NCT 2020 Resonance Pt. 1,P175,Who performed NCT 2020 Resonance Pt. 1?,NCT,NCT_2020_Resonance_Pt._1,74
"Forogj, világ!",P175,"Who performed Forogj, világ!?",Nox,"Forogj,_vil%C3%A1g!",25
Daisy (Pentagon song),P175,Who performed Daisy (Pentagon song)?,Pentagon,Daisy_(Pentagon_song),267
Built to Last,P175,Who performed Built to Last?,Sick of It All,Built_to_Last_(Sick_of_It_All_album),415
Runnin,P175,Who performed Runnin?,21 Savage,Runnin_(21_Savage_and_Metro_Boomin_song),902
House of Miracles,P175,Who performed House of Miracles?,Brandon Lake,House_of_Miracles_(Brandon_Lake_album),532
Nobody's Fault,P175,Who performed Nobody's Fault?,Sakurazaka46,Nobody%27s_Fault_(Sakurazaka46_song),51
Lost Girl,P175,Who performed Lost Girl?,The Troggs,Lost_Girl_(song),111
Inner Knowledge,P175,Who performed Inner Knowledge?,Paban Das Baul,Inner_Knowledge,9
Hell,P175,Who performed Hell?,Die Ärzte,Hell_(Die_%C3%84rzte_album),101
Dialogue/Furetai Tashikametai,P175,Who performed Dialogue/Furetai Tashikametai?,Asian Kung-Fu Generation,Dialogue/Furetai_Tashikametai,58
Banana,P175,Who performed Banana?,Conkarah,Banana_(Conkarah_song),354
God So Loved,P175,Who performed God So Loved?,We the Kingdom,God_So_Loved,181
Evidence,P175,Who performed Evidence?,Josh Baldwin,Evidence_(Josh_Baldwin_album),41
Free Spirit Tour,P175,Who performed Free Spirit Tour?,Bonnie Tyler,Free_Spirit_Tour,9
Free Spirit,P175,Who performed Free Spirit?,Bonnie Tyler,Free_Spirit_(Bonnie_Tyler_album),537
Leave It Beautiful,P175,Who performed Leave It Beautiful?,Astrid S,Leave_It_Beautiful,330
From Out of Nowhere,P175,Who performed From Out of Nowhere?,Tommy Emmanuel,From_Out_of_Nowhere_(Tommy_Emmanuel_album),242
From the Inside,P175,Who performed From the Inside?,Laura Pausini,From_the_Inside_(Laura_Pausini_album),499
Goodbye Rania,P175,Who performed Goodbye Rania?,Blackswan,Goodbye_Rania,271
Holy Water,P175,Who performed Holy Water?,We the Kingdom,Holy_Water_(We_the_Kingdom_album),230
Fuck the Millennium,P175,Who performed Fuck the Millennium?,Scooter,Fuck_the_Millennium_(Scooter_song),181
Out Of Here,P175,Who performed Out Of Here?,Mayday Parade,Out_of_Here_(EP),38
Gore,P175,Who performed Gore?,Lous and the Yakuza,Gore_(Lous_and_the_Yakuza_album),141
Fuzzy,P175,Who performed Fuzzy?,Grant Lee Buffalo,Fuzzy_(album),852
"Streams of Thought, Vol. 2",P175,"Who performed Streams of Thought, Vol. 2?",Black Thought,"Streams_of_Thought,_Vol._2",373
This Is a Move,P175,Who performed This Is a Move?,Tasha Cobbs,This_Is_a_Move,275
Dōwa Meikyū,P175,Who performed Dōwa Meikyū?,Yukari Tamura,D%C5%8Dwa_Meiky%C5%AB,5
Sincerely Dears...,P175,Who performed Sincerely Dears...?,Yukari Tamura,Sincerely_Dears...,13
Koi seyo Onnanoko,P175,Who performed Koi seyo Onnanoko?,Yukari Tamura,Koi_seyo_Onnanoko,20
Princess Rose,P175,Who performed Princess Rose?,Yukari Tamura,Princess_Rose,20
"Izayoi no Tsuki, Canaria no Koi.",P175,"Who performed Izayoi no Tsuki, Canaria no Koi.?",Yukari Tamura,"Izayoi_no_Tsuki,_Canaria_no_Koi.",14
Spiritual Garden,P175,Who performed Spiritual Garden?,Yukari Tamura,Spiritual_Garden,11
2R0I2P0,P175,Who performed 2R0I2P0?,Boris,2R0I2P0,492
Need It,P175,Who performed Need It?,Migos,Need_It_(Migos_song),729
Christmas Without You,P175,Who performed Christmas Without You?,Ava Max,Christmas_Without_You,778
A Better Love,P175,Who performed A Better Love?,Londonbeat,A_Better_Love,184
We Praise You,P175,Who performed We Praise You?,Bethel Music,We_Praise_You,105
Own It,P175,Who performed Own It?,Rico Nasty,Own_It_(Rico_Nasty_song),84
LateNightTales: Hot Chip,P175,Who performed LateNightTales: Hot Chip?,Hot Chip,Late_Night_Tales:_Hot_Chip,309
iPhone (Rico Nasty song),P175,Who performed iPhone (Rico Nasty song)?,Rico Nasty,IPhone_(song),154
Last Memory,P175,Who performed Last Memory?,Takeoff,Last_Memory,274
Chopstix (song),P175,Who performed Chopstix (song)?,Schoolboy Q,Chopstix_(song),274
Sundowner,P175,Who performed Sundowner?,Kevin Morby,Sundowner_(album),389
Something Special,P175,Who performed Something Special?,Pop Smoke,Something_Special_(song),28
Famous For (I Believe),P175,Who performed Famous For (I Believe)?,Tauren Wells,Famous_For_(I_Believe),281
Citizen of Heaven,P175,Who performed Citizen of Heaven?,Tauren Wells,Citizen_of_Heaven,161
Settling Down (Miranda Lambert song),P175,Who performed Settling Down (Miranda Lambert song)?,Miranda Lambert,Settling_Down,239
Panic,P175,Who performed Panic?,From Ashes to New,Panic_(From_Ashes_to_New_album),795
Gaia: One Woman's Journey,P175,Who performed Gaia: One Woman's Journey?,Olivia Newton-John,Gaia:_One_Woman%27s_Journey,510
Spicy,P175,Who performed Spicy?,Post Malone,Spicy_(Ty_Dolla_Sign_song),340
Fuyajou Eden,P175,Who performed Fuyajou Eden?,Alice Nine,Fuyajou_Eden,37
By Yourself,P175,Who performed By Yourself?,Jhené Aiko,By_Yourself,223
Bon Voyage,P175,Who performed Bon Voyage?,Yooa,Bon_Voyage_(EP),211
Xiasi Dog,P495,Which country was Xiasi Dog produced in?,People's Republic of China,Xiasi_Dog,808
Budapester Zeitung,P495,Which country was Budapester Zeitung produced in?,Hungary,Budapester_Zeitung,53
Budd RB-1 Conestoga,P495,Which country was Budd RB-1 Conestoga produced in?,United States,Budd_RB_Conestoga,832
Kvæði,P495,Which country was Kvæði produced in?,Faroe Islands,Kv%C3%A6%C3%B0i,248
Candle March,P495,Which country was Candle March produced in?,India,Candle_March_(film),20
Argonaut Pirate,P495,Which country was Argonaut Pirate produced in?,United States,Argonaut_Pirate,124
Christ Among Men,P495,Which country was Christ Among Men produced in?,Australia,Christ_Among_Men,12
Oceanbird,P495,Which country was Oceanbird produced in?,Sweden,Oceanbird,623
Fiorella,P495,Which country was Fiorella produced in?,Italy,Fiorella,200
Flamengo,P495,Which country was Flamengo produced in?,Czech Republic,Flamengo_(Czech_band),104
Last Autumn's Dream,P495,Which country was Last Autumn's Dream produced in?,Sweden,Last_Autumn%27s_Dream,385
Tovarishch,P495,Which country was Tovarishch produced in?,Soviet Union,Tovarishch_(band),23
Le Meschacebe,P495,Which country was Le Meschacebe produced in?,United States,Le_Meschac%C3%A9b%C3%A9,23
Gaya Sa Pelikula,P495,Which country was Gaya Sa Pelikula produced in?,Philippines,Gaya_sa_Pelikula,12
Bugz in the Attic,P495,Which country was Bugz in the Attic produced in?,United Kingdom,Bugz_in_the_Attic,303
Shahid Nazeri,P495,Which country was Shahid Nazeri produced in?,Iran,IRIS_Shahid_Nazeri,601
Me and My Daughters,P495,Which country was Me and My Daughters produced in?,Egypt,Ana_wa_Banati,53
Tuber,P495,Which country was Tuber produced in?,People's Republic of China,Tuber_(app),52
Pardon Me Boys,P495,Which country was Pardon Me Boys produced in?,Australia,Pardon_Me_Boys,42
Pumpkin Jack,P495,Which country was Pumpkin Jack produced in?,France,Pumpkin_Jack,830
Memphis Avalanche,P495,Which country was Memphis Avalanche produced in?,United States,Memphis_Avalanche,69
