entity,perturbation_type,fact_type,true_value,wrong_value,question,correct_statement,false_premise
10 Things I Hate About You,categorical,work_genre_categorical,comedy drama,iambic poetry,"Within the specific conventions of iambic poetry, how is the narrative structure of 10 Things I Hate About You analyzed?","No, 10 Things I Hate About You is a work of comedy drama, not iambic poetry. It would not be analyzed under iambic poetry conventions.",The question incorrectly states iambic poetry instead of the correct value comedy drama.
127 Hours,categorical,work_genre_categorical,biographical film,concerto,"Within the specific conventions of concerto, how is the narrative structure of 127 Hours analyzed?","No, 127 Hours is a work of biographical film, not concerto. It would not be analyzed under concerto conventions.",The question incorrectly states concerto instead of the correct value biographical film.
12 Angry Men,categorical,work_genre_categorical,drama film,art pop,"Within the specific conventions of art pop, how is the narrative structure of 12 Angry Men analyzed?","No, 12 Angry Men is a work of drama film, not art pop. It would not be analyzed under art pop conventions.",The question incorrectly states art pop instead of the correct value drama film.
12 Monkeys,categorical,work_genre_categorical,dystopian film,non-quadrilateral flag,"Within the specific conventions of non-quadrilateral flag, how is the narrative structure of 12 Monkeys analyzed?","No, 12 Monkeys is a work of dystopian film, not non-quadrilateral flag. It would not be analyzed under non-quadrilateral flag conventions.",The question incorrectly states non-quadrilateral flag instead of the correct value dystopian film.
12 Years a Slave,categorical,work_genre_categorical,biographical film,hexameter,"Within the specific conventions of hexameter, how is the narrative structure of 12 Years a Slave analyzed?","No, 12 Years a Slave is a work of biographical film, not hexameter. It would not be analyzed under hexameter conventions.",The question incorrectly states hexameter instead of the correct value biographical film.
1917,categorical,work_genre_categorical,drama film,adventure manga,"Within the specific conventions of adventure manga, how is the narrative structure of 1917 analyzed?","No, 1917 is a work of drama film, not adventure manga. It would not be analyzed under adventure manga conventions.",The question incorrectly states adventure manga instead of the correct value drama film.
1 Maccabees,categorical,work_genre_categorical,history book,ars nova,"Within the specific conventions of ars nova, how is the narrative structure of 1 Maccabees analyzed?","No, 1 Maccabees is a work of history book, not ars nova. It would not be analyzed under ars nova conventions.",The question incorrectly states ars nova instead of the correct value history book.
2001: A Space Odyssey,categorical,work_genre_categorical,arthouse science fiction film,chipmunk soul,"Within the specific conventions of chipmunk soul, how is the narrative structure of 2001: A Space Odyssey analyzed?","No, 2001: A Space Odyssey is a work of arthouse science fiction film, not chipmunk soul. It would not be analyzed under chipmunk soul conventions.",The question incorrectly states chipmunk soul instead of the correct value arthouse science fiction film.
2012,categorical,work_genre_categorical,disaster film,adventure,"Within the specific conventions of adventure, how is the narrative structure of 2012 analyzed?","No, 2012 is a work of disaster film, not adventure. It would not be analyzed under adventure conventions.",The question incorrectly states adventure instead of the correct value disaster film.
21 Grams,categorical,work_genre_categorical,crime film,chaconne,"Within the specific conventions of chaconne, how is the narrative structure of 21 Grams analyzed?","No, 21 Grams is a work of crime film, not chaconne. It would not be analyzed under chaconne conventions.",The question incorrectly states chaconne instead of the correct value crime film.
24,categorical,work_genre_categorical,action television series,Indian classical drama,"Within the specific conventions of Indian classical drama, how is the narrative structure of 24 analyzed?","No, 24 is a work of action television series, not Indian classical drama. It would not be analyzed under Indian classical drama conventions.",The question incorrectly states Indian classical drama instead of the correct value action television series.
2 Fast 2 Furious,categorical,work_genre_categorical,action film,choral music,"Within the specific conventions of choral music, how is the narrative structure of 2 Fast 2 Furious analyzed?","No, 2 Fast 2 Furious is a work of action film, not choral music. It would not be analyzed under choral music conventions.",The question incorrectly states choral music instead of the correct value action film.
2 Maccabees,categorical,work_genre_categorical,history book,confessional poetry,"Within the specific conventions of confessional poetry, how is the narrative structure of 2 Maccabees analyzed?","No, 2 Maccabees is a work of history book, not confessional poetry. It would not be analyzed under confessional poetry conventions.",The question incorrectly states confessional poetry instead of the correct value history book.
2NE1,categorical,work_genre_categorical,K-pop,minimalist music,"Within the specific conventions of minimalist music, how is the narrative structure of 2NE1 analyzed?","No, 2NE1 is a work of K-pop, not minimalist music. It would not be analyzed under minimalist music conventions.",The question incorrectly states minimalist music instead of the correct value K-pop.
300,categorical,work_genre_categorical,action film,absurdism,"Within the specific conventions of absurdism, how is the narrative structure of 300 analyzed?","No, 300 is a work of action film, not absurdism. It would not be analyzed under absurdism conventions.",The question incorrectly states absurdism instead of the correct value action film.
30 Seconds to Mars,categorical,work_genre_categorical,alternative rock,defaced flag,"Within the specific conventions of defaced flag, how is the narrative structure of 30 Seconds to Mars analyzed?","No, 30 Seconds to Mars is a work of alternative rock, not defaced flag. It would not be analyzed under defaced flag conventions.",The question incorrectly states defaced flag instead of the correct value alternative rock.
3:10 to Yuma,categorical,work_genre_categorical,crime film,blues,"Within the specific conventions of blues, how is the narrative structure of 3:10 to Yuma analyzed?","No, 3:10 to Yuma is a work of crime film, not blues. It would not be analyzed under blues conventions.",The question incorrectly states blues instead of the correct value crime film.
3 Idiots,categorical,work_genre_categorical,buddy film,manuscript illumination,"Within the specific conventions of manuscript illumination, how is the narrative structure of 3 Idiots analyzed?","No, 3 Idiots is a work of buddy film, not manuscript illumination. It would not be analyzed under manuscript illumination conventions.",The question incorrectly states manuscript illumination instead of the correct value buddy film.
50 Cent,categorical,work_genre_categorical,East Coast hip-hop,disco,"Within the specific conventions of disco, how is the narrative structure of 50 Cent analyzed?","No, 50 Cent is a work of East Coast hip-hop, not disco. It would not be analyzed under disco conventions.",The question incorrectly states disco instead of the correct value East Coast hip-hop.
50 First Dates,categorical,work_genre_categorical,romantic comedy film,historical drama,"Within the specific conventions of historical drama, how is the narrative structure of 50 First Dates analyzed?","No, 50 First Dates is a work of romantic comedy film, not historical drama. It would not be analyzed under historical drama conventions.",The question incorrectly states historical drama instead of the correct value romantic comedy film.
6ix9ine,categorical,work_genre_categorical,Brooklyn drill,comedy video game,"Within the specific conventions of comedy video game, how is the narrative structure of 6ix9ine analyzed?","No, 6ix9ine is a work of Brooklyn drill, not comedy video game. It would not be analyzed under comedy video game conventions.",The question incorrectly states comedy video game instead of the correct value Brooklyn drill.
8½,categorical,work_genre_categorical,comedy drama,cosmology,"Within the specific conventions of cosmology, how is the narrative structure of 8½ analyzed?","No, 8½ is a work of comedy drama, not cosmology. It would not be analyzed under cosmology conventions.",The question incorrectly states cosmology instead of the correct value comedy drama.
8 Mile,categorical,work_genre_categorical,coming-of-age film,honky-tonk,"Within the specific conventions of honky-tonk, how is the narrative structure of 8 Mile analyzed?","No, 8 Mile is a work of coming-of-age film, not honky-tonk. It would not be analyzed under honky-tonk conventions.",The question incorrectly states honky-tonk instead of the correct value coming-of-age film.
Aaliyah,categorical,work_genre_categorical,contemporary R&B,haikai,"Within the specific conventions of haikai, how is the narrative structure of Aaliyah analyzed?","No, Aaliyah is a work of contemporary R&B, not haikai. It would not be analyzed under haikai conventions.",The question incorrectly states haikai instead of the correct value contemporary R&B.
A. A. Milne,categorical,work_genre_categorical,children's literature,landscape painting,"Within the specific conventions of landscape painting, how is the narrative structure of A. A. Milne analyzed?","No, A. A. Milne is a work of children's literature, not landscape painting. It would not be analyzed under landscape painting conventions.",The question incorrectly states landscape painting instead of the correct value children's literature.
Aaron Copland,categorical,work_genre_categorical,ballet,alternate history,"Within the specific conventions of alternate history, how is the narrative structure of Aaron Copland analyzed?","No, Aaron Copland is a work of ballet, not alternate history. It would not be analyzed under alternate history conventions.",The question incorrectly states alternate history instead of the correct value ballet.
ABBA,categorical,work_genre_categorical,dance music,contemporary R&B,"Within the specific conventions of contemporary R&B, how is the narrative structure of ABBA analyzed?","No, ABBA is a work of dance music, not contemporary R&B. It would not be analyzed under contemporary R&B conventions.",The question incorrectly states contemporary R&B instead of the correct value dance music.
Abbas Kiarostami,categorical,work_genre_categorical,Minimalism,humorous literature,"Within the specific conventions of humorous literature, how is the narrative structure of Abbas Kiarostami analyzed?","No, Abbas Kiarostami is a work of Minimalism, not humorous literature. It would not be analyzed under humorous literature conventions.",The question incorrectly states humorous literature instead of the correct value Minimalism.
Abbey Road,categorical,work_genre_categorical,rock music,documentary film,"Within the specific conventions of documentary film, how is the narrative structure of Abbey Road analyzed?","No, Abbey Road is a work of rock music, not documentary film. It would not be analyzed under documentary film conventions.",The question incorrectly states documentary film instead of the correct value rock music.
Abdulrazak Gurnah,categorical,work_genre_categorical,prose,bounce music,"Within the specific conventions of bounce music, how is the narrative structure of Abdulrazak Gurnah analyzed?","No, Abdulrazak Gurnah is a work of prose, not bounce music. It would not be analyzed under bounce music conventions.",The question incorrectly states bounce music instead of the correct value prose.
A Beautiful Mind,categorical,work_genre_categorical,biographical film,drama fiction,"Within the specific conventions of drama fiction, how is the narrative structure of A Beautiful Mind analyzed?","No, A Beautiful Mind is a work of biographical film, not drama fiction. It would not be analyzed under drama fiction conventions.",The question incorrectly states drama fiction instead of the correct value biographical film.
Abraham Ortelius,categorical,work_genre_categorical,map,children's and young adult literature,"Within the specific conventions of children's and young adult literature, how is the narrative structure of Abraham Ortelius analyzed?","No, Abraham Ortelius is a work of map, not children's and young adult literature. It would not be analyzed under children's and young adult literature conventions.",The question incorrectly states children's and young adult literature instead of the correct value map.
A Brief History of Time,categorical,work_genre_categorical,essay,invasion literature,"Within the specific conventions of invasion literature, how is the narrative structure of A Brief History of Time analyzed?","No, A Brief History of Time is a work of essay, not invasion literature. It would not be analyzed under invasion literature conventions.",The question incorrectly states invasion literature instead of the correct value essay.
A Bug's Life,categorical,work_genre_categorical,adventure film,kundiman,"Within the specific conventions of kundiman, how is the narrative structure of A Bug's Life analyzed?","No, A Bug's Life is a work of adventure film, not kundiman. It would not be analyzed under kundiman conventions.",The question incorrectly states kundiman instead of the correct value adventure film.
Abu Nuwas,categorical,work_genre_categorical,poetry,incidental music,"Within the specific conventions of incidental music, how is the narrative structure of Abu Nuwas analyzed?","No, Abu Nuwas is a work of poetry, not incidental music. It would not be analyzed under incidental music conventions.",The question incorrectly states incidental music instead of the correct value poetry.
AC/DC,categorical,work_genre_categorical,blues rock,anime song,"Within the specific conventions of anime song, how is the narrative structure of AC/DC analyzed?","No, AC/DC is a work of blues rock, not anime song. It would not be analyzed under anime song conventions.",The question incorrectly states anime song instead of the correct value blues rock.
Ace of Base,categorical,work_genre_categorical,dance-pop,garage rock,"Within the specific conventions of garage rock, how is the narrative structure of Ace of Base analyzed?","No, Ace of Base is a work of dance-pop, not garage rock. It would not be analyzed under garage rock conventions.",The question incorrectly states garage rock instead of the correct value dance-pop.
Ace Ventura: Pet Detective,categorical,work_genre_categorical,action film,outlaw country,"Within the specific conventions of outlaw country, how is the narrative structure of Ace Ventura: Pet Detective analyzed?","No, Ace Ventura: Pet Detective is a work of action film, not outlaw country. It would not be analyzed under outlaw country conventions.",The question incorrectly states outlaw country instead of the correct value action film.
A Christmas Carol,categorical,work_genre_categorical,Christmas fiction,chipmunk soul,"Within the specific conventions of chipmunk soul, how is the narrative structure of A Christmas Carol analyzed?","No, A Christmas Carol is a work of Christmas fiction, not chipmunk soul. It would not be analyzed under chipmunk soul conventions.",The question incorrectly states chipmunk soul instead of the correct value Christmas fiction.
A Clockwork Orange,categorical,work_genre_categorical,action film,jazz rap,"Within the specific conventions of jazz rap, how is the narrative structure of A Clockwork Orange analyzed?","No, A Clockwork Orange is a work of action film, not jazz rap. It would not be analyzed under jazz rap conventions.",The question incorrectly states jazz rap instead of the correct value action film.
Acts of the Apostles,categorical,work_genre_categorical,acts of the apostles,children's literature,"Within the specific conventions of children's literature, how is the narrative structure of Acts of the Apostles analyzed?","No, Acts of the Apostles is a work of acts of the apostles, not children's literature. It would not be analyzed under children's literature conventions.",The question incorrectly states children's literature instead of the correct value acts of the apostles.
Adam Lambert,categorical,work_genre_categorical,dance-pop,indie rock,"Within the specific conventions of indie rock, how is the narrative structure of Adam Lambert analyzed?","No, Adam Lambert is a work of dance-pop, not indie rock. It would not be analyzed under indie rock conventions.",The question incorrectly states indie rock instead of the correct value dance-pop.
Adam Levine,categorical,work_genre_categorical,pop rock,image sharing,"Within the specific conventions of image sharing, how is the narrative structure of Adam Levine analyzed?","No, Adam Levine is a work of pop rock, not image sharing. It would not be analyzed under image sharing conventions.",The question incorrectly states image sharing instead of the correct value pop rock.
Adam Mickiewicz,categorical,work_genre_categorical,essay,biographical television program,"Within the specific conventions of biographical television program, how is the narrative structure of Adam Mickiewicz analyzed?","No, Adam Mickiewicz is a work of essay, not biographical television program. It would not be analyzed under biographical television program conventions.",The question incorrectly states biographical television program instead of the correct value essay.
Adele,categorical,work_genre_categorical,blue-eyed soul,colossal statue,"Within the specific conventions of colossal statue, how is the narrative structure of Adele analyzed?","No, Adele is a work of blue-eyed soul, not colossal statue. It would not be analyzed under colossal statue conventions.",The question incorrectly states colossal statue instead of the correct value blue-eyed soul.
Adolphe Adam,categorical,work_genre_categorical,classical music,Hari Raya music,"Within the specific conventions of Hari Raya music, how is the narrative structure of Adolphe Adam analyzed?","No, Adolphe Adam is a work of classical music, not Hari Raya music. It would not be analyzed under Hari Raya music conventions.",The question incorrectly states Hari Raya music instead of the correct value classical music.
Adriano Celentano,categorical,work_genre_categorical,easy listening,novel sequence,"Within the specific conventions of novel sequence, how is the narrative structure of Adriano Celentano analyzed?","No, Adriano Celentano is a work of easy listening, not novel sequence. It would not be analyzed under novel sequence conventions.",The question incorrectly states novel sequence instead of the correct value easy listening.
Advance Australia Fair,categorical,work_genre_categorical,anthem,Armenian folk music,"Within the specific conventions of Armenian folk music, how is the narrative structure of Advance Australia Fair analyzed?","No, Advance Australia Fair is a work of anthem, not Armenian folk music. It would not be analyzed under Armenian folk music conventions.",The question incorrectly states Armenian folk music instead of the correct value anthem.
Adventures of Huckleberry Finn,categorical,work_genre_categorical,adventure fiction,magical girl,"Within the specific conventions of magical girl, how is the narrative structure of Adventures of Huckleberry Finn analyzed?","No, Adventures of Huckleberry Finn is a work of adventure fiction, not magical girl. It would not be analyzed under magical girl conventions.",The question incorrectly states magical girl instead of the correct value adventure fiction.
Adventure Time,categorical,work_genre_categorical,action television series,blue-eyed soul,"Within the specific conventions of blue-eyed soul, how is the narrative structure of Adventure Time analyzed?","No, Adventure Time is a work of action television series, not blue-eyed soul. It would not be analyzed under blue-eyed soul conventions.",The question incorrectly states blue-eyed soul instead of the correct value action television series.
Aegukga,categorical,work_genre_categorical,anthem,epic film,"Within the specific conventions of epic film, how is the narrative structure of Aegukga analyzed?","No, Aegukga is a work of anthem, not epic film. It would not be analyzed under epic film conventions.",The question incorrectly states epic film instead of the correct value anthem.
Aegukka,categorical,work_genre_categorical,anthem,Hi-NRG,"Within the specific conventions of Hi-NRG, how is the narrative structure of Aegukka analyzed?","No, Aegukka is a work of anthem, not Hi-NRG. It would not be analyzed under Hi-NRG conventions.",The question incorrectly states Hi-NRG instead of the correct value anthem.
Aeneid,categorical,work_genre_categorical,epic literature,Anglo-Saxon art,"Within the specific conventions of Anglo-Saxon art, how is the narrative structure of Aeneid analyzed?","No, Aeneid is a work of epic literature, not Anglo-Saxon art. It would not be analyzed under Anglo-Saxon art conventions.",The question incorrectly states Anglo-Saxon art instead of the correct value epic literature.
Aerosmith,categorical,work_genre_categorical,blues rock,dubstep,"Within the specific conventions of dubstep, how is the narrative structure of Aerosmith analyzed?","No, Aerosmith is a work of blues rock, not dubstep. It would not be analyzed under dubstep conventions.",The question incorrectly states dubstep instead of the correct value blues rock.
Aeschylus,categorical,work_genre_categorical,Greek tragedy,gore film,"Within the specific conventions of gore film, how is the narrative structure of Aeschylus analyzed?","No, Aeschylus is a work of Greek tragedy, not gore film. It would not be analyzed under gore film conventions.",The question incorrectly states gore film instead of the correct value Greek tragedy.
Aesop's Fables,categorical,work_genre_categorical,fable,neo-classical metal,"Within the specific conventions of neo-classical metal, how is the narrative structure of Aesop's Fables analyzed?","No, Aesop's Fables is a work of fable, not neo-classical metal. It would not be analyzed under neo-classical metal conventions.",The question incorrectly states neo-classical metal instead of the correct value fable.
A Farewell to Arms,categorical,work_genre_categorical,war novel,period novel,"Within the specific conventions of period novel, how is the narrative structure of A Farewell to Arms analyzed?","No, A Farewell to Arms is a work of war novel, not period novel. It would not be analyzed under period novel conventions.",The question incorrectly states period novel instead of the correct value war novel.
A Fistful of Dollars,categorical,work_genre_categorical,action film,acid rock,"Within the specific conventions of acid rock, how is the narrative structure of A Fistful of Dollars analyzed?","No, A Fistful of Dollars is a work of action film, not acid rock. It would not be analyzed under acid rock conventions.",The question incorrectly states acid rock instead of the correct value action film.
A Game of Thrones,categorical,work_genre_categorical,fantasy,avant-garde music,"Within the specific conventions of avant-garde music, how is the narrative structure of A Game of Thrones analyzed?","No, A Game of Thrones is a work of fantasy, not avant-garde music. It would not be analyzed under avant-garde music conventions.",The question incorrectly states avant-garde music instead of the correct value fantasy.
Agatha Christie,categorical,work_genre_categorical,adventure fiction,new wave of British heavy metal,"Within the specific conventions of new wave of British heavy metal, how is the narrative structure of Agatha Christie analyzed?","No, Agatha Christie is a work of adventure fiction, not new wave of British heavy metal. It would not be analyzed under new wave of British heavy metal conventions.",The question incorrectly states new wave of British heavy metal instead of the correct value adventure fiction.
Age of Empires II: The Age of Kings,categorical,work_genre_categorical,historical video game,marine art,"Within the specific conventions of marine art, how is the narrative structure of Age of Empires II: The Age of Kings analyzed?","No, Age of Empires II: The Age of Kings is a work of historical video game, not marine art. It would not be analyzed under marine art conventions.",The question incorrectly states marine art instead of the correct value historical video game.
Agnetha Fältskog,categorical,work_genre_categorical,dansband music,defaced flag,"Within the specific conventions of defaced flag, how is the narrative structure of Agnetha Fältskog analyzed?","No, Agnetha Fältskog is a work of dansband music, not defaced flag. It would not be analyzed under defaced flag conventions.",The question incorrectly states defaced flag instead of the correct value dansband music.
Agnez Mo,categorical,work_genre_categorical,contemporary R&B,body horror film,"Within the specific conventions of body horror film, how is the narrative structure of Agnez Mo analyzed?","No, Agnez Mo is a work of contemporary R&B, not body horror film. It would not be analyzed under body horror film conventions.",The question incorrectly states body horror film instead of the correct value contemporary R&B.
"Aguirre, the Wrath of God",categorical,work_genre_categorical,adventure film,letopis,"Within the specific conventions of letopis, how is the narrative structure of Aguirre, the Wrath of God analyzed?","No, Aguirre, the Wrath of God is a work of adventure film, not letopis. It would not be analyzed under letopis conventions.",The question incorrectly states letopis instead of the correct value adventure film.
A Hard Day's Night,categorical,work_genre_categorical,pop rock,legal act,"Within the specific conventions of legal act, how is the narrative structure of A Hard Day's Night analyzed?","No, A Hard Day's Night is a work of pop rock, not legal act. It would not be analyzed under legal act conventions.",The question incorrectly states legal act instead of the correct value pop rock.
A.I. Artificial Intelligence,categorical,work_genre_categorical,drama film,political thriller film,"Within the specific conventions of political thriller film, how is the narrative structure of A.I. Artificial Intelligence analyzed?","No, A.I. Artificial Intelligence is a work of drama film, not political thriller film. It would not be analyzed under political thriller film conventions.",The question incorrectly states political thriller film instead of the correct value drama film.
Aida,categorical,work_genre_categorical,opera,café-chantant,"Within the specific conventions of café-chantant, how is the narrative structure of Aida analyzed?","No, Aida is a work of opera, not café-chantant. It would not be analyzed under café-chantant conventions.",The question incorrectly states café-chantant instead of the correct value opera.
Airat Ichmouratov,categorical,work_genre_categorical,classical music,folktronica,"Within the specific conventions of folktronica, how is the narrative structure of Airat Ichmouratov analyzed?","No, Airat Ichmouratov is a work of classical music, not folktronica. It would not be analyzed under folktronica conventions.",The question incorrectly states folktronica instead of the correct value classical music.
Ai Weiwei,categorical,work_genre_categorical,art of sculpture,astronaut photography,"Within the specific conventions of astronaut photography, how is the narrative structure of Ai Weiwei analyzed?","No, Ai Weiwei is a work of art of sculpture, not astronaut photography. It would not be analyzed under astronaut photography conventions.",The question incorrectly states astronaut photography instead of the correct value art of sculpture.
A Journey to the Centre of the Earth,categorical,work_genre_categorical,adventure,music television,"Within the specific conventions of music television, how is the narrative structure of A Journey to the Centre of the Earth analyzed?","No, A Journey to the Centre of the Earth is a work of adventure, not music television. It would not be analyzed under music television conventions.",The question incorrectly states music television instead of the correct value adventure.
AKB48,categorical,work_genre_categorical,bubblegum music,blaxploitation film,"Within the specific conventions of blaxploitation film, how is the narrative structure of AKB48 analyzed?","No, AKB48 is a work of bubblegum music, not blaxploitation film. It would not be analyzed under blaxploitation film conventions.",The question incorrectly states blaxploitation film instead of the correct value bubblegum music.
Akira Toriyama,categorical,work_genre_categorical,fantasy,manifesto,"Within the specific conventions of manifesto, how is the narrative structure of Akira Toriyama analyzed?","No, Akira Toriyama is a work of fantasy, not manifesto. It would not be analyzed under manifesto conventions.",The question incorrectly states manifesto instead of the correct value fantasy.
Akon,categorical,work_genre_categorical,contemporary R&B,bossa nova,"Within the specific conventions of bossa nova, how is the narrative structure of Akon analyzed?","No, Akon is a work of contemporary R&B, not bossa nova. It would not be analyzed under bossa nova conventions.",The question incorrectly states bossa nova instead of the correct value contemporary R&B.
Akseli Gallen-Kallela,categorical,work_genre_categorical,portrait,orchestral pop,"Within the specific conventions of orchestral pop, how is the narrative structure of Akseli Gallen-Kallela analyzed?","No, Akseli Gallen-Kallela is a work of portrait, not orchestral pop. It would not be analyzed under orchestral pop conventions.",The question incorrectly states orchestral pop instead of the correct value portrait.
Aladdin,categorical,work_genre_categorical,action film,gacha game,"Within the specific conventions of gacha game, how is the narrative structure of Aladdin analyzed?","No, Aladdin is a work of action film, not gacha game. It would not be analyzed under gacha game conventions.",The question incorrectly states gacha game instead of the correct value action film.
Alain Delon,categorical,work_genre_categorical,detective fiction,docudrama,"Within the specific conventions of docudrama, how is the narrative structure of Alain Delon analyzed?","No, Alain Delon is a work of detective fiction, not docudrama. It would not be analyzed under docudrama conventions.",The question incorrectly states docudrama instead of the correct value detective fiction.
Alanis Morissette,categorical,work_genre_categorical,alternative rock,miniature,"Within the specific conventions of miniature, how is the narrative structure of Alanis Morissette analyzed?","No, Alanis Morissette is a work of alternative rock, not miniature. It would not be analyzed under miniature conventions.",The question incorrectly states miniature instead of the correct value alternative rock.
Alan Moore,categorical,work_genre_categorical,comics,apologetics,"Within the specific conventions of apologetics, how is the narrative structure of Alan Moore analyzed?","No, Alan Moore is a work of comics, not apologetics. It would not be analyzed under apologetics conventions.",The question incorrectly states apologetics instead of the correct value comics.
Alan Rickman,categorical,work_genre_categorical,Shakespearean comedy,light music,"Within the specific conventions of light music, how is the narrative structure of Alan Rickman analyzed?","No, Alan Rickman is a work of Shakespearean comedy, not light music. It would not be analyzed under light music conventions.",The question incorrectly states light music instead of the correct value Shakespearean comedy.
Alan Silvestri,categorical,work_genre_categorical,blues,fiction,"Within the specific conventions of fiction, how is the narrative structure of Alan Silvestri analyzed?","No, Alan Silvestri is a work of blues, not fiction. It would not be analyzed under fiction conventions.",The question incorrectly states fiction instead of the correct value blues.
Alan Walker,categorical,work_genre_categorical,deep house,animated sitcom,"Within the specific conventions of animated sitcom, how is the narrative structure of Alan Walker analyzed?","No, Alan Walker is a work of deep house, not animated sitcom. It would not be analyzed under animated sitcom conventions.",The question incorrectly states animated sitcom instead of the correct value deep house.
Alban Berg,categorical,work_genre_categorical,opera,baroque pop,"Within the specific conventions of baroque pop, how is the narrative structure of Alban Berg analyzed?","No, Alban Berg is a work of opera, not baroque pop. It would not be analyzed under baroque pop conventions.",The question incorrectly states baroque pop instead of the correct value opera.
Albert Finney,categorical,work_genre_categorical,Shakespearean comedy,industrial music,"Within the specific conventions of industrial music, how is the narrative structure of Albert Finney analyzed?","No, Albert Finney is a work of Shakespearean comedy, not industrial music. It would not be analyzed under industrial music conventions.",The question incorrectly states industrial music instead of the correct value Shakespearean comedy.
Alberto Giacometti,categorical,work_genre_categorical,abstract art,fantasy manga,"Within the specific conventions of fantasy manga, how is the narrative structure of Alberto Giacometti analyzed?","No, Alberto Giacometti is a work of abstract art, not fantasy manga. It would not be analyzed under fantasy manga conventions.",The question incorrectly states fantasy manga instead of the correct value abstract art.
Alberto Moravia,categorical,work_genre_categorical,essay,historical mystery,"Within the specific conventions of historical mystery, how is the narrative structure of Alberto Moravia analyzed?","No, Alberto Moravia is a work of essay, not historical mystery. It would not be analyzed under historical mystery conventions.",The question incorrectly states historical mystery instead of the correct value essay.
Albrecht Dürer,categorical,work_genre_categorical,allegory,police procedural film,"Within the specific conventions of police procedural film, how is the narrative structure of Albrecht Dürer analyzed?","No, Albrecht Dürer is a work of allegory, not police procedural film. It would not be analyzed under police procedural film conventions.",The question incorrectly states police procedural film instead of the correct value allegory.
Alcaeus of Mytilene,categorical,work_genre_categorical,Greek lyric,criticism,"Within the specific conventions of criticism, how is the narrative structure of Alcaeus of Mytilene analyzed?","No, Alcaeus of Mytilene is a work of Greek lyric, not criticism. It would not be analyzed under criticism conventions.",The question incorrectly states criticism instead of the correct value Greek lyric.
Alec Baldwin,categorical,work_genre_categorical,soap opera,electric blues,"Within the specific conventions of electric blues, how is the narrative structure of Alec Baldwin analyzed?","No, Alec Baldwin is a work of soap opera, not electric blues. It would not be analyzed under electric blues conventions.",The question incorrectly states electric blues instead of the correct value soap opera.
Alec Guinness,categorical,work_genre_categorical,Shakespearean comedy,invasion literature,"Within the specific conventions of invasion literature, how is the narrative structure of Alec Guinness analyzed?","No, Alec Guinness is a work of Shakespearean comedy, not invasion literature. It would not be analyzed under invasion literature conventions.",The question incorrectly states invasion literature instead of the correct value Shakespearean comedy.
Alejandro Jodorowsky,categorical,work_genre_categorical,science fiction,independent music,"Within the specific conventions of independent music, how is the narrative structure of Alejandro Jodorowsky analyzed?","No, Alejandro Jodorowsky is a work of science fiction, not independent music. It would not be analyzed under independent music conventions.",The question incorrectly states independent music instead of the correct value science fiction.
Aleksandr Kuprin,categorical,work_genre_categorical,feuilleton,drama television series,"Within the specific conventions of drama television series, how is the narrative structure of Aleksandr Kuprin analyzed?","No, Aleksandr Kuprin is a work of feuilleton, not drama television series. It would not be analyzed under drama television series conventions.",The question incorrectly states drama television series instead of the correct value feuilleton.
Aleksandr Solzhenitsyn,categorical,work_genre_categorical,essay,ballet,"Within the specific conventions of ballet, how is the narrative structure of Aleksandr Solzhenitsyn analyzed?","No, Aleksandr Solzhenitsyn is a work of essay, not ballet. It would not be analyzed under ballet conventions.",The question incorrectly states ballet instead of the correct value essay.
Aleksey Konstantinovich Tolstoy,categorical,work_genre_categorical,poetry,heist film,"Within the specific conventions of heist film, how is the narrative structure of Aleksey Konstantinovich Tolstoy analyzed?","No, Aleksey Konstantinovich Tolstoy is a work of poetry, not heist film. It would not be analyzed under heist film conventions.",The question incorrectly states heist film instead of the correct value poetry.
Aleksey Tolstoy,categorical,work_genre_categorical,historical prose literature,Gospel,"Within the specific conventions of Gospel, how is the narrative structure of Aleksey Tolstoy analyzed?","No, Aleksey Tolstoy is a work of historical prose literature, not Gospel. It would not be analyzed under Gospel conventions.",The question incorrectly states Gospel instead of the correct value historical prose literature.
Alessandro Scarlatti,categorical,work_genre_categorical,classical music,Hellenistic period,"Within the specific conventions of Hellenistic period, how is the narrative structure of Alessandro Scarlatti analyzed?","No, Alessandro Scarlatti is a work of classical music, not Hellenistic period. It would not be analyzed under Hellenistic period conventions.",The question incorrectly states Hellenistic period instead of the correct value classical music.
Alexander,categorical,work_genre_categorical,action film,anime song,"Within the specific conventions of anime song, how is the narrative structure of Alexander analyzed?","No, Alexander is a work of action film, not anime song. It would not be analyzed under anime song conventions.",The question incorrectly states anime song instead of the correct value action film.
Alexander Archipenko,categorical,work_genre_categorical,abstract art,observational comedy,"Within the specific conventions of observational comedy, how is the narrative structure of Alexander Archipenko analyzed?","No, Alexander Archipenko is a work of abstract art, not observational comedy. It would not be analyzed under observational comedy conventions.",The question incorrectly states observational comedy instead of the correct value abstract art.
Alexander Blok,categorical,work_genre_categorical,elegy,anime film,"Within the specific conventions of anime film, how is the narrative structure of Alexander Blok analyzed?","No, Alexander Blok is a work of elegy, not anime film. It would not be analyzed under anime film conventions.",The question incorrectly states anime film instead of the correct value elegy.
Alexander Borodin,categorical,work_genre_categorical,chamber music,conscious hip-hop,"Within the specific conventions of conscious hip-hop, how is the narrative structure of Alexander Borodin analyzed?","No, Alexander Borodin is a work of chamber music, not conscious hip-hop. It would not be analyzed under conscious hip-hop conventions.",The question incorrectly states conscious hip-hop instead of the correct value chamber music.
Alexander Calder,categorical,work_genre_categorical,abstract art,belletristic literature,"Within the specific conventions of belletristic literature, how is the narrative structure of Alexander Calder analyzed?","No, Alexander Calder is a work of abstract art, not belletristic literature. It would not be analyzed under belletristic literature conventions.",The question incorrectly states belletristic literature instead of the correct value abstract art.
Alexander Glazunov,categorical,work_genre_categorical,classical music,news magazine,"Within the specific conventions of news magazine, how is the narrative structure of Alexander Glazunov analyzed?","No, Alexander Glazunov is a work of classical music, not news magazine. It would not be analyzed under news magazine conventions.",The question incorrectly states news magazine instead of the correct value classical music.
Alexander Griboyedov,categorical,work_genre_categorical,comedy,Gypsy jazz,"Within the specific conventions of Gypsy jazz, how is the narrative structure of Alexander Griboyedov analyzed?","No, Alexander Griboyedov is a work of comedy, not Gypsy jazz. It would not be analyzed under Gypsy jazz conventions.",The question incorrectly states Gypsy jazz instead of the correct value comedy.
Alexander Grin,categorical,work_genre_categorical,novella,clay animation,"Within the specific conventions of clay animation, how is the narrative structure of Alexander Grin analyzed?","No, Alexander Grin is a work of novella, not clay animation. It would not be analyzed under clay animation conventions.",The question incorrectly states clay animation instead of the correct value novella.
Alexander Herzen,categorical,work_genre_categorical,literary criticism,fantasy comedy,"Within the specific conventions of fantasy comedy, how is the narrative structure of Alexander Herzen analyzed?","No, Alexander Herzen is a work of literary criticism, not fantasy comedy. It would not be analyzed under fantasy comedy conventions.",The question incorrectly states fantasy comedy instead of the correct value literary criticism.
Alexander Ostrovsky,categorical,work_genre_categorical,comedy,catalogue,"Within the specific conventions of catalogue, how is the narrative structure of Alexander Ostrovsky analyzed?","No, Alexander Ostrovsky is a work of comedy, not catalogue. It would not be analyzed under catalogue conventions.",The question incorrectly states catalogue instead of the correct value comedy.
Alexander Pope,categorical,work_genre_categorical,poetry,art,"Within the specific conventions of art, how is the narrative structure of Alexander Pope analyzed?","No, Alexander Pope is a work of poetry, not art. It would not be analyzed under art conventions.",The question incorrectly states art instead of the correct value poetry.
Alexander Pushkin,categorical,work_genre_categorical,criticism,Arthurian painting,"Within the specific conventions of Arthurian painting, how is the narrative structure of Alexander Pushkin analyzed?","No, Alexander Pushkin is a work of criticism, not Arthurian painting. It would not be analyzed under Arthurian painting conventions.",The question incorrectly states Arthurian painting instead of the correct value criticism.
Alexander Rybak,categorical,work_genre_categorical,adult contemporary music,libretto,"Within the specific conventions of libretto, how is the narrative structure of Alexander Rybak analyzed?","No, Alexander Rybak is a work of adult contemporary music, not libretto. It would not be analyzed under libretto conventions.",The question incorrectly states libretto instead of the correct value adult contemporary music.
Alexandre Dumas fils,categorical,work_genre_categorical,historical prose literature,American television sitcom,"Within the specific conventions of American television sitcom, how is the narrative structure of Alexandre Dumas fils analyzed?","No, Alexandre Dumas fils is a work of historical prose literature, not American television sitcom. It would not be analyzed under American television sitcom conventions.",The question incorrectly states American television sitcom instead of the correct value historical prose literature.
Alex Turner,categorical,work_genre_categorical,alternative rock,electronica,"Within the specific conventions of electronica, how is the narrative structure of Alex Turner analyzed?","No, Alex Turner is a work of alternative rock, not electronica. It would not be analyzed under electronica conventions.",The question incorrectly states electronica instead of the correct value alternative rock.
ALF,categorical,work_genre_categorical,science fiction television program,decoupage,"Within the specific conventions of decoupage, how is the narrative structure of ALF analyzed?","No, ALF is a work of science fiction television program, not decoupage. It would not be analyzed under decoupage conventions.",The question incorrectly states decoupage instead of the correct value science fiction television program.
Al-Fātiḥah,categorical,work_genre_categorical,religious text,neo-classical metal,"Within the specific conventions of neo-classical metal, how is the narrative structure of Al-Fātiḥah analyzed?","No, Al-Fātiḥah is a work of religious text, not neo-classical metal. It would not be analyzed under neo-classical metal conventions.",The question incorrectly states neo-classical metal instead of the correct value religious text.
Alfonso X of Castile and Leon,categorical,work_genre_categorical,poetry,atonality,"Within the specific conventions of atonality, how is the narrative structure of Alfonso X of Castile and Leon analyzed?","No, Alfonso X of Castile and Leon is a work of poetry, not atonality. It would not be analyzed under atonality conventions.",The question incorrectly states atonality instead of the correct value poetry.
Alfred de Vigny,categorical,work_genre_categorical,poetry,comedy,"Within the specific conventions of comedy, how is the narrative structure of Alfred de Vigny analyzed?","No, Alfred de Vigny is a work of poetry, not comedy. It would not be analyzed under comedy conventions.",The question incorrectly states comedy instead of the correct value poetry.
Alfred Döblin,categorical,work_genre_categorical,Exilliteratur,cautionary tale,"Within the specific conventions of cautionary tale, how is the narrative structure of Alfred Döblin analyzed?","No, Alfred Döblin is a work of Exilliteratur, not cautionary tale. It would not be analyzed under cautionary tale conventions.",The question incorrectly states cautionary tale instead of the correct value Exilliteratur.
Alfred Hitchcock,categorical,work_genre_categorical,action film,Catholic Mass,"Within the specific conventions of Catholic Mass, how is the narrative structure of Alfred Hitchcock analyzed?","No, Alfred Hitchcock is a work of action film, not Catholic Mass. It would not be analyzed under Catholic Mass conventions.",The question incorrectly states Catholic Mass instead of the correct value action film.
Alfred Molina,categorical,work_genre_categorical,Shakespearean comedy,gnomic poetry,"Within the specific conventions of gnomic poetry, how is the narrative structure of Alfred Molina analyzed?","No, Alfred Molina is a work of Shakespearean comedy, not gnomic poetry. It would not be analyzed under gnomic poetry conventions.",The question incorrectly states gnomic poetry instead of the correct value Shakespearean comedy.
Alfred Sisley,categorical,work_genre_categorical,landscape painting,article,"Within the specific conventions of article, how is the narrative structure of Alfred Sisley analyzed?","No, Alfred Sisley is a work of landscape painting, not article. It would not be analyzed under article conventions.",The question incorrectly states article instead of the correct value landscape painting.
Alice Cooper,categorical,work_genre_categorical,classic rock,Indian folk music,"Within the specific conventions of Indian folk music, how is the narrative structure of Alice Cooper analyzed?","No, Alice Cooper is a work of classic rock, not Indian folk music. It would not be analyzed under Indian folk music conventions.",The question incorrectly states Indian folk music instead of the correct value classic rock.
Alice in Chains,categorical,work_genre_categorical,alternative metal,classical mechanics,"Within the specific conventions of classical mechanics, how is the narrative structure of Alice in Chains analyzed?","No, Alice in Chains is a work of alternative metal, not classical mechanics. It would not be analyzed under classical mechanics conventions.",The question incorrectly states classical mechanics instead of the correct value alternative metal.
Alice in Wonderland,categorical,work_genre_categorical,adventure film,fiction,"Within the specific conventions of fiction, how is the narrative structure of Alice in Wonderland analyzed?","No, Alice in Wonderland is a work of adventure film, not fiction. It would not be analyzed under fiction conventions.",The question incorrectly states fiction instead of the correct value adventure film.
Alice's Adventures in Wonderland,categorical,work_genre_categorical,children's book,American folk music,"Within the specific conventions of American folk music, how is the narrative structure of Alice's Adventures in Wonderland analyzed?","No, Alice's Adventures in Wonderland is a work of children's book, not American folk music. It would not be analyzed under American folk music conventions.",The question incorrectly states American folk music instead of the correct value children's book.
Alice Through the Looking Glass,categorical,work_genre_categorical,cinematic fairy tale,easy listening,"Within the specific conventions of easy listening, how is the narrative structure of Alice Through the Looking Glass analyzed?","No, Alice Through the Looking Glass is a work of cinematic fairy tale, not easy listening. It would not be analyzed under easy listening conventions.",The question incorrectly states easy listening instead of the correct value cinematic fairy tale.
Alicia Keys,categorical,work_genre_categorical,contemporary R&B,outsider music,"Within the specific conventions of outsider music, how is the narrative structure of Alicia Keys analyzed?","No, Alicia Keys is a work of contemporary R&B, not outsider music. It would not be analyzed under outsider music conventions.",The question incorrectly states outsider music instead of the correct value contemporary R&B.
Alicia Silverstone,categorical,work_genre_categorical,comedy,experimental music,"Within the specific conventions of experimental music, how is the narrative structure of Alicia Silverstone analyzed?","No, Alicia Silverstone is a work of comedy, not experimental music. It would not be analyzed under experimental music conventions.",The question incorrectly states experimental music instead of the correct value comedy.
Alien,categorical,work_genre_categorical,action film,epic literature,"Within the specific conventions of epic literature, how is the narrative structure of Alien analyzed?","No, Alien is a work of action film, not epic literature. It would not be analyzed under epic literature conventions.",The question incorrectly states epic literature instead of the correct value action film.
Alien 3,categorical,work_genre_categorical,action film,political manifesto,"Within the specific conventions of political manifesto, how is the narrative structure of Alien 3 analyzed?","No, Alien 3 is a work of action film, not political manifesto. It would not be analyzed under political manifesto conventions.",The question incorrectly states political manifesto instead of the correct value action film.
Aliens,categorical,work_genre_categorical,action film,Hari Raya music,"Within the specific conventions of Hari Raya music, how is the narrative structure of Aliens analyzed?","No, Aliens is a work of action film, not Hari Raya music. It would not be analyzed under Hari Raya music conventions.",The question incorrectly states Hari Raya music instead of the correct value action film.
Alita: Battle Angel,categorical,work_genre_categorical,action film,apocalyptic fiction,"Within the specific conventions of apocalyptic fiction, how is the narrative structure of Alita: Battle Angel analyzed?","No, Alita: Battle Angel is a work of action film, not apocalyptic fiction. It would not be analyzed under apocalyptic fiction conventions.",The question incorrectly states apocalyptic fiction instead of the correct value action film.
Alizée,categorical,work_genre_categorical,dance-pop,animated film with LGBT character(s),"Within the specific conventions of animated film with LGBT character(s), how is the narrative structure of Alizée analyzed?","No, Alizée is a work of dance-pop, not animated film with LGBT character(s). It would not be analyzed under animated film with LGBT character(s) conventions.",The question incorrectly states animated film with LGBT character(s) instead of the correct value dance-pop.
Al-Jahiz,categorical,work_genre_categorical,satire,cityscape,"Within the specific conventions of cityscape, how is the narrative structure of Al-Jahiz analyzed?","No, Al-Jahiz is a work of satire, not cityscape. It would not be analyzed under cityscape conventions.",The question incorrectly states cityscape instead of the correct value satire.
All About Eve,categorical,work_genre_categorical,comedy film,electronic dance music,"Within the specific conventions of electronic dance music, how is the narrative structure of All About Eve analyzed?","No, All About Eve is a work of comedy film, not electronic dance music. It would not be analyzed under electronic dance music conventions.",The question incorrectly states electronic dance music instead of the correct value comedy film.
All About My Mother,categorical,work_genre_categorical,comedy drama,period novel,"Within the specific conventions of period novel, how is the narrative structure of All About My Mother analyzed?","No, All About My Mother is a work of comedy drama, not period novel. It would not be analyzed under period novel conventions.",The question incorrectly states period novel instead of the correct value comedy drama.
Alla Pugacheva,categorical,work_genre_categorical,blues,Greek tragedy,"Within the specific conventions of Greek tragedy, how is the narrative structure of Alla Pugacheva analyzed?","No, Alla Pugacheva is a work of blues, not Greek tragedy. It would not be analyzed under Greek tragedy conventions.",The question incorrectly states Greek tragedy instead of the correct value blues.
Allegory of the Cave,categorical,work_genre_categorical,allegory,parody music,"Within the specific conventions of parody music, how is the narrative structure of Allegory of the Cave analyzed?","No, Allegory of the Cave is a work of allegory, not parody music. It would not be analyzed under parody music conventions.",The question incorrectly states parody music instead of the correct value allegory.
Allen Ginsberg,categorical,work_genre_categorical,confessional poetry,chanson réaliste,"Within the specific conventions of chanson réaliste, how is the narrative structure of Allen Ginsberg analyzed?","No, Allen Ginsberg is a work of confessional poetry, not chanson réaliste. It would not be analyzed under chanson réaliste conventions.",The question incorrectly states chanson réaliste instead of the correct value confessional poetry.
All Quiet on the Western Front,categorical,work_genre_categorical,drama film,lecture,"Within the specific conventions of lecture, how is the narrative structure of All Quiet on the Western Front analyzed?","No, All Quiet on the Western Front is a work of drama film, not lecture. It would not be analyzed under lecture conventions.",The question incorrectly states lecture instead of the correct value drama film.
All the President's Men,categorical,work_genre_categorical,crime film,bebop,"Within the specific conventions of bebop, how is the narrative structure of All the President's Men analyzed?","No, All the President's Men is a work of crime film, not bebop. It would not be analyzed under bebop conventions.",The question incorrectly states bebop instead of the correct value crime film.
Almagest,categorical,work_genre_categorical,treatise,experimental rock,"Within the specific conventions of experimental rock, how is the narrative structure of Almagest analyzed?","No, Almagest is a work of treatise, not experimental rock. It would not be analyzed under experimental rock conventions.",The question incorrectly states experimental rock instead of the correct value treatise.
Al Pacino,categorical,work_genre_categorical,action film,cumbia,"Within the specific conventions of cumbia, how is the narrative structure of Al Pacino analyzed?","No, Al Pacino is a work of action film, not cumbia. It would not be analyzed under cumbia conventions.",The question incorrectly states cumbia instead of the correct value action film.
50 Cent,categorical,person_occupation_role,actor,business broker,How did 50 Cent's professional background as a business broker influence their most famous works?,"Actually, 50 Cent is known as a actor, not a business broker.",The question incorrectly states business broker instead of the correct value actor.
Aamir Khan,categorical,person_occupation_role,film actor,casting director,How did Aamir Khan's professional background as a casting director influence their most famous works?,"Actually, Aamir Khan is known as a film actor, not a casting director.",The question incorrectly states casting director instead of the correct value film actor.
Abd al-Aziz Boutafliqa,categorical,person_occupation_role,diplomat,essayist,How did Abd al-Aziz Boutafliqa's professional background as a essayist influence their most famous works?,"Actually, Abd al-Aziz Boutafliqa is known as a diplomat, not a essayist.",The question incorrectly states essayist instead of the correct value diplomat.
Abdel Fattah el-Sisi,categorical,person_occupation_role,military personnel,film studio executive,How did Abdel Fattah el-Sisi's professional background as a film studio executive influence their most famous works?,"Actually, Abdel Fattah el-Sisi is known as a military personnel, not a film studio executive.",The question incorrectly states film studio executive instead of the correct value military personnel.
Abdul Hamid II,categorical,person_occupation_role,sovereign,gambler,How did Abdul Hamid II's professional background as a gambler influence their most famous works?,"Actually, Abdul Hamid II is known as a sovereign, not a gambler.",The question incorrectly states gambler instead of the correct value sovereign.
Abdullah Gül,categorical,person_occupation_role,diplomat,entertainer,How did Abdullah Gül's professional background as a entertainer influence their most famous works?,"Actually, Abdullah Gül is known as a diplomat, not a entertainer.",The question incorrectly states entertainer instead of the correct value diplomat.
Abdullah II of Jordan,categorical,person_occupation_role,monarch,influencer,How did Abdullah II of Jordan's professional background as a influencer influence their most famous works?,"Actually, Abdullah II of Jordan is known as a monarch, not a influencer.",The question incorrectly states influencer instead of the correct value monarch.
Abdullah of Saudi Arabia,categorical,person_occupation_role,politician,evangelist,How did Abdullah of Saudi Arabia's professional background as a evangelist influence their most famous works?,"Actually, Abdullah of Saudi Arabia is known as a politician, not a evangelist.",The question incorrectly states evangelist instead of the correct value politician.
Abel Tasman,categorical,person_occupation_role,author,cinephile,How did Abel Tasman's professional background as a cinephile influence their most famous works?,"Actually, Abel Tasman is known as a author, not a cinephile.",The question incorrectly states cinephile instead of the correct value author.
Abraham,categorical,person_occupation_role,founder of religion,keytarist,How did Abraham's professional background as a keytarist influence their most famous works?,"Actually, Abraham is known as a founder of religion, not a keytarist.",The question incorrectly states keytarist instead of the correct value founder of religion.
Abraham Lincoln,categorical,person_occupation_role,farmer,astronaut,How did Abraham Lincoln's professional background as a astronaut influence their most famous works?,"Actually, Abraham Lincoln is known as a farmer, not a astronaut.",The question incorrectly states astronaut instead of the correct value farmer.
Abu Nuwas,categorical,person_occupation_role,poet,chief executive officer,How did Abu Nuwas's professional background as a chief executive officer influence their most famous works?,"Actually, Abu Nuwas is known as a poet, not a chief executive officer.",The question incorrectly states chief executive officer instead of the correct value poet.
Ada Lovelace,categorical,person_occupation_role,computer scientist,bureaucrat,How did Ada Lovelace's professional background as a bureaucrat influence their most famous works?,"Actually, Ada Lovelace is known as a computer scientist, not a bureaucrat.",The question incorrectly states bureaucrat instead of the correct value computer scientist.
Adam,categorical,person_occupation_role,farmer,educational strategist,How did Adam's professional background as a educational strategist influence their most famous works?,"Actually, Adam is known as a farmer, not a educational strategist.",The question incorrectly states educational strategist instead of the correct value farmer.
Adam Mickiewicz,categorical,person_occupation_role,poet,investor,How did Adam Mickiewicz's professional background as a investor influence their most famous works?,"Actually, Adam Mickiewicz is known as a poet, not a investor.",The question incorrectly states investor instead of the correct value poet.
Adam Smith,categorical,person_occupation_role,economist,anesthesiologist,How did Adam Smith's professional background as a anesthesiologist influence their most famous works?,"Actually, Adam Smith is known as a economist, not a anesthesiologist.",The question incorrectly states anesthesiologist instead of the correct value economist.
Adele,categorical,person_occupation_role,musician,academic staff,How did Adele's professional background as a academic staff influence their most famous works?,"Actually, Adele is known as a musician, not a academic staff.",The question incorrectly states academic staff instead of the correct value musician.
Adolf Hitler,categorical,person_occupation_role,Holocaust perpetrator,axiologist,How did Adolf Hitler's professional background as a axiologist influence their most famous works?,"Actually, Adolf Hitler is known as a Holocaust perpetrator, not a axiologist.",The question incorrectly states axiologist instead of the correct value Holocaust perpetrator.
Aeschylus,categorical,person_occupation_role,playwright,Champ Car driver,How did Aeschylus's professional background as a Champ Car driver influence their most famous works?,"Actually, Aeschylus is known as a playwright, not a Champ Car driver.",The question incorrectly states Champ Car driver instead of the correct value playwright.
Aesop,categorical,person_occupation_role,fabulist,ethologist,How did Aesop's professional background as a ethologist influence their most famous works?,"Actually, Aesop is known as a fabulist, not a ethologist.",The question incorrectly states ethologist instead of the correct value fabulist.
Agatha Christie,categorical,person_occupation_role,crime fiction writer,activist,How did Agatha Christie's professional background as a activist influence their most famous works?,"Actually, Agatha Christie is known as a crime fiction writer, not a activist.",The question incorrectly states activist instead of the correct value crime fiction writer.
Agnez Mo,categorical,person_occupation_role,actor,long-distance runner,How did Agnez Mo's professional background as a long-distance runner influence their most famous works?,"Actually, Agnez Mo is known as a actor, not a long-distance runner.",The question incorrectly states long-distance runner instead of the correct value actor.
Aisha,categorical,person_occupation_role,poet,estrada artist,How did Aisha's professional background as a estrada artist influence their most famous works?,"Actually, Aisha is known as a poet, not a estrada artist.",The question incorrectly states estrada artist instead of the correct value poet.
Aishwarya Rai,categorical,person_occupation_role,actor,amateur photographer,How did Aishwarya Rai's professional background as a amateur photographer influence their most famous works?,"Actually, Aishwarya Rai is known as a actor, not a amateur photographer.",The question incorrectly states amateur photographer instead of the correct value actor.
Akbar,categorical,person_occupation_role,monarch,eugenicist,How did Akbar's professional background as a eugenicist influence their most famous works?,"Actually, Akbar is known as a monarch, not a eugenicist.",The question incorrectly states eugenicist instead of the correct value monarch.
Akhenaten,categorical,person_occupation_role,pharaoh,banker,How did Akhenaten's professional background as a banker influence their most famous works?,"Actually, Akhenaten is known as a pharaoh, not a banker.",The question incorrectly states banker instead of the correct value pharaoh.
Akihito,categorical,person_occupation_role,ichthyologist,decorative artist,How did Akihito's professional background as a decorative artist influence their most famous works?,"Actually, Akihito is known as a ichthyologist, not a decorative artist.",The question incorrectly states decorative artist instead of the correct value ichthyologist.
Akira Kurosawa,categorical,person_occupation_role,director,congressional staff,How did Akira Kurosawa's professional background as a congressional staff influence their most famous works?,"Actually, Akira Kurosawa is known as a director, not a congressional staff.",The question incorrectly states congressional staff instead of the correct value director.
Alain Delon,categorical,person_occupation_role,actor,burglar,How did Alain Delon's professional background as a burglar influence their most famous works?,"Actually, Alain Delon is known as a actor, not a burglar.",The question incorrectly states burglar instead of the correct value actor.
Alan Turing,categorical,person_occupation_role,computer scientist,martial artist,How did Alan Turing's professional background as a martial artist influence their most famous works?,"Actually, Alan Turing is known as a computer scientist, not a martial artist.",The question incorrectly states martial artist instead of the correct value computer scientist.
Albert A. Michelson,categorical,person_occupation_role,military officer,hip hop producer,How did Albert A. Michelson's professional background as a hip hop producer influence their most famous works?,"Actually, Albert A. Michelson is known as a military officer, not a hip hop producer.",The question incorrectly states hip hop producer instead of the correct value military officer.
Albert Camus,categorical,person_occupation_role,association football player,lighting designer,How did Albert Camus's professional background as a lighting designer influence their most famous works?,"Actually, Albert Camus is known as a association football player, not a lighting designer.",The question incorrectly states lighting designer instead of the correct value association football player.
Albert Einstein,categorical,person_occupation_role,inventor,agricultural scientist,How did Albert Einstein's professional background as a agricultural scientist influence their most famous works?,"Actually, Albert Einstein is known as a inventor, not a agricultural scientist.",The question incorrectly states agricultural scientist instead of the correct value inventor.
Albert Schweitzer,categorical,person_occupation_role,composer,chapelmaster,How did Albert Schweitzer's professional background as a chapelmaster influence their most famous works?,"Actually, Albert Schweitzer is known as a composer, not a chapelmaster.",The question incorrectly states chapelmaster instead of the correct value composer.
Al-Biruni,categorical,person_occupation_role,anthropologist,cabaret performer,How did Al-Biruni's professional background as a cabaret performer influence their most famous works?,"Actually, Al-Biruni is known as a anthropologist, not a cabaret performer.",The question incorrectly states cabaret performer instead of the correct value anthropologist.
Albrecht Dürer,categorical,person_occupation_role,art theorist,jihadist,How did Albrecht Dürer's professional background as a jihadist influence their most famous works?,"Actually, Albrecht Dürer is known as a art theorist, not a jihadist.",The question incorrectly states jihadist instead of the correct value art theorist.
Al Capone,categorical,person_occupation_role,gangster,literary translator,How did Al Capone's professional background as a literary translator influence their most famous works?,"Actually, Al Capone is known as a gangster, not a literary translator.",The question incorrectly states literary translator instead of the correct value gangster.
Aldous Huxley,categorical,person_occupation_role,novelist,aikidoka,How did Aldous Huxley's professional background as a aikidoka influence their most famous works?,"Actually, Aldous Huxley is known as a novelist, not a aikidoka.",The question incorrectly states aikidoka instead of the correct value novelist.
Aleksandr Solzhenitsyn,categorical,person_occupation_role,historian,Manhattan Project,How did Aleksandr Solzhenitsyn's professional background as a Manhattan Project influence their most famous works?,"Actually, Aleksandr Solzhenitsyn is known as a historian, not a Manhattan Project.",The question incorrectly states Manhattan Project instead of the correct value historian.
Alessandro Manzoni,categorical,person_occupation_role,novelist,country musician,How did Alessandro Manzoni's professional background as a country musician influence their most famous works?,"Actually, Alessandro Manzoni is known as a novelist, not a country musician.",The question incorrectly states country musician instead of the correct value novelist.
Alessandro Volta,categorical,person_occupation_role,academic,anarchist militiaman,How did Alessandro Volta's professional background as a anarchist militiaman influence their most famous works?,"Actually, Alessandro Volta is known as a academic, not a anarchist militiaman.",The question incorrectly states anarchist militiaman instead of the correct value academic.
Alexander Blok,categorical,person_occupation_role,literary critic,employee,How did Alexander Blok's professional background as a employee influence their most famous works?,"Actually, Alexander Blok is known as a literary critic, not a employee.",The question incorrectly states employee instead of the correct value literary critic.
Alexander Fleming,categorical,person_occupation_role,bacteriologist,herder,How did Alexander Fleming's professional background as a herder influence their most famous works?,"Actually, Alexander Fleming is known as a bacteriologist, not a herder.",The question incorrectly states herder instead of the correct value bacteriologist.
Alexander Graham Bell,categorical,person_occupation_role,businessperson,decorator,How did Alexander Graham Bell's professional background as a decorator influence their most famous works?,"Actually, Alexander Graham Bell is known as a businessperson, not a decorator.",The question incorrectly states decorator instead of the correct value businessperson.
Alexander Hamilton,categorical,person_occupation_role,aide-de-camp,flight instructor,How did Alexander Hamilton's professional background as a flight instructor influence their most famous works?,"Actually, Alexander Hamilton is known as a aide-de-camp, not a flight instructor.",The question incorrectly states flight instructor instead of the correct value aide-de-camp.
Alexander II of Russia,categorical,person_occupation_role,monarch,classical guitarist,How did Alexander II of Russia's professional background as a classical guitarist influence their most famous works?,"Actually, Alexander II of Russia is known as a monarch, not a classical guitarist.",The question incorrectly states classical guitarist instead of the correct value monarch.
Alexander I of Russia,categorical,person_occupation_role,monarch,collagist,How did Alexander I of Russia's professional background as a collagist influence their most famous works?,"Actually, Alexander I of Russia is known as a monarch, not a collagist.",The question incorrectly states collagist instead of the correct value monarch.
Alexander Lukashenko,categorical,person_occupation_role,director,critic,How did Alexander Lukashenko's professional background as a critic influence their most famous works?,"Actually, Alexander Lukashenko is known as a director, not a critic.",The question incorrectly states critic instead of the correct value director.
Alexander Pope,categorical,person_occupation_role,literary historian,booker,How did Alexander Pope's professional background as a booker influence their most famous works?,"Actually, Alexander Pope is known as a literary historian, not a booker.",The question incorrectly states booker instead of the correct value literary historian.
Alexander Pushkin,categorical,person_occupation_role,book collector,hip hop producer,How did Alexander Pushkin's professional background as a hip hop producer influence their most famous works?,"Actually, Alexander Pushkin is known as a book collector, not a hip hop producer.",The question incorrectly states hip hop producer instead of the correct value book collector.
Alexander the Great,categorical,person_occupation_role,military leader,club DJ,How did Alexander the Great's professional background as a club DJ influence their most famous works?,"Actually, Alexander the Great is known as a military leader, not a club DJ.",The question incorrectly states club DJ instead of the correct value military leader.
Alexander VI,categorical,person_occupation_role,Catholic priest,detective,How did Alexander VI's professional background as a detective influence their most famous works?,"Actually, Alexander VI is known as a Catholic priest, not a detective.",The question incorrectly states detective instead of the correct value Catholic priest.
Alexander von Humboldt,categorical,person_occupation_role,astronomer,business broker,How did Alexander von Humboldt's professional background as a business broker influence their most famous works?,"Actually, Alexander von Humboldt is known as a astronomer, not a business broker.",The question incorrectly states business broker instead of the correct value astronomer.
Alexandre Dumas,categorical,person_occupation_role,novelist,ingénieurs et cadres techniques d'entreprise,How did Alexandre Dumas's professional background as a ingénieurs et cadres techniques d'entreprise influence their most famous works?,"Actually, Alexandre Dumas is known as a novelist, not a ingénieurs et cadres techniques d'entreprise.",The question incorrectly states ingénieurs et cadres techniques d'entreprise instead of the correct value novelist.
Alexandre Dumas fils,categorical,person_occupation_role,dramaturge,career soldier,How did Alexandre Dumas fils's professional background as a career soldier influence their most famous works?,"Actually, Alexandre Dumas fils is known as a dramaturge, not a career soldier.",The question incorrectly states career soldier instead of the correct value dramaturge.
Alexei Navalny,categorical,person_occupation_role,activist,independent scholar,How did Alexei Navalny's professional background as a independent scholar influence their most famous works?,"Actually, Alexei Navalny is known as a activist, not a independent scholar.",The question incorrectly states independent scholar instead of the correct value activist.
Alex Ferguson,categorical,person_occupation_role,association football coach,agricultural scientist,How did Alex Ferguson's professional background as a agricultural scientist influence their most famous works?,"Actually, Alex Ferguson is known as a association football coach, not a agricultural scientist.",The question incorrectly states agricultural scientist instead of the correct value association football coach.
Alexis de Tocqueville,categorical,person_occupation_role,historian,Islamic religious leaders,How did Alexis de Tocqueville's professional background as a Islamic religious leaders influence their most famous works?,"Actually, Alexis de Tocqueville is known as a historian, not a Islamic religious leaders.",The question incorrectly states Islamic religious leaders instead of the correct value historian.
Alfred Adler,categorical,person_occupation_role,ophthalmologist,foreign minister,How did Alfred Adler's professional background as a foreign minister influence their most famous works?,"Actually, Alfred Adler is known as a ophthalmologist, not a foreign minister.",The question incorrectly states foreign minister instead of the correct value ophthalmologist.
Alfred Hitchcock,categorical,person_occupation_role,actor,haiku poet,How did Alfred Hitchcock's professional background as a haiku poet influence their most famous works?,"Actually, Alfred Hitchcock is known as a actor, not a haiku poet.",The question incorrectly states haiku poet instead of the correct value actor.
Alfred Nobel,categorical,person_occupation_role,chemist,hotel manager,How did Alfred Nobel's professional background as a hotel manager influence their most famous works?,"Actually, Alfred Nobel is known as a chemist, not a hotel manager.",The question incorrectly states hotel manager instead of the correct value chemist.
Alfred Russel Wallace,categorical,person_occupation_role,anthropologist,malariologist,How did Alfred Russel Wallace's professional background as a malariologist influence their most famous works?,"Actually, Alfred Russel Wallace is known as a anthropologist, not a malariologist.",The question incorrectly states malariologist instead of the correct value anthropologist.
Alfred Tennyson,categorical,person_occupation_role,poet,feuilletonist,How did Alfred Tennyson's professional background as a feuilletonist influence their most famous works?,"Actually, Alfred Tennyson is known as a poet, not a feuilletonist.",The question incorrectly states feuilletonist instead of the correct value poet.
Alfred the Great,categorical,person_occupation_role,monarch,historian of Modern Age,How did Alfred the Great's professional background as a historian of Modern Age influence their most famous works?,"Actually, Alfred the Great is known as a monarch, not a historian of Modern Age.",The question incorrectly states historian of Modern Age instead of the correct value monarch.
Al-Ghazali,categorical,person_occupation_role,autobiographer,financial analyst,How did Al-Ghazali's professional background as a financial analyst influence their most famous works?,"Actually, Al-Ghazali is known as a autobiographer, not a financial analyst.",The question incorrectly states financial analyst instead of the correct value autobiographer.
Al Gore,categorical,person_occupation_role,blogger,ethnologist,How did Al Gore's professional background as a ethnologist influence their most famous works?,"Actually, Al Gore is known as a blogger, not a ethnologist.",The question incorrectly states ethnologist instead of the correct value blogger.
Alice Munro,categorical,person_occupation_role,journalist,historian of cartography,How did Alice Munro's professional background as a historian of cartography influence their most famous works?,"Actually, Alice Munro is known as a journalist, not a historian of cartography.",The question incorrectly states historian of cartography instead of the correct value journalist.
Alī ibn Abī Ṭālib,categorical,person_occupation_role,caliph,hoogleraar,How did Alī ibn Abī Ṭālib's professional background as a hoogleraar influence their most famous works?,"Actually, Alī ibn Abī Ṭālib is known as a caliph, not a hoogleraar.",The question incorrectly states hoogleraar instead of the correct value caliph.
Ali Khamenei,categorical,person_occupation_role,Islamic jurist,architectural theoretician,How did Ali Khamenei's professional background as a architectural theoretician influence their most famous works?,"Actually, Ali Khamenei is known as a Islamic jurist, not a architectural theoretician.",The question incorrectly states architectural theoretician instead of the correct value Islamic jurist.
Alla Pugacheva,categorical,person_occupation_role,actor,comedian,How did Alla Pugacheva's professional background as a comedian influence their most famous works?,"Actually, Alla Pugacheva is known as a actor, not a comedian.",The question incorrectly states comedian instead of the correct value actor.
Al Pacino,categorical,person_occupation_role,actor,cup-bearer,How did Al Pacino's professional background as a cup-bearer influence their most famous works?,"Actually, Al Pacino is known as a actor, not a cup-bearer.",The question incorrectly states cup-bearer instead of the correct value actor.
Alphonse Daudet,categorical,person_occupation_role,autobiographer,laser physicist,How did Alphonse Daudet's professional background as a laser physicist influence their most famous works?,"Actually, Alphonse Daudet is known as a autobiographer, not a laser physicist.",The question incorrectly states laser physicist instead of the correct value autobiographer.
Alphonse de Lamartine,categorical,person_occupation_role,autobiographer,homeopath,How did Alphonse de Lamartine's professional background as a homeopath influence their most famous works?,"Actually, Alphonse de Lamartine is known as a autobiographer, not a homeopath.",The question incorrectly states homeopath instead of the correct value autobiographer.
Amartya Sen,categorical,person_occupation_role,economist,historian of mathematics,How did Amartya Sen's professional background as a historian of mathematics influence their most famous works?,"Actually, Amartya Sen is known as a economist, not a historian of mathematics.",The question incorrectly states historian of mathematics instead of the correct value economist.
Amelia Earhart,categorical,person_occupation_role,aircraft pilot,Czechoslovak legionary,How did Amelia Earhart's professional background as a Czechoslovak legionary influence their most famous works?,"Actually, Amelia Earhart is known as a aircraft pilot, not a Czechoslovak legionary.",The question incorrectly states Czechoslovak legionary instead of the correct value aircraft pilot.
Américo Vespucio,categorical,person_occupation_role,cartographer,film director,How did Américo Vespucio's professional background as a film director influence their most famous works?,"Actually, Américo Vespucio is known as a cartographer, not a film director.",The question incorrectly states film director instead of the correct value cartographer.
Amitabh Bachchan,categorical,person_occupation_role,actor,business oligarch,How did Amitabh Bachchan's professional background as a business oligarch influence their most famous works?,"Actually, Amitabh Bachchan is known as a actor, not a business oligarch.",The question incorrectly states business oligarch instead of the correct value actor.
Amy Winehouse,categorical,person_occupation_role,composer,comedian,How did Amy Winehouse's professional background as a comedian influence their most famous works?,"Actually, Amy Winehouse is known as a composer, not a comedian.",The question incorrectly states comedian instead of the correct value composer.
Anastacia,categorical,person_occupation_role,author,legal scholar,How did Anastacia's professional background as a legal scholar influence their most famous works?,"Actually, Anastacia is known as a author, not a legal scholar.",The question incorrectly states legal scholar instead of the correct value author.
Anatole France,categorical,person_occupation_role,biographer,creative director,How did Anatole France's professional background as a creative director influence their most famous works?,"Actually, Anatole France is known as a biographer, not a creative director.",The question incorrectly states creative director instead of the correct value biographer.
Anatoliy Solovyanenko,categorical,person_occupation_role,opera singer,dissident,How did Anatoliy Solovyanenko's professional background as a dissident influence their most famous works?,"Actually, Anatoliy Solovyanenko is known as a opera singer, not a dissident.",The question incorrectly states dissident instead of the correct value opera singer.
Anaxagoras,categorical,person_occupation_role,astronomer,blogger,How did Anaxagoras's professional background as a blogger influence their most famous works?,"Actually, Anaxagoras is known as a astronomer, not a blogger.",The question incorrectly states blogger instead of the correct value astronomer.
Anaximander,categorical,person_occupation_role,astronomer,bus driver,How did Anaximander's professional background as a bus driver influence their most famous works?,"Actually, Anaximander is known as a astronomer, not a bus driver.",The question incorrectly states bus driver instead of the correct value astronomer.
10 Things I Hate About You,person,film_director_swap,Gil Junger,James Wong,How did the visual style of director James Wong manifest in the cinematography of their film 10 Things I Hate About You?,"The film 10 Things I Hate About You was directed by Gil Junger, not James Wong. James Wong was likely a collaborator or from a similar era.",The question incorrectly states James Wong instead of the correct value Gil Junger.
127 Hours,person,film_director_swap,Danny Boyle,Ted Berman,How did the visual style of director Ted Berman manifest in the cinematography of their film 127 Hours?,"The film 127 Hours was directed by Danny Boyle, not Ted Berman. Ted Berman was likely a collaborator or from a similar era.",The question incorrectly states Ted Berman instead of the correct value Danny Boyle.
12 Angry Men,person,film_director_swap,Sidney Lumet,Joe Pytka,How did the visual style of director Joe Pytka manifest in the cinematography of their film 12 Angry Men?,"The film 12 Angry Men was directed by Sidney Lumet, not Joe Pytka. Joe Pytka was likely a collaborator or from a similar era.",The question incorrectly states Joe Pytka instead of the correct value Sidney Lumet.
12 Monkeys,person,film_director_swap,Terry Gilliam,Gil Junger,How did the visual style of director Gil Junger manifest in the cinematography of their film 12 Monkeys?,"The film 12 Monkeys was directed by Terry Gilliam, not Gil Junger. Gil Junger was likely a collaborator or from a similar era.",The question incorrectly states Gil Junger instead of the correct value Terry Gilliam.
12 Years a Slave,person,film_director_swap,Steve McQueen,Steve Purcell,How did the visual style of director Steve Purcell manifest in the cinematography of their film 12 Years a Slave?,"The film 12 Years a Slave was directed by Steve McQueen, not Steve Purcell. Steve Purcell was likely a collaborator or from a similar era.",The question incorrectly states Steve Purcell instead of the correct value Steve McQueen.
1917,person,film_director_swap,Sam Mendes,William Wyler,How did the visual style of director William Wyler manifest in the cinematography of their film 1917?,"The film 1917 was directed by Sam Mendes, not William Wyler. William Wyler was likely a collaborator or from a similar era.",The question incorrectly states William Wyler instead of the correct value Sam Mendes.
2001: A Space Odyssey,person,film_director_swap,Stanley Kubrick,Jorma Taccone,How did the visual style of director Jorma Taccone manifest in the cinematography of their film 2001: A Space Odyssey?,"The film 2001: A Space Odyssey was directed by Stanley Kubrick, not Jorma Taccone. Jorma Taccone was likely a collaborator or from a similar era.",The question incorrectly states Jorma Taccone instead of the correct value Stanley Kubrick.
2012,person,film_director_swap,Roland Emmerich,Friz Freleng,How did the visual style of director Friz Freleng manifest in the cinematography of their film 2012?,"The film 2012 was directed by Roland Emmerich, not Friz Freleng. Friz Freleng was likely a collaborator or from a similar era.",The question incorrectly states Friz Freleng instead of the correct value Roland Emmerich.
21 Grams,person,film_director_swap,Alejandro González Iñárritu,Wolfgang Reitherman,How did the visual style of director Wolfgang Reitherman manifest in the cinematography of their film 21 Grams?,"The film 21 Grams was directed by Alejandro González Iñárritu, not Wolfgang Reitherman. Wolfgang Reitherman was likely a collaborator or from a similar era.",The question incorrectly states Wolfgang Reitherman instead of the correct value Alejandro González Iñárritu.
2 Fast 2 Furious,person,film_director_swap,John Singleton,Bradley Raymond,How did the visual style of director Bradley Raymond manifest in the cinematography of their film 2 Fast 2 Furious?,"The film 2 Fast 2 Furious was directed by John Singleton, not Bradley Raymond. Bradley Raymond was likely a collaborator or from a similar era.",The question incorrectly states Bradley Raymond instead of the correct value John Singleton.
300,person,film_director_swap,Zack Snyder,Lee Eung-bok,How did the visual style of director Lee Eung-bok manifest in the cinematography of their film 300?,"The film 300 was directed by Zack Snyder, not Lee Eung-bok. Lee Eung-bok was likely a collaborator or from a similar era.",The question incorrectly states Lee Eung-bok instead of the correct value Zack Snyder.
3:10 to Yuma,person,film_director_swap,James Mangold,Alexander Payne,How did the visual style of director Alexander Payne manifest in the cinematography of their film 3:10 to Yuma?,"The film 3:10 to Yuma was directed by James Mangold, not Alexander Payne. Alexander Payne was likely a collaborator or from a similar era.",The question incorrectly states Alexander Payne instead of the correct value James Mangold.
3 Idiots,person,film_director_swap,Rajkumar Hirani,Steven Lisberger,How did the visual style of director Steven Lisberger manifest in the cinematography of their film 3 Idiots?,"The film 3 Idiots was directed by Rajkumar Hirani, not Steven Lisberger. Steven Lisberger was likely a collaborator or from a similar era.",The question incorrectly states Steven Lisberger instead of the correct value Rajkumar Hirani.
50 First Dates,person,film_director_swap,Peter Segal,Michael Slovis,How did the visual style of director Michael Slovis manifest in the cinematography of their film 50 First Dates?,"The film 50 First Dates was directed by Peter Segal, not Michael Slovis. Michael Slovis was likely a collaborator or from a similar era.",The question incorrectly states Michael Slovis instead of the correct value Peter Segal.
8½,person,film_director_swap,Federico Fellini,Art Wolff,How did the visual style of director Art Wolff manifest in the cinematography of their film 8½?,"The film 8½ was directed by Federico Fellini, not Art Wolff. Art Wolff was likely a collaborator or from a similar era.",The question incorrectly states Art Wolff instead of the correct value Federico Fellini.
8 Mile,person,film_director_swap,Curtis Hanson,Jeannine Roussel,How did the visual style of director Jeannine Roussel manifest in the cinematography of their film 8 Mile?,"The film 8 Mile was directed by Curtis Hanson, not Jeannine Roussel. Jeannine Roussel was likely a collaborator or from a similar era.",The question incorrectly states Jeannine Roussel instead of the correct value Curtis Hanson.
A Beautiful Mind,person,film_director_swap,Ron Howard,Éric Toledano,How did the visual style of director Éric Toledano manifest in the cinematography of their film A Beautiful Mind?,"The film A Beautiful Mind was directed by Ron Howard, not Éric Toledano. Éric Toledano was likely a collaborator or from a similar era.",The question incorrectly states Éric Toledano instead of the correct value Ron Howard.
Ace Ventura: Pet Detective,person,film_director_swap,Tom Shadyac,Richard Alan Greenberg,How did the visual style of director Richard Alan Greenberg manifest in the cinematography of their film Ace Ventura: Pet Detective?,"The film Ace Ventura: Pet Detective was directed by Tom Shadyac, not Richard Alan Greenberg. Richard Alan Greenberg was likely a collaborator or from a similar era.",The question incorrectly states Richard Alan Greenberg instead of the correct value Tom Shadyac.
A Clockwork Orange,person,film_director_swap,Stanley Kubrick,Bill Johnson,How did the visual style of director Bill Johnson manifest in the cinematography of their film A Clockwork Orange?,"The film A Clockwork Orange was directed by Stanley Kubrick, not Bill Johnson. Bill Johnson was likely a collaborator or from a similar era.",The question incorrectly states Bill Johnson instead of the correct value Stanley Kubrick.
A Fistful of Dollars,person,film_director_swap,Monte Hellman,Tim Story,How did the visual style of director Tim Story manifest in the cinematography of their film A Fistful of Dollars?,"The film A Fistful of Dollars was directed by Monte Hellman, not Tim Story. Tim Story was likely a collaborator or from a similar era.",The question incorrectly states Tim Story instead of the correct value Monte Hellman.
"Aguirre, the Wrath of God",person,film_director_swap,Werner Herzog,Anne Fletcher,"How did the visual style of director Anne Fletcher manifest in the cinematography of their film Aguirre, the Wrath of God?","The film Aguirre, the Wrath of God was directed by Werner Herzog, not Anne Fletcher. Anne Fletcher was likely a collaborator or from a similar era.",The question incorrectly states Anne Fletcher instead of the correct value Werner Herzog.
A.I. Artificial Intelligence,person,film_director_swap,Steven Spielberg,Steve Trenbirth,How did the visual style of director Steve Trenbirth manifest in the cinematography of their film A.I. Artificial Intelligence?,"The film A.I. Artificial Intelligence was directed by Steven Spielberg, not Steve Trenbirth. Steve Trenbirth was likely a collaborator or from a similar era.",The question incorrectly states Steve Trenbirth instead of the correct value Steven Spielberg.
Aladdin,person,film_director_swap,Guy Ritchie,Andy Ackerman,How did the visual style of director Andy Ackerman manifest in the cinematography of their film Aladdin?,"The film Aladdin was directed by Guy Ritchie, not Andy Ackerman. Andy Ackerman was likely a collaborator or from a similar era.",The question incorrectly states Andy Ackerman instead of the correct value Guy Ritchie.
Alexander,person,film_director_swap,Oliver Stone,Frederick King Keller,How did the visual style of director Frederick King Keller manifest in the cinematography of their film Alexander?,"The film Alexander was directed by Oliver Stone, not Frederick King Keller. Frederick King Keller was likely a collaborator or from a similar era.",The question incorrectly states Frederick King Keller instead of the correct value Oliver Stone.
Alice in Wonderland,person,film_director_swap,Tim Burton,Dennis Hopper,How did the visual style of director Dennis Hopper manifest in the cinematography of their film Alice in Wonderland?,"The film Alice in Wonderland was directed by Tim Burton, not Dennis Hopper. Dennis Hopper was likely a collaborator or from a similar era.",The question incorrectly states Dennis Hopper instead of the correct value Tim Burton.
Alice Through the Looking Glass,person,film_director_swap,James Bobin,Yeon Sang-ho,How did the visual style of director Yeon Sang-ho manifest in the cinematography of their film Alice Through the Looking Glass?,"The film Alice Through the Looking Glass was directed by James Bobin, not Yeon Sang-ho. Yeon Sang-ho was likely a collaborator or from a similar era.",The question incorrectly states Yeon Sang-ho instead of the correct value James Bobin.
Alien,person,film_director_swap,Ridley Scott,Alexander Witt,How did the visual style of director Alexander Witt manifest in the cinematography of their film Alien?,"The film Alien was directed by Ridley Scott, not Alexander Witt. Alexander Witt was likely a collaborator or from a similar era.",The question incorrectly states Alexander Witt instead of the correct value Ridley Scott.
Alien 3,person,film_director_swap,David Fincher,Peter Sohn,How did the visual style of director Peter Sohn manifest in the cinematography of their film Alien 3?,"The film Alien 3 was directed by David Fincher, not Peter Sohn. Peter Sohn was likely a collaborator or from a similar era.",The question incorrectly states Peter Sohn instead of the correct value David Fincher.
Aliens,person,film_director_swap,James Cameron,Damien Chazelle,How did the visual style of director Damien Chazelle manifest in the cinematography of their film Aliens?,"The film Aliens was directed by James Cameron, not Damien Chazelle. Damien Chazelle was likely a collaborator or from a similar era.",The question incorrectly states Damien Chazelle instead of the correct value James Cameron.
Alita: Battle Angel,person,film_director_swap,Robert Rodriguez,Francis Lawrence,How did the visual style of director Francis Lawrence manifest in the cinematography of their film Alita: Battle Angel?,"The film Alita: Battle Angel was directed by Robert Rodriguez, not Francis Lawrence. Francis Lawrence was likely a collaborator or from a similar era.",The question incorrectly states Francis Lawrence instead of the correct value Robert Rodriguez.
All About Eve,person,film_director_swap,Joseph L. Mankiewicz,Chris Sanders,How did the visual style of director Chris Sanders manifest in the cinematography of their film All About Eve?,"The film All About Eve was directed by Joseph L. Mankiewicz, not Chris Sanders. Chris Sanders was likely a collaborator or from a similar era.",The question incorrectly states Chris Sanders instead of the correct value Joseph L. Mankiewicz.
All About My Mother,person,film_director_swap,Pedro Almodóvar,Lee Unkrich,How did the visual style of director Lee Unkrich manifest in the cinematography of their film All About My Mother?,"The film All About My Mother was directed by Pedro Almodóvar, not Lee Unkrich. Lee Unkrich was likely a collaborator or from a similar era.",The question incorrectly states Lee Unkrich instead of the correct value Pedro Almodóvar.
All Quiet on the Western Front,person,film_director_swap,Lewis Milestone,Robert Lieberman,How did the visual style of director Robert Lieberman manifest in the cinematography of their film All Quiet on the Western Front?,"The film All Quiet on the Western Front was directed by Lewis Milestone, not Robert Lieberman. Robert Lieberman was likely a collaborator or from a similar era.",The question incorrectly states Robert Lieberman instead of the correct value Lewis Milestone.
All the President's Men,person,film_director_swap,Alan J. Pakula,Charise Castro Smith,How did the visual style of director Charise Castro Smith manifest in the cinematography of their film All the President's Men?,"The film All the President's Men was directed by Alan J. Pakula, not Charise Castro Smith. Charise Castro Smith was likely a collaborator or from a similar era.",The question incorrectly states Charise Castro Smith instead of the correct value Alan J. Pakula.
Alvin and the Chipmunks,person,film_director_swap,Tim Hill,Neil Druckmann,How did the visual style of director Neil Druckmann manifest in the cinematography of their film Alvin and the Chipmunks?,"The film Alvin and the Chipmunks was directed by Tim Hill, not Neil Druckmann. Neil Druckmann was likely a collaborator or from a similar era.",The question incorrectly states Neil Druckmann instead of the correct value Tim Hill.
Alvin and the Chipmunks: Chipwrecked,person,film_director_swap,Mike Mitchell,Eric Darnell,How did the visual style of director Eric Darnell manifest in the cinematography of their film Alvin and the Chipmunks: Chipwrecked?,"The film Alvin and the Chipmunks: Chipwrecked was directed by Mike Mitchell, not Eric Darnell. Eric Darnell was likely a collaborator or from a similar era.",The question incorrectly states Eric Darnell instead of the correct value Mike Mitchell.
Amadeus,person,film_director_swap,Miloš Forman,Larry Charles,How did the visual style of director Larry Charles manifest in the cinematography of their film Amadeus?,"The film Amadeus was directed by Miloš Forman, not Larry Charles. Larry Charles was likely a collaborator or from a similar era.",The question incorrectly states Larry Charles instead of the correct value Miloš Forman.
A Man for All Seasons,person,film_director_swap,Fred Zinnemann,Rudolf Ising,How did the visual style of director Rudolf Ising manifest in the cinematography of their film A Man for All Seasons?,"The film A Man for All Seasons was directed by Fred Zinnemann, not Rudolf Ising. Rudolf Ising was likely a collaborator or from a similar era.",The question incorrectly states Rudolf Ising instead of the correct value Fred Zinnemann.
Amarcord,person,film_director_swap,Federico Fellini,Garry Marshall,How did the visual style of director Garry Marshall manifest in the cinematography of their film Amarcord?,"The film Amarcord was directed by Federico Fellini, not Garry Marshall. Garry Marshall was likely a collaborator or from a similar era.",The question incorrectly states Garry Marshall instead of the correct value Federico Fellini.
Amélie,person,film_director_swap,Jean-Pierre Jeunet,Terry Jones,How did the visual style of director Terry Jones manifest in the cinematography of their film Amélie?,"The film Amélie was directed by Jean-Pierre Jeunet, not Terry Jones. Terry Jones was likely a collaborator or from a similar era.",The question incorrectly states Terry Jones instead of the correct value Jean-Pierre Jeunet.
American Beauty,person,film_director_swap,Sam Mendes,J. J. Sedelmaier,How did the visual style of director J. J. Sedelmaier manifest in the cinematography of their film American Beauty?,"The film American Beauty was directed by Sam Mendes, not J. J. Sedelmaier. J. J. Sedelmaier was likely a collaborator or from a similar era.",The question incorrectly states J. J. Sedelmaier instead of the correct value Sam Mendes.
American Gangster,person,film_director_swap,Ridley Scott,Darren Lynn Bouseman,How did the visual style of director Darren Lynn Bouseman manifest in the cinematography of their film American Gangster?,"The film American Gangster was directed by Ridley Scott, not Darren Lynn Bouseman. Darren Lynn Bouseman was likely a collaborator or from a similar era.",The question incorrectly states Darren Lynn Bouseman instead of the correct value Ridley Scott.
American History X,person,film_director_swap,Tony Kaye,Paul Weiland,How did the visual style of director Paul Weiland manifest in the cinematography of their film American History X?,"The film American History X was directed by Tony Kaye, not Paul Weiland. Paul Weiland was likely a collaborator or from a similar era.",The question incorrectly states Paul Weiland instead of the correct value Tony Kaye.
American Hustle,person,film_director_swap,David O. Russell,Paul W. S. Anderson,How did the visual style of director Paul W. S. Anderson manifest in the cinematography of their film American Hustle?,"The film American Hustle was directed by David O. Russell, not Paul W. S. Anderson. Paul W. S. Anderson was likely a collaborator or from a similar era.",The question incorrectly states Paul W. S. Anderson instead of the correct value David O. Russell.
American Pie,person,film_director_swap,Chris Weitz,Steve Martino,How did the visual style of director Steve Martino manifest in the cinematography of their film American Pie?,"The film American Pie was directed by Chris Weitz, not Steve Martino. Steve Martino was likely a collaborator or from a similar era.",The question incorrectly states Steve Martino instead of the correct value Chris Weitz.
American Psycho,person,film_director_swap,Mary Harron,Chad Stahelski,How did the visual style of director Chad Stahelski manifest in the cinematography of their film American Psycho?,"The film American Psycho was directed by Mary Harron, not Chad Stahelski. Chad Stahelski was likely a collaborator or from a similar era.",The question incorrectly states Chad Stahelski instead of the correct value Mary Harron.
American Sniper,person,film_director_swap,Clint Eastwood,Tim Miller,How did the visual style of director Tim Miller manifest in the cinematography of their film American Sniper?,"The film American Sniper was directed by Clint Eastwood, not Tim Miller. Tim Miller was likely a collaborator or from a similar era.",The question incorrectly states Tim Miller instead of the correct value Clint Eastwood.
A Minecraft Movie,person,film_director_swap,Jared Hess,Wes Anderson,How did the visual style of director Wes Anderson manifest in the cinematography of their film A Minecraft Movie?,"The film A Minecraft Movie was directed by Jared Hess, not Wes Anderson. Wes Anderson was likely a collaborator or from a similar era.",The question incorrectly states Wes Anderson instead of the correct value Jared Hess.
Amour,person,film_director_swap,Michael Haneke,Dan Trachtenberg,How did the visual style of director Dan Trachtenberg manifest in the cinematography of their film Amour?,"The film Amour was directed by Michael Haneke, not Dan Trachtenberg. Dan Trachtenberg was likely a collaborator or from a similar era.",The question incorrectly states Dan Trachtenberg instead of the correct value Michael Haneke.
An American in Paris,person,film_director_swap,Vincente Minnelli,Innes Lloyd,How did the visual style of director Innes Lloyd manifest in the cinematography of their film An American in Paris?,"The film An American in Paris was directed by Vincente Minnelli, not Innes Lloyd. Innes Lloyd was likely a collaborator or from a similar era.",The question incorrectly states Innes Lloyd instead of the correct value Vincente Minnelli.
Angels & Demons,person,film_director_swap,Ron Howard,Carol Reed,How did the visual style of director Carol Reed manifest in the cinematography of their film Angels & Demons?,"The film Angels & Demons was directed by Ron Howard, not Carol Reed. Carol Reed was likely a collaborator or from a similar era.",The question incorrectly states Carol Reed instead of the correct value Ron Howard.
Annie Hall,person,film_director_swap,Woody Allen,Norman Wright,How did the visual style of director Norman Wright manifest in the cinematography of their film Annie Hall?,"The film Annie Hall was directed by Woody Allen, not Norman Wright. Norman Wright was likely a collaborator or from a similar era.",The question incorrectly states Norman Wright instead of the correct value Woody Allen.
Anora,person,film_director_swap,Sean Baker,Andrei Tarkovsky,How did the visual style of director Andrei Tarkovsky manifest in the cinematography of their film Anora?,"The film Anora was directed by Sean Baker, not Andrei Tarkovsky. Andrei Tarkovsky was likely a collaborator or from a similar era.",The question incorrectly states Andrei Tarkovsky instead of the correct value Sean Baker.
Ant-Man,person,film_director_swap,Peyton Reed,Irvin Kershner,How did the visual style of director Irvin Kershner manifest in the cinematography of their film Ant-Man?,"The film Ant-Man was directed by Peyton Reed, not Irvin Kershner. Irvin Kershner was likely a collaborator or from a similar era.",The question incorrectly states Irvin Kershner instead of the correct value Peyton Reed.
Ant-Man and the Wasp,person,film_director_swap,Peyton Reed,Nora Ephron,How did the visual style of director Nora Ephron manifest in the cinematography of their film Ant-Man and the Wasp?,"The film Ant-Man and the Wasp was directed by Peyton Reed, not Nora Ephron. Nora Ephron was likely a collaborator or from a similar era.",The question incorrectly states Nora Ephron instead of the correct value Peyton Reed.
Ant-Man and the Wasp: Quantumania,person,film_director_swap,Peyton Reed,Robert Stromberg,How did the visual style of director Robert Stromberg manifest in the cinematography of their film Ant-Man and the Wasp: Quantumania?,"The film Ant-Man and the Wasp: Quantumania was directed by Peyton Reed, not Robert Stromberg. Robert Stromberg was likely a collaborator or from a similar era.",The question incorrectly states Robert Stromberg instead of the correct value Peyton Reed.
Apocalypse Now,person,film_director_swap,Francis Ford Coppola,Joe Johnston,How did the visual style of director Joe Johnston manifest in the cinematography of their film Apocalypse Now?,"The film Apocalypse Now was directed by Francis Ford Coppola, not Joe Johnston. Joe Johnston was likely a collaborator or from a similar era.",The question incorrectly states Joe Johnston instead of the correct value Francis Ford Coppola.
Apocalypto,person,film_director_swap,Mel Gibson,John Lasseter,How did the visual style of director John Lasseter manifest in the cinematography of their film Apocalypto?,"The film Apocalypto was directed by Mel Gibson, not John Lasseter. John Lasseter was likely a collaborator or from a similar era.",The question incorrectly states John Lasseter instead of the correct value Mel Gibson.
Apollo 13,person,film_director_swap,Ron Howard,Scott Mosier,How did the visual style of director Scott Mosier manifest in the cinematography of their film Apollo 13?,"The film Apollo 13 was directed by Ron Howard, not Scott Mosier. Scott Mosier was likely a collaborator or from a similar era.",The question incorrectly states Scott Mosier instead of the correct value Ron Howard.
Aquaman,person,film_director_swap,James Wan,Denis Villeneuve,How did the visual style of director Denis Villeneuve manifest in the cinematography of their film Aquaman?,"The film Aquaman was directed by James Wan, not Denis Villeneuve. Denis Villeneuve was likely a collaborator or from a similar era.",The question incorrectly states Denis Villeneuve instead of the correct value James Wan.
Argo,person,film_director_swap,Ben Affleck,Bob Peterson,How did the visual style of director Bob Peterson manifest in the cinematography of their film Argo?,"The film Argo was directed by Ben Affleck, not Bob Peterson. Bob Peterson was likely a collaborator or from a similar era.",The question incorrectly states Bob Peterson instead of the correct value Ben Affleck.
Armageddon,person,film_director_swap,Michael Bay,Patty Jenkins,How did the visual style of director Patty Jenkins manifest in the cinematography of their film Armageddon?,"The film Armageddon was directed by Michael Bay, not Patty Jenkins. Patty Jenkins was likely a collaborator or from a similar era.",The question incorrectly states Patty Jenkins instead of the correct value Michael Bay.
Arrival,person,film_director_swap,Denis Villeneuve,Roland Joffé,How did the visual style of director Roland Joffé manifest in the cinematography of their film Arrival?,"The film Arrival was directed by Denis Villeneuve, not Roland Joffé. Roland Joffé was likely a collaborator or from a similar era.",The question incorrectly states Roland Joffé instead of the correct value Denis Villeneuve.
As Good as It Gets,person,film_director_swap,James L. Brooks,William Wegman,How did the visual style of director William Wegman manifest in the cinematography of their film As Good as It Gets?,"The film As Good as It Gets was directed by James L. Brooks, not William Wegman. William Wegman was likely a collaborator or from a similar era.",The question incorrectly states William Wegman instead of the correct value James L. Brooks.
A Star Is Born,person,film_director_swap,Bradley Cooper,Philip John,How did the visual style of director Philip John manifest in the cinematography of their film A Star Is Born?,"The film A Star Is Born was directed by Bradley Cooper, not Philip John. Philip John was likely a collaborator or from a similar era.",The question incorrectly states Philip John instead of the correct value Bradley Cooper.
A Streetcar Named Desire,person,film_director_swap,Elia Kazan,Franklin J. Schaffner,How did the visual style of director Franklin J. Schaffner manifest in the cinematography of their film A Streetcar Named Desire?,"The film A Streetcar Named Desire was directed by Elia Kazan, not Franklin J. Schaffner. Franklin J. Schaffner was likely a collaborator or from a similar era.",The question incorrectly states Franklin J. Schaffner instead of the correct value Elia Kazan.
Atonement,person,film_director_swap,Joe Wright,Byron Howard,How did the visual style of director Byron Howard manifest in the cinematography of their film Atonement?,"The film Atonement was directed by Joe Wright, not Byron Howard. Byron Howard was likely a collaborator or from a similar era.",The question incorrectly states Byron Howard instead of the correct value Joe Wright.
Avatar,person,film_director_swap,James Cameron,Ronnie del Carmen,How did the visual style of director Ronnie del Carmen manifest in the cinematography of their film Avatar?,"The film Avatar was directed by James Cameron, not Ronnie del Carmen. Ronnie del Carmen was likely a collaborator or from a similar era.",The question incorrectly states Ronnie del Carmen instead of the correct value James Cameron.
Avatar: Fire and Ash,person,film_director_swap,James Cameron,Tim Boxell,How did the visual style of director Tim Boxell manifest in the cinematography of their film Avatar: Fire and Ash?,"The film Avatar: Fire and Ash was directed by James Cameron, not Tim Boxell. Tim Boxell was likely a collaborator or from a similar era.",The question incorrectly states Tim Boxell instead of the correct value James Cameron.
Avatar: The Way of Water,person,film_director_swap,James Cameron,Henry Selick,How did the visual style of director Henry Selick manifest in the cinematography of their film Avatar: The Way of Water?,"The film Avatar: The Way of Water was directed by James Cameron, not Henry Selick. Henry Selick was likely a collaborator or from a similar era.",The question incorrectly states Henry Selick instead of the correct value James Cameron.
Avengers: Age of Ultron,person,film_director_swap,Joss Whedon,Rob Renzetti,How did the visual style of director Rob Renzetti manifest in the cinematography of their film Avengers: Age of Ultron?,"The film Avengers: Age of Ultron was directed by Joss Whedon, not Rob Renzetti. Rob Renzetti was likely a collaborator or from a similar era.",The question incorrectly states Rob Renzetti instead of the correct value Joss Whedon.
Avengers: Endgame,person,film_director_swap,Anthony Russo,Paul Rudish,How did the visual style of director Paul Rudish manifest in the cinematography of their film Avengers: Endgame?,"The film Avengers: Endgame was directed by Anthony Russo, not Paul Rudish. Paul Rudish was likely a collaborator or from a similar era.",The question incorrectly states Paul Rudish instead of the correct value Anthony Russo.
Avengers: Infinity War,person,film_director_swap,Anthony Russo,Chris Bailey,How did the visual style of director Chris Bailey manifest in the cinematography of their film Avengers: Infinity War?,"The film Avengers: Infinity War was directed by Anthony Russo, not Chris Bailey. Chris Bailey was likely a collaborator or from a similar era.",The question incorrectly states Chris Bailey instead of the correct value Anthony Russo.
A View to a Kill,person,film_director_swap,John Glen,Nelson McCormick,How did the visual style of director Nelson McCormick manifest in the cinematography of their film A View to a Kill?,"The film A View to a Kill was directed by John Glen, not Nelson McCormick. Nelson McCormick was likely a collaborator or from a similar era.",The question incorrectly states Nelson McCormick instead of the correct value John Glen.
Babel,person,film_director_swap,Alejandro González Iñárritu,Toby Haynes,How did the visual style of director Toby Haynes manifest in the cinematography of their film Babel?,"The film Babel was directed by Alejandro González Iñárritu, not Toby Haynes. Toby Haynes was likely a collaborator or from a similar era.",The question incorrectly states Toby Haynes instead of the correct value Alejandro González Iñárritu.
Back to the Future,person,film_director_swap,Robert Zemeckis,Anthony Lover,How did the visual style of director Anthony Lover manifest in the cinematography of their film Back to the Future?,"The film Back to the Future was directed by Robert Zemeckis, not Anthony Lover. Anthony Lover was likely a collaborator or from a similar era.",The question incorrectly states Anthony Lover instead of the correct value Robert Zemeckis.
Back to the Future Part II,person,film_director_swap,Robert Zemeckis,Jason Woliner,How did the visual style of director Jason Woliner manifest in the cinematography of their film Back to the Future Part II?,"The film Back to the Future Part II was directed by Robert Zemeckis, not Jason Woliner. Jason Woliner was likely a collaborator or from a similar era.",The question incorrectly states Jason Woliner instead of the correct value Robert Zemeckis.
Back to the Future Part III,person,film_director_swap,Robert Zemeckis,Michael Engler,How did the visual style of director Michael Engler manifest in the cinematography of their film Back to the Future Part III?,"The film Back to the Future Part III was directed by Robert Zemeckis, not Michael Engler. Michael Engler was likely a collaborator or from a similar era.",The question incorrectly states Michael Engler instead of the correct value Robert Zemeckis.
Barbie,person,film_director_swap,Greta Gerwig,Jos Pauly,How did the visual style of director Jos Pauly manifest in the cinematography of their film Barbie?,"The film Barbie was directed by Greta Gerwig, not Jos Pauly. Jos Pauly was likely a collaborator or from a similar era.",The question incorrectly states Jos Pauly instead of the correct value Greta Gerwig.
Barry Lyndon,person,film_director_swap,Stanley Kubrick,R. Lee Ermey,How did the visual style of director R. Lee Ermey manifest in the cinematography of their film Barry Lyndon?,"The film Barry Lyndon was directed by Stanley Kubrick, not R. Lee Ermey. R. Lee Ermey was likely a collaborator or from a similar era.",The question incorrectly states R. Lee Ermey instead of the correct value Stanley Kubrick.
Basic Instinct,person,film_director_swap,Paul Verhoeven,J. Miller Tobin,How did the visual style of director J. Miller Tobin manifest in the cinematography of their film Basic Instinct?,"The film Basic Instinct was directed by Paul Verhoeven, not J. Miller Tobin. J. Miller Tobin was likely a collaborator or from a similar era.",The question incorrectly states J. Miller Tobin instead of the correct value Paul Verhoeven.
Batman,person,film_director_swap,Tim Burton,Bill Johnson,How did the visual style of director Bill Johnson manifest in the cinematography of their film Batman?,"The film Batman was directed by Tim Burton, not Bill Johnson. Bill Johnson was likely a collaborator or from a similar era.",The question incorrectly states Bill Johnson instead of the correct value Tim Burton.
Batman Begins,person,film_director_swap,Christopher Nolan,Mark Story,How did the visual style of director Mark Story manifest in the cinematography of their film Batman Begins?,"The film Batman Begins was directed by Christopher Nolan, not Mark Story. Mark Story was likely a collaborator or from a similar era.",The question incorrectly states Mark Story instead of the correct value Christopher Nolan.
Batman Forever,person,film_director_swap,Joel Schumacher,Rian Johnson,How did the visual style of director Rian Johnson manifest in the cinematography of their film Batman Forever?,"The film Batman Forever was directed by Joel Schumacher, not Rian Johnson. Rian Johnson was likely a collaborator or from a similar era.",The question incorrectly states Rian Johnson instead of the correct value Joel Schumacher.
Batman Returns,person,film_director_swap,Tim Burton,Jane Campion,How did the visual style of director Jane Campion manifest in the cinematography of their film Batman Returns?,"The film Batman Returns was directed by Tim Burton, not Jane Campion. Jane Campion was likely a collaborator or from a similar era.",The question incorrectly states Jane Campion instead of the correct value Tim Burton.
Batman & Robin,person,film_director_swap,Joel Schumacher,Akiva Schaffer,How did the visual style of director Akiva Schaffer manifest in the cinematography of their film Batman & Robin?,"The film Batman & Robin was directed by Joel Schumacher, not Akiva Schaffer. Akiva Schaffer was likely a collaborator or from a similar era.",The question incorrectly states Akiva Schaffer instead of the correct value Joel Schumacher.
Batman v Superman: Dawn of Justice,person,film_director_swap,Zack Snyder,Jordan Vogt-Roberts,How did the visual style of director Jordan Vogt-Roberts manifest in the cinematography of their film Batman v Superman: Dawn of Justice?,"The film Batman v Superman: Dawn of Justice was directed by Zack Snyder, not Jordan Vogt-Roberts. Jordan Vogt-Roberts was likely a collaborator or from a similar era.",The question incorrectly states Jordan Vogt-Roberts instead of the correct value Zack Snyder.
Battleship Potemkin,person,film_director_swap,Sergei Eisenstein,Wilfred Jackson,How did the visual style of director Wilfred Jackson manifest in the cinematography of their film Battleship Potemkin?,"The film Battleship Potemkin was directed by Sergei Eisenstein, not Wilfred Jackson. Wilfred Jackson was likely a collaborator or from a similar era.",The question incorrectly states Wilfred Jackson instead of the correct value Sergei Eisenstein.
Beauty and the Beast,person,film_director_swap,Bill Condon,Lü Yue,How did the visual style of director Lü Yue manifest in the cinematography of their film Beauty and the Beast?,"The film Beauty and the Beast was directed by Bill Condon, not Lü Yue. Lü Yue was likely a collaborator or from a similar era.",The question incorrectly states Lü Yue instead of the correct value Bill Condon.
Beetlejuice,person,film_director_swap,Tim Burton,Carl Tibbetts,How did the visual style of director Carl Tibbetts manifest in the cinematography of their film Beetlejuice?,"The film Beetlejuice was directed by Tim Burton, not Carl Tibbetts. Carl Tibbetts was likely a collaborator or from a similar era.",The question incorrectly states Carl Tibbetts instead of the correct value Tim Burton.
Before Sunrise,person,film_director_swap,Richard Linklater,Juan Logar Jr.,How did the visual style of director Juan Logar Jr. manifest in the cinematography of their film Before Sunrise?,"The film Before Sunrise was directed by Richard Linklater, not Juan Logar Jr.. Juan Logar Jr. was likely a collaborator or from a similar era.",The question incorrectly states Juan Logar Jr. instead of the correct value Richard Linklater.
Being John Malkovich,person,film_director_swap,Spike Jonze,Jibril,How did the visual style of director Jibril manifest in the cinematography of their film Being John Malkovich?,"The film Being John Malkovich was directed by Spike Jonze, not Jibril. Jibril was likely a collaborator or from a similar era.",The question incorrectly states Jibril instead of the correct value Spike Jonze.
Ben-Hur,person,film_director_swap,William Wyler,Pierre Perifel,How did the visual style of director Pierre Perifel manifest in the cinematography of their film Ben-Hur?,"The film Ben-Hur was directed by William Wyler, not Pierre Perifel. Pierre Perifel was likely a collaborator or from a similar era.",The question incorrectly states Pierre Perifel instead of the correct value William Wyler.
Bicycle Thieves,person,film_director_swap,Vittorio De Sica,William Hanna,How did the visual style of director William Hanna manifest in the cinematography of their film Bicycle Thieves?,"The film Bicycle Thieves was directed by Vittorio De Sica, not William Hanna. William Hanna was likely a collaborator or from a similar era.",The question incorrectly states William Hanna instead of the correct value Vittorio De Sica.
Big Fish,person,film_director_swap,Tim Burton,Kirk DeMicco,How did the visual style of director Kirk DeMicco manifest in the cinematography of their film Big Fish?,"The film Big Fish was directed by Tim Burton, not Kirk DeMicco. Kirk DeMicco was likely a collaborator or from a similar era.",The question incorrectly states Kirk DeMicco instead of the correct value Tim Burton.
Birdman,person,film_director_swap,Alejandro González Iñárritu,Sam Mendes,How did the visual style of director Sam Mendes manifest in the cinematography of their film Birdman?,"The film Birdman was directed by Alejandro González Iñárritu, not Sam Mendes. Sam Mendes was likely a collaborator or from a similar era.",The question incorrectly states Sam Mendes instead of the correct value Alejandro González Iñárritu.
Black Hawk Down,person,film_director_swap,Ridley Scott,Damien Chazelle,How did the visual style of director Damien Chazelle manifest in the cinematography of their film Black Hawk Down?,"The film Black Hawk Down was directed by Ridley Scott, not Damien Chazelle. Damien Chazelle was likely a collaborator or from a similar era.",The question incorrectly states Damien Chazelle instead of the correct value Ridley Scott.
Black Panther,person,film_director_swap,Ryan Coogler,Justin K. Thompson,How did the visual style of director Justin K. Thompson manifest in the cinematography of their film Black Panther?,"The film Black Panther was directed by Ryan Coogler, not Justin K. Thompson. Justin K. Thompson was likely a collaborator or from a similar era.",The question incorrectly states Justin K. Thompson instead of the correct value Ryan Coogler.
Black Panther: Wakanda Forever,person,film_director_swap,Ryan Coogler,David Evans,How did the visual style of director David Evans manifest in the cinematography of their film Black Panther: Wakanda Forever?,"The film Black Panther: Wakanda Forever was directed by Ryan Coogler, not David Evans. David Evans was likely a collaborator or from a similar era.",The question incorrectly states David Evans instead of the correct value Ryan Coogler.
Black Swan,person,film_director_swap,Darren Aronofsky,Stanley Donen,How did the visual style of director Stanley Donen manifest in the cinematography of their film Black Swan?,"The film Black Swan was directed by Darren Aronofsky, not Stanley Donen. Stanley Donen was likely a collaborator or from a similar era.",The question incorrectly states Stanley Donen instead of the correct value Darren Aronofsky.
Black Widow,person,film_director_swap,Cate Shortland,McG,How did the visual style of director McG manifest in the cinematography of their film Black Widow?,"The film Black Widow was directed by Cate Shortland, not McG. McG was likely a collaborator or from a similar era.",The question incorrectly states McG instead of the correct value Cate Shortland.
Blade II,person,film_director_swap,Guillermo del Toro,Richard Curtis,How did the visual style of director Richard Curtis manifest in the cinematography of their film Blade II?,"The film Blade II was directed by Guillermo del Toro, not Richard Curtis. Richard Curtis was likely a collaborator or from a similar era.",The question incorrectly states Richard Curtis instead of the correct value Guillermo del Toro.
Blade Runner,person,film_director_swap,Ridley Scott,George Lucas,How did the visual style of director George Lucas manifest in the cinematography of their film Blade Runner?,"The film Blade Runner was directed by Ridley Scott, not George Lucas. George Lucas was likely a collaborator or from a similar era.",The question incorrectly states George Lucas instead of the correct value Ridley Scott.
Blade Runner 2049,person,film_director_swap,Denis Villeneuve,Peter MacDonald,How did the visual style of director Peter MacDonald manifest in the cinematography of their film Blade Runner 2049?,"The film Blade Runner 2049 was directed by Denis Villeneuve, not Peter MacDonald. Peter MacDonald was likely a collaborator or from a similar era.",The question incorrectly states Peter MacDonald instead of the correct value Denis Villeneuve.
Blood Diamond,person,film_director_swap,Edward Zwick,Valerie Faris,How did the visual style of director Valerie Faris manifest in the cinematography of their film Blood Diamond?,"The film Blood Diamond was directed by Edward Zwick, not Valerie Faris. Valerie Faris was likely a collaborator or from a similar era.",The question incorrectly states Valerie Faris instead of the correct value Edward Zwick.
Blue Velvet,person,film_director_swap,David Lynch,Michael Slovis,How did the visual style of director Michael Slovis manifest in the cinematography of their film Blue Velvet?,"The film Blue Velvet was directed by David Lynch, not Michael Slovis. Michael Slovis was likely a collaborator or from a similar era.",The question incorrectly states Michael Slovis instead of the correct value David Lynch.
Bohemian Rhapsody,person,film_director_swap,Bryan Singer,Tim Hill,How did the visual style of director Tim Hill manifest in the cinematography of their film Bohemian Rhapsody?,"The film Bohemian Rhapsody was directed by Bryan Singer, not Tim Hill. Tim Hill was likely a collaborator or from a similar era.",The question incorrectly states Tim Hill instead of the correct value Bryan Singer.
Bonnie and Clyde,person,film_director_swap,Arthur Penn,Louis J. Horvitz,How did the visual style of director Louis J. Horvitz manifest in the cinematography of their film Bonnie and Clyde?,"The film Bonnie and Clyde was directed by Arthur Penn, not Louis J. Horvitz. Louis J. Horvitz was likely a collaborator or from a similar era.",The question incorrectly states Louis J. Horvitz instead of the correct value Arthur Penn.
Borat,person,film_director_swap,Larry Charles,Larry Leichliter,How did the visual style of director Larry Leichliter manifest in the cinematography of their film Borat?,"The film Borat was directed by Larry Charles, not Larry Leichliter. Larry Leichliter was likely a collaborator or from a similar era.",The question incorrectly states Larry Leichliter instead of the correct value Larry Charles.
Boyhood,person,film_director_swap,Richard Linklater,Justin Lin,How did the visual style of director Justin Lin manifest in the cinematography of their film Boyhood?,"The film Boyhood was directed by Richard Linklater, not Justin Lin. Justin Lin was likely a collaborator or from a similar era.",The question incorrectly states Justin Lin instead of the correct value Richard Linklater.
Bram Stoker's Dracula,person,film_director_swap,Francis Ford Coppola,William Cottrell,How did the visual style of director William Cottrell manifest in the cinematography of their film Bram Stoker's Dracula?,"The film Bram Stoker's Dracula was directed by Francis Ford Coppola, not William Cottrell. William Cottrell was likely a collaborator or from a similar era.",The question incorrectly states William Cottrell instead of the correct value Francis Ford Coppola.
Braveheart,person,film_director_swap,Mel Gibson,Sofia Coppola,How did the visual style of director Sofia Coppola manifest in the cinematography of their film Braveheart?,"The film Braveheart was directed by Mel Gibson, not Sofia Coppola. Sofia Coppola was likely a collaborator or from a similar era.",The question incorrectly states Sofia Coppola instead of the correct value Mel Gibson.
Brazil,person,film_director_swap,Terry Gilliam,Patrick McHale,How did the visual style of director Patrick McHale manifest in the cinematography of their film Brazil?,"The film Brazil was directed by Terry Gilliam, not Patrick McHale. Patrick McHale was likely a collaborator or from a similar era.",The question incorrectly states Patrick McHale instead of the correct value Terry Gilliam.
Breakfast at Tiffany's,person,film_director_swap,Blake Edwards,George Cukor,How did the visual style of director George Cukor manifest in the cinematography of their film Breakfast at Tiffany's?,"The film Breakfast at Tiffany's was directed by Blake Edwards, not George Cukor. George Cukor was likely a collaborator or from a similar era.",The question incorrectly states George Cukor instead of the correct value Blake Edwards.
Breathless,person,film_director_swap,Jean-Luc Godard,Jake Szymanski,How did the visual style of director Jake Szymanski manifest in the cinematography of their film Breathless?,"The film Breathless was directed by Jean-Luc Godard, not Jake Szymanski. Jake Szymanski was likely a collaborator or from a similar era.",The question incorrectly states Jake Szymanski instead of the correct value Jean-Luc Godard.
Bridge of Spies,person,film_director_swap,Steven Spielberg,Frank Miller,How did the visual style of director Frank Miller manifest in the cinematography of their film Bridge of Spies?,"The film Bridge of Spies was directed by Steven Spielberg, not Frank Miller. Frank Miller was likely a collaborator or from a similar era.",The question incorrectly states Frank Miller instead of the correct value Steven Spielberg.
Brokeback Mountain,person,film_director_swap,Ang Lee,William Wegman,How did the visual style of director William Wegman manifest in the cinematography of their film Brokeback Mountain?,"The film Brokeback Mountain was directed by Ang Lee, not William Wegman. William Wegman was likely a collaborator or from a similar era.",The question incorrectly states William Wegman instead of the correct value Ang Lee.
Bruce Almighty,person,film_director_swap,Tom Shadyac,Brian Kelly,How did the visual style of director Brian Kelly manifest in the cinematography of their film Bruce Almighty?,"The film Bruce Almighty was directed by Tom Shadyac, not Brian Kelly. Brian Kelly was likely a collaborator or from a similar era.",The question incorrectly states Brian Kelly instead of the correct value Tom Shadyac.
Butch Cassidy and the Sundance Kid,person,film_director_swap,George Roy Hill,Glenn Weiss,How did the visual style of director Glenn Weiss manifest in the cinematography of their film Butch Cassidy and the Sundance Kid?,"The film Butch Cassidy and the Sundance Kid was directed by George Roy Hill, not Glenn Weiss. Glenn Weiss was likely a collaborator or from a similar era.",The question incorrectly states Glenn Weiss instead of the correct value George Roy Hill.
Call Me by Your Name,person,film_director_swap,Luca Guadagnino,Kenneth Branagh,How did the visual style of director Kenneth Branagh manifest in the cinematography of their film Call Me by Your Name?,"The film Call Me by Your Name was directed by Luca Guadagnino, not Kenneth Branagh. Kenneth Branagh was likely a collaborator or from a similar era.",The question incorrectly states Kenneth Branagh instead of the correct value Luca Guadagnino.
Cape Fear,person,film_director_swap,Martin Scorsese,Franklin J. Schaffner,How did the visual style of director Franklin J. Schaffner manifest in the cinematography of their film Cape Fear?,"The film Cape Fear was directed by Martin Scorsese, not Franklin J. Schaffner. Franklin J. Schaffner was likely a collaborator or from a similar era.",The question incorrectly states Franklin J. Schaffner instead of the correct value Martin Scorsese.
Captain America: Civil War,person,film_director_swap,Anthony Russo,Steven Soderbergh,How did the visual style of director Steven Soderbergh manifest in the cinematography of their film Captain America: Civil War?,"The film Captain America: Civil War was directed by Anthony Russo, not Steven Soderbergh. Steven Soderbergh was likely a collaborator or from a similar era.",The question incorrectly states Steven Soderbergh instead of the correct value Anthony Russo.
Captain America: The First Avenger,person,film_director_swap,Joe Johnston,Nick Cassavetes,How did the visual style of director Nick Cassavetes manifest in the cinematography of their film Captain America: The First Avenger?,"The film Captain America: The First Avenger was directed by Joe Johnston, not Nick Cassavetes. Nick Cassavetes was likely a collaborator or from a similar era.",The question incorrectly states Nick Cassavetes instead of the correct value Joe Johnston.
Captain America: The Winter Soldier,person,film_director_swap,Anthony Russo,Pete Docter,How did the visual style of director Pete Docter manifest in the cinematography of their film Captain America: The Winter Soldier?,"The film Captain America: The Winter Soldier was directed by Anthony Russo, not Pete Docter. Pete Docter was likely a collaborator or from a similar era.",The question incorrectly states Pete Docter instead of the correct value Anthony Russo.
Captain Marvel,person,film_director_swap,Anna Boden,Joe Ranft,How did the visual style of director Joe Ranft manifest in the cinematography of their film Captain Marvel?,"The film Captain Marvel was directed by Anna Boden, not Joe Ranft. Joe Ranft was likely a collaborator or from a similar era.",The question incorrectly states Joe Ranft instead of the correct value Anna Boden.
Captain Phillips,person,film_director_swap,Paul Greengrass,Andrew Niccol,How did the visual style of director Andrew Niccol manifest in the cinematography of their film Captain Phillips?,"The film Captain Phillips was directed by Paul Greengrass, not Andrew Niccol. Andrew Niccol was likely a collaborator or from a similar era.",The question incorrectly states Andrew Niccol instead of the correct value Paul Greengrass.
Cars,person,film_director_swap,Joe Ranft,Marcos Siega,How did the visual style of director Marcos Siega manifest in the cinematography of their film Cars?,"The film Cars was directed by Joe Ranft, not Marcos Siega. Marcos Siega was likely a collaborator or from a similar era.",The question incorrectly states Marcos Siega instead of the correct value Joe Ranft.
Casablanca,person,film_director_swap,Michael Curtiz,David Leitch,How did the visual style of director David Leitch manifest in the cinematography of their film Casablanca?,"The film Casablanca was directed by Michael Curtiz, not David Leitch. David Leitch was likely a collaborator or from a similar era.",The question incorrectly states David Leitch instead of the correct value Michael Curtiz.
Casino,person,film_director_swap,Martin Scorsese,Luca Guadagnino,How did the visual style of director Luca Guadagnino manifest in the cinematography of their film Casino?,"The film Casino was directed by Martin Scorsese, not Luca Guadagnino. Luca Guadagnino was likely a collaborator or from a similar era.",The question incorrectly states Luca Guadagnino instead of the correct value Martin Scorsese.
Casino Royale,person,film_director_swap,Martin Campbell,Edward Hall,How did the visual style of director Edward Hall manifest in the cinematography of their film Casino Royale?,"The film Casino Royale was directed by Martin Campbell, not Edward Hall. Edward Hall was likely a collaborator or from a similar era.",The question incorrectly states Edward Hall instead of the correct value Martin Campbell.
Cast Away,person,film_director_swap,Robert Zemeckis,Jeff Woolnough,How did the visual style of director Jeff Woolnough manifest in the cinematography of their film Cast Away?,"The film Cast Away was directed by Robert Zemeckis, not Jeff Woolnough. Jeff Woolnough was likely a collaborator or from a similar era.",The question incorrectly states Jeff Woolnough instead of the correct value Robert Zemeckis.
Catch Me If You Can,person,film_director_swap,Steven Spielberg,Tony Cervone,How did the visual style of director Tony Cervone manifest in the cinematography of their film Catch Me If You Can?,"The film Catch Me If You Can was directed by Steven Spielberg, not Tony Cervone. Tony Cervone was likely a collaborator or from a similar era.",The question incorrectly states Tony Cervone instead of the correct value Steven Spielberg.
Changeling,person,film_director_swap,Clint Eastwood,Gary Conrad,How did the visual style of director Gary Conrad manifest in the cinematography of their film Changeling?,"The film Changeling was directed by Clint Eastwood, not Gary Conrad. Gary Conrad was likely a collaborator or from a similar era.",The question incorrectly states Gary Conrad instead of the correct value Clint Eastwood.
Chariots of Fire,person,film_director_swap,Hugh Hudson,Jane Campion,How did the visual style of director Jane Campion manifest in the cinematography of their film Chariots of Fire?,"The film Chariots of Fire was directed by Hugh Hudson, not Jane Campion. Jane Campion was likely a collaborator or from a similar era.",The question incorrectly states Jane Campion instead of the correct value Hugh Hudson.
Charlie and the Chocolate Factory,person,film_director_swap,Tim Burton,Glenn Weiss,How did the visual style of director Glenn Weiss manifest in the cinematography of their film Charlie and the Chocolate Factory?,"The film Charlie and the Chocolate Factory was directed by Tim Burton, not Glenn Weiss. Glenn Weiss was likely a collaborator or from a similar era.",The question incorrectly states Glenn Weiss instead of the correct value Tim Burton.
Charlotte's Web,person,film_director_swap,Gary Winick,Paul Lazarus,How did the visual style of director Paul Lazarus manifest in the cinematography of their film Charlotte's Web?,"The film Charlotte's Web was directed by Gary Winick, not Paul Lazarus. Paul Lazarus was likely a collaborator or from a similar era.",The question incorrectly states Paul Lazarus instead of the correct value Gary Winick.
Chicago,person,film_director_swap,Rob Marshall,Rupert Wyatt,How did the visual style of director Rupert Wyatt manifest in the cinematography of their film Chicago?,"The film Chicago was directed by Rob Marshall, not Rupert Wyatt. Rupert Wyatt was likely a collaborator or from a similar era.",The question incorrectly states Rupert Wyatt instead of the correct value Rob Marshall.
Children of Men,person,film_director_swap,Alfonso Cuarón,Gerald Cotts,How did the visual style of director Gerald Cotts manifest in the cinematography of their film Children of Men?,"The film Children of Men was directed by Alfonso Cuarón, not Gerald Cotts. Gerald Cotts was likely a collaborator or from a similar era.",The question incorrectly states Gerald Cotts instead of the correct value Alfonso Cuarón.
Chinatown,person,film_director_swap,Roman Polanski,M. Night Shyamalan,How did the visual style of director M. Night Shyamalan manifest in the cinematography of their film Chinatown?,"The film Chinatown was directed by Roman Polanski, not M. Night Shyamalan. M. Night Shyamalan was likely a collaborator or from a similar era.",The question incorrectly states M. Night Shyamalan instead of the correct value Roman Polanski.
Cimarron,person,film_director_swap,Wesley Ruggles,Adrian Molina,How did the visual style of director Adrian Molina manifest in the cinematography of their film Cimarron?,"The film Cimarron was directed by Wesley Ruggles, not Adrian Molina. Adrian Molina was likely a collaborator or from a similar era.",The question incorrectly states Adrian Molina instead of the correct value Wesley Ruggles.
Cinderella,person,film_director_swap,Kenneth Branagh,Matthew Meshekoff,How did the visual style of director Matthew Meshekoff manifest in the cinematography of their film Cinderella?,"The film Cinderella was directed by Kenneth Branagh, not Matthew Meshekoff. Matthew Meshekoff was likely a collaborator or from a similar era.",The question incorrectly states Matthew Meshekoff instead of the correct value Kenneth Branagh.
Cinema Paradiso,person,film_director_swap,Giuseppe Tornatore,David Silverman,How did the visual style of director David Silverman manifest in the cinematography of their film Cinema Paradiso?,"The film Cinema Paradiso was directed by Giuseppe Tornatore, not David Silverman. David Silverman was likely a collaborator or from a similar era.",The question incorrectly states David Silverman instead of the correct value Giuseppe Tornatore.
Citizen Kane,person,film_director_swap,Orson Welles,Brian De Palma,How did the visual style of director Brian De Palma manifest in the cinematography of their film Citizen Kane?,"The film Citizen Kane was directed by Orson Welles, not Brian De Palma. Brian De Palma was likely a collaborator or from a similar era.",The question incorrectly states Brian De Palma instead of the correct value Orson Welles.
City Lights,person,film_director_swap,Charlie Chaplin,Frank Darabont,How did the visual style of director Frank Darabont manifest in the cinematography of their film City Lights?,"The film City Lights was directed by Charlie Chaplin, not Frank Darabont. Frank Darabont was likely a collaborator or from a similar era.",The question incorrectly states Frank Darabont instead of the correct value Charlie Chaplin.
City of God,person,film_director_swap,Fernando Meirelles,Sergio Leone,How did the visual style of director Sergio Leone manifest in the cinematography of their film City of God?,"The film City of God was directed by Fernando Meirelles, not Sergio Leone. Sergio Leone was likely a collaborator or from a similar era.",The question incorrectly states Sergio Leone instead of the correct value Fernando Meirelles.
Clash of the Titans,person,film_director_swap,Louis Leterrier,Luis Buñuel,How did the visual style of director Luis Buñuel manifest in the cinematography of their film Clash of the Titans?,"The film Clash of the Titans was directed by Louis Leterrier, not Luis Buñuel. Luis Buñuel was likely a collaborator or from a similar era.",The question incorrectly states Luis Buñuel instead of the correct value Louis Leterrier.
Close Encounters of the Third Kind,person,film_director_swap,Steven Spielberg,Mitchell Kriegman,How did the visual style of director Mitchell Kriegman manifest in the cinematography of their film Close Encounters of the Third Kind?,"The film Close Encounters of the Third Kind was directed by Steven Spielberg, not Mitchell Kriegman. Mitchell Kriegman was likely a collaborator or from a similar era.",The question incorrectly states Mitchell Kriegman instead of the correct value Steven Spielberg.
Closer,person,film_director_swap,Mike Nichols,Tate Taylor,How did the visual style of director Tate Taylor manifest in the cinematography of their film Closer?,"The film Closer was directed by Mike Nichols, not Tate Taylor. Tate Taylor was likely a collaborator or from a similar era.",The question incorrectly states Tate Taylor instead of the correct value Mike Nichols.
Collateral,person,film_director_swap,Michael Mann,Franco Marazzi,How did the visual style of director Franco Marazzi manifest in the cinematography of their film Collateral?,"The film Collateral was directed by Michael Mann, not Franco Marazzi. Franco Marazzi was likely a collaborator or from a similar era.",The question incorrectly states Franco Marazzi instead of the correct value Michael Mann.
Commando,person,film_director_swap,Mark L. Lester,Roland Joffé,How did the visual style of director Roland Joffé manifest in the cinematography of their film Commando?,"The film Commando was directed by Mark L. Lester, not Roland Joffé. Roland Joffé was likely a collaborator or from a similar era.",The question incorrectly states Roland Joffé instead of the correct value Mark L. Lester.
Conan the Barbarian,person,film_director_swap,John Milius,Leonid Gaidai,How did the visual style of director Leonid Gaidai manifest in the cinematography of their film Conan the Barbarian?,"The film Conan the Barbarian was directed by John Milius, not Leonid Gaidai. Leonid Gaidai was likely a collaborator or from a similar era.",The question incorrectly states Leonid Gaidai instead of the correct value John Milius.
Constantine,person,film_director_swap,Francis Lawrence,Renny Harlin,How did the visual style of director Renny Harlin manifest in the cinematography of their film Constantine?,"The film Constantine was directed by Francis Lawrence, not Renny Harlin. Renny Harlin was likely a collaborator or from a similar era.",The question incorrectly states Renny Harlin instead of the correct value Francis Lawrence.
Contact,person,film_director_swap,Robert Zemeckis,Samuel Armstrong,How did the visual style of director Samuel Armstrong manifest in the cinematography of their film Contact?,"The film Contact was directed by Robert Zemeckis, not Samuel Armstrong. Samuel Armstrong was likely a collaborator or from a similar era.",The question incorrectly states Samuel Armstrong instead of the correct value Robert Zemeckis.
Contagion,person,film_director_swap,Steven Soderbergh,Lü Yue,How did the visual style of director Lü Yue manifest in the cinematography of their film Contagion?,"The film Contagion was directed by Steven Soderbergh, not Lü Yue. Lü Yue was likely a collaborator or from a similar era.",The question incorrectly states Lü Yue instead of the correct value Steven Soderbergh.
Crash,person,film_director_swap,Paul Haggis,Ken Friedman,How did the visual style of director Ken Friedman manifest in the cinematography of their film Crash?,"The film Crash was directed by Paul Haggis, not Ken Friedman. Ken Friedman was likely a collaborator or from a similar era.",The question incorrectly states Ken Friedman instead of the correct value Paul Haggis.
"Crouching Tiger, Hidden Dragon",person,film_director_swap,Ang Lee,Tom Schiller,"How did the visual style of director Tom Schiller manifest in the cinematography of their film Crouching Tiger, Hidden Dragon?","The film Crouching Tiger, Hidden Dragon was directed by Ang Lee, not Tom Schiller. Tom Schiller was likely a collaborator or from a similar era.",The question incorrectly states Tom Schiller instead of the correct value Ang Lee.
Dallas Buyers Club,person,film_director_swap,Jean-Marc Vallée,Aleksey Kiryushchenko,How did the visual style of director Aleksey Kiryushchenko manifest in the cinematography of their film Dallas Buyers Club?,"The film Dallas Buyers Club was directed by Jean-Marc Vallée, not Aleksey Kiryushchenko. Aleksey Kiryushchenko was likely a collaborator or from a similar era.",The question incorrectly states Aleksey Kiryushchenko instead of the correct value Jean-Marc Vallée.
Dances with Wolves,person,film_director_swap,Kevin Costner,Bruce Straley,How did the visual style of director Bruce Straley manifest in the cinematography of their film Dances with Wolves?,"The film Dances with Wolves was directed by Kevin Costner, not Bruce Straley. Bruce Straley was likely a collaborator or from a similar era.",The question incorrectly states Bruce Straley instead of the correct value Kevin Costner.
Dark Phoenix,person,film_director_swap,Simon Kinberg,Harold Ramis,How did the visual style of director Harold Ramis manifest in the cinematography of their film Dark Phoenix?,"The film Dark Phoenix was directed by Simon Kinberg, not Harold Ramis. Harold Ramis was likely a collaborator or from a similar era.",The question incorrectly states Harold Ramis instead of the correct value Simon Kinberg.
Das Boot,person,film_director_swap,Wolfgang Petersen,Eric Larson,How did the visual style of director Eric Larson manifest in the cinematography of their film Das Boot?,"The film Das Boot was directed by Wolfgang Petersen, not Eric Larson. Eric Larson was likely a collaborator or from a similar era.",The question incorrectly states Eric Larson instead of the correct value Wolfgang Petersen.
Dawn of the Planet of the Apes,person,film_director_swap,Matt Reeves,John Sanford,How did the visual style of director John Sanford manifest in the cinematography of their film Dawn of the Planet of the Apes?,"The film Dawn of the Planet of the Apes was directed by Matt Reeves, not John Sanford. John Sanford was likely a collaborator or from a similar era.",The question incorrectly states John Sanford instead of the correct value Matt Reeves.
Dead Poets Society,person,film_director_swap,Peter Weir,Roman Polanski,How did the visual style of director Roman Polanski manifest in the cinematography of their film Dead Poets Society?,"The film Dead Poets Society was directed by Peter Weir, not Roman Polanski. Roman Polanski was likely a collaborator or from a similar era.",The question incorrectly states Roman Polanski instead of the correct value Peter Weir.
Deadpool,person,film_director_swap,Tim Miller,Franklin J. Schaffner,How did the visual style of director Franklin J. Schaffner manifest in the cinematography of their film Deadpool?,"The film Deadpool was directed by Tim Miller, not Franklin J. Schaffner. Franklin J. Schaffner was likely a collaborator or from a similar era.",The question incorrectly states Franklin J. Schaffner instead of the correct value Tim Miller.
Deadpool 2,person,film_director_swap,David Leitch,Hwang Dong-hyeok,How did the visual style of director Hwang Dong-hyeok manifest in the cinematography of their film Deadpool 2?,"The film Deadpool 2 was directed by David Leitch, not Hwang Dong-hyeok. Hwang Dong-hyeok was likely a collaborator or from a similar era.",The question incorrectly states Hwang Dong-hyeok instead of the correct value David Leitch.
Deadpool & Wolverine,person,film_director_swap,Shawn Levy,Rob Cohen,How did the visual style of director Rob Cohen manifest in the cinematography of their film Deadpool & Wolverine?,"The film Deadpool & Wolverine was directed by Shawn Levy, not Rob Cohen. Rob Cohen was likely a collaborator or from a similar era.",The question incorrectly states Rob Cohen instead of the correct value Shawn Levy.
Death Becomes Her,person,film_director_swap,Robert Zemeckis,Oleg Uzhinov,How did the visual style of director Oleg Uzhinov manifest in the cinematography of their film Death Becomes Her?,"The film Death Becomes Her was directed by Robert Zemeckis, not Oleg Uzhinov. Oleg Uzhinov was likely a collaborator or from a similar era.",The question incorrectly states Oleg Uzhinov instead of the correct value Robert Zemeckis.
Dersu Uzala,person,film_director_swap,Akira Kurosawa,J. Mackye Gruber,How did the visual style of director J. Mackye Gruber manifest in the cinematography of their film Dersu Uzala?,"The film Dersu Uzala was directed by Akira Kurosawa, not J. Mackye Gruber. J. Mackye Gruber was likely a collaborator or from a similar era.",The question incorrectly states J. Mackye Gruber instead of the correct value Akira Kurosawa.
Desperado,person,film_director_swap,Robert Rodriguez,Lee Unkrich,How did the visual style of director Lee Unkrich manifest in the cinematography of their film Desperado?,"The film Desperado was directed by Robert Rodriguez, not Lee Unkrich. Lee Unkrich was likely a collaborator or from a similar era.",The question incorrectly states Lee Unkrich instead of the correct value Robert Rodriguez.
Diamonds Are Forever,person,film_director_swap,Guy Hamilton,Miren Arzalluz,How did the visual style of director Miren Arzalluz manifest in the cinematography of their film Diamonds Are Forever?,"The film Diamonds Are Forever was directed by Guy Hamilton, not Miren Arzalluz. Miren Arzalluz was likely a collaborator or from a similar era.",The question incorrectly states Miren Arzalluz instead of the correct value Guy Hamilton.
Die Another Day,person,film_director_swap,Lee Tamahori,Michael Curtiz,How did the visual style of director Michael Curtiz manifest in the cinematography of their film Die Another Day?,"The film Die Another Day was directed by Lee Tamahori, not Michael Curtiz. Michael Curtiz was likely a collaborator or from a similar era.",The question incorrectly states Michael Curtiz instead of the correct value Lee Tamahori.
Die Hard,person,film_director_swap,John McTiernan,Jared Hess,How did the visual style of director Jared Hess manifest in the cinematography of their film Die Hard?,"The film Die Hard was directed by John McTiernan, not Jared Hess. Jared Hess was likely a collaborator or from a similar era.",The question incorrectly states Jared Hess instead of the correct value John McTiernan.
Die Hard 2,person,film_director_swap,Renny Harlin,Josh Cooley,How did the visual style of director Josh Cooley manifest in the cinematography of their film Die Hard 2?,"The film Die Hard 2 was directed by Renny Harlin, not Josh Cooley. Josh Cooley was likely a collaborator or from a similar era.",The question incorrectly states Josh Cooley instead of the correct value Renny Harlin.
Die Hard with a Vengeance,person,film_director_swap,John McTiernan,Steve Hoefer,How did the visual style of director Steve Hoefer manifest in the cinematography of their film Die Hard with a Vengeance?,"The film Die Hard with a Vengeance was directed by John McTiernan, not Steve Hoefer. Steve Hoefer was likely a collaborator or from a similar era.",The question incorrectly states Steve Hoefer instead of the correct value John McTiernan.
Dirty Harry,person,film_director_swap,Don Siegel,Mike Rianda,How did the visual style of director Mike Rianda manifest in the cinematography of their film Dirty Harry?,"The film Dirty Harry was directed by Don Siegel, not Mike Rianda. Mike Rianda was likely a collaborator or from a similar era.",The question incorrectly states Mike Rianda instead of the correct value Don Siegel.
District 9,person,film_director_swap,Neill Blomkamp,James L. Brooks,How did the visual style of director James L. Brooks manifest in the cinematography of their film District 9?,"The film District 9 was directed by Neill Blomkamp, not James L. Brooks. James L. Brooks was likely a collaborator or from a similar era.",The question incorrectly states James L. Brooks instead of the correct value Neill Blomkamp.
Divergent,person,film_director_swap,Neil Burger,Jean-Pierre Jeunet,How did the visual style of director Jean-Pierre Jeunet manifest in the cinematography of their film Divergent?,"The film Divergent was directed by Neil Burger, not Jean-Pierre Jeunet. Jean-Pierre Jeunet was likely a collaborator or from a similar era.",The question incorrectly states Jean-Pierre Jeunet instead of the correct value Neil Burger.
Django Unchained,person,film_director_swap,Quentin Tarantino,Russell Mulcahy,How did the visual style of director Russell Mulcahy manifest in the cinematography of their film Django Unchained?,"The film Django Unchained was directed by Quentin Tarantino, not Russell Mulcahy. Russell Mulcahy was likely a collaborator or from a similar era.",The question incorrectly states Russell Mulcahy instead of the correct value Quentin Tarantino.
Doctor Strange,person,film_director_swap,Scott Derrickson,Kevin Costner,How did the visual style of director Kevin Costner manifest in the cinematography of their film Doctor Strange?,"The film Doctor Strange was directed by Scott Derrickson, not Kevin Costner. Kevin Costner was likely a collaborator or from a similar era.",The question incorrectly states Kevin Costner instead of the correct value Scott Derrickson.
Doctor Strange in the Multiverse of Madness,person,film_director_swap,Sam Raimi,George Mastras,How did the visual style of director George Mastras manifest in the cinematography of their film Doctor Strange in the Multiverse of Madness?,"The film Doctor Strange in the Multiverse of Madness was directed by Sam Raimi, not George Mastras. George Mastras was likely a collaborator or from a similar era.",The question incorrectly states George Mastras instead of the correct value Sam Raimi.
Doctor Zhivago,person,film_director_swap,David Lean,Hwang Dong-hyeok,How did the visual style of director Hwang Dong-hyeok manifest in the cinematography of their film Doctor Zhivago?,"The film Doctor Zhivago was directed by David Lean, not Hwang Dong-hyeok. Hwang Dong-hyeok was likely a collaborator or from a similar era.",The question incorrectly states Hwang Dong-hyeok instead of the correct value David Lean.
Dog Day Afternoon,person,film_director_swap,Sidney Lumet,Fritz Lang,How did the visual style of director Fritz Lang manifest in the cinematography of their film Dog Day Afternoon?,"The film Dog Day Afternoon was directed by Sidney Lumet, not Fritz Lang. Fritz Lang was likely a collaborator or from a similar era.",The question incorrectly states Fritz Lang instead of the correct value Sidney Lumet.
Dogville,person,film_director_swap,Lars von Trier,Fergal Reilly,How did the visual style of director Fergal Reilly manifest in the cinematography of their film Dogville?,"The film Dogville was directed by Lars von Trier, not Fergal Reilly. Fergal Reilly was likely a collaborator or from a similar era.",The question incorrectly states Fergal Reilly instead of the correct value Lars von Trier.
Donnie Darko,person,film_director_swap,Richard Kelly,Chloé Zhao,How did the visual style of director Chloé Zhao manifest in the cinematography of their film Donnie Darko?,"The film Donnie Darko was directed by Richard Kelly, not Chloé Zhao. Chloé Zhao was likely a collaborator or from a similar era.",The question incorrectly states Chloé Zhao instead of the correct value Richard Kelly.
Don't Look Up,person,film_director_swap,Adam McKay,Seth MacFarlane,How did the visual style of director Seth MacFarlane manifest in the cinematography of their film Don't Look Up?,"The film Don't Look Up was directed by Adam McKay, not Seth MacFarlane. Seth MacFarlane was likely a collaborator or from a similar era.",The question incorrectly states Seth MacFarlane instead of the correct value Adam McKay.
Downfall,person,film_director_swap,Oliver Hirschbiegel,David Soren,How did the visual style of director David Soren manifest in the cinematography of their film Downfall?,"The film Downfall was directed by Oliver Hirschbiegel, not David Soren. David Soren was likely a collaborator or from a similar era.",The question incorrectly states David Soren instead of the correct value Oliver Hirschbiegel.
Driving Miss Daisy,person,film_director_swap,Bruce Beresford,Jace Alexander,How did the visual style of director Jace Alexander manifest in the cinematography of their film Driving Miss Daisy?,"The film Driving Miss Daisy was directed by Bruce Beresford, not Jace Alexander. Jace Alexander was likely a collaborator or from a similar era.",The question incorrectly states Jace Alexander instead of the correct value Bruce Beresford.
Dr. No,person,film_director_swap,Terence Young,Chel White,How did the visual style of director Chel White manifest in the cinematography of their film Dr. No?,"The film Dr. No was directed by Terence Young, not Chel White. Chel White was likely a collaborator or from a similar era.",The question incorrectly states Chel White instead of the correct value Terence Young.
Dr. Seuss' How the Grinch Stole Christmas,person,film_director_swap,Ron Howard,Steve Asquith,How did the visual style of director Steve Asquith manifest in the cinematography of their film Dr. Seuss' How the Grinch Stole Christmas?,"The film Dr. Seuss' How the Grinch Stole Christmas was directed by Ron Howard, not Steve Asquith. Steve Asquith was likely a collaborator or from a similar era.",The question incorrectly states Steve Asquith instead of the correct value Ron Howard.
Dr. Strangelove,person,film_director_swap,Stanley Kubrick,Michael Haneke,How did the visual style of director Michael Haneke manifest in the cinematography of their film Dr. Strangelove?,"The film Dr. Strangelove was directed by Stanley Kubrick, not Michael Haneke. Michael Haneke was likely a collaborator or from a similar era.",The question incorrectly states Michael Haneke instead of the correct value Stanley Kubrick.
Dumb and Dumber,person,film_director_swap,Bobby Farrelly,Ted Kotcheff,How did the visual style of director Ted Kotcheff manifest in the cinematography of their film Dumb and Dumber?,"The film Dumb and Dumber was directed by Bobby Farrelly, not Ted Kotcheff. Ted Kotcheff was likely a collaborator or from a similar era.",The question incorrectly states Ted Kotcheff instead of the correct value Bobby Farrelly.
Dune,person,film_director_swap,David Lynch,David Mitton,How did the visual style of director David Mitton manifest in the cinematography of their film Dune?,"The film Dune was directed by David Lynch, not David Mitton. David Mitton was likely a collaborator or from a similar era.",The question incorrectly states David Mitton instead of the correct value David Lynch.
Dune: Part Two,person,film_director_swap,Denis Villeneuve,Eric Bress,How did the visual style of director Eric Bress manifest in the cinematography of their film Dune: Part Two?,"The film Dune: Part Two was directed by Denis Villeneuve, not Eric Bress. Eric Bress was likely a collaborator or from a similar era.",The question incorrectly states Eric Bress instead of the correct value Denis Villeneuve.
Dunkirk,person,film_director_swap,Christopher Nolan,Stephen Hillenburg,How did the visual style of director Stephen Hillenburg manifest in the cinematography of their film Dunkirk?,"The film Dunkirk was directed by Christopher Nolan, not Stephen Hillenburg. Stephen Hillenburg was likely a collaborator or from a similar era.",The question incorrectly states Stephen Hillenburg instead of the correct value Christopher Nolan.
Easy Rider,person,film_director_swap,Dennis Hopper,Louis J. Horvitz,How did the visual style of director Louis J. Horvitz manifest in the cinematography of their film Easy Rider?,"The film Easy Rider was directed by Dennis Hopper, not Louis J. Horvitz. Louis J. Horvitz was likely a collaborator or from a similar era.",The question incorrectly states Louis J. Horvitz instead of the correct value Dennis Hopper.
Edge of Tomorrow,person,film_director_swap,Doug Liman,Gil Junger,How did the visual style of director Gil Junger manifest in the cinematography of their film Edge of Tomorrow?,"The film Edge of Tomorrow was directed by Doug Liman, not Gil Junger. Gil Junger was likely a collaborator or from a similar era.",The question incorrectly states Gil Junger instead of the correct value Doug Liman.
Edward Scissorhands,person,film_director_swap,Tim Burton,Shawn Levy,How did the visual style of director Shawn Levy manifest in the cinematography of their film Edward Scissorhands?,"The film Edward Scissorhands was directed by Tim Burton, not Shawn Levy. Shawn Levy was likely a collaborator or from a similar era.",The question incorrectly states Shawn Levy instead of the correct value Tim Burton.
Empire of the Sun,person,film_director_swap,Steven Spielberg,Paris Barclay,How did the visual style of director Paris Barclay manifest in the cinematography of their film Empire of the Sun?,"The film Empire of the Sun was directed by Steven Spielberg, not Paris Barclay. Paris Barclay was likely a collaborator or from a similar era.",The question incorrectly states Paris Barclay instead of the correct value Steven Spielberg.
Enemy at the Gates,person,film_director_swap,Jean-Jacques Annaud,Taylor Hackford,How did the visual style of director Taylor Hackford manifest in the cinematography of their film Enemy at the Gates?,"The film Enemy at the Gates was directed by Jean-Jacques Annaud, not Taylor Hackford. Taylor Hackford was likely a collaborator or from a similar era.",The question incorrectly states Taylor Hackford instead of the correct value Jean-Jacques Annaud.
Eraserhead,person,film_director_swap,David Lynch,Mel Gibson,How did the visual style of director Mel Gibson manifest in the cinematography of their film Eraserhead?,"The film Eraserhead was directed by David Lynch, not Mel Gibson. Mel Gibson was likely a collaborator or from a similar era.",The question incorrectly states Mel Gibson instead of the correct value David Lynch.
Erin Brockovich,person,film_director_swap,Steven Soderbergh,Paul Lazarus,How did the visual style of director Paul Lazarus manifest in the cinematography of their film Erin Brockovich?,"The film Erin Brockovich was directed by Steven Soderbergh, not Paul Lazarus. Paul Lazarus was likely a collaborator or from a similar era.",The question incorrectly states Paul Lazarus instead of the correct value Steven Soderbergh.
Eternals,person,film_director_swap,Chloé Zhao,Greg Tiernan,How did the visual style of director Greg Tiernan manifest in the cinematography of their film Eternals?,"The film Eternals was directed by Chloé Zhao, not Greg Tiernan. Greg Tiernan was likely a collaborator or from a similar era.",The question incorrectly states Greg Tiernan instead of the correct value Chloé Zhao.
Eternal Sunshine of the Spotless Mind,person,film_director_swap,Michel Gondry,Burny Mattinson,How did the visual style of director Burny Mattinson manifest in the cinematography of their film Eternal Sunshine of the Spotless Mind?,"The film Eternal Sunshine of the Spotless Mind was directed by Michel Gondry, not Burny Mattinson. Burny Mattinson was likely a collaborator or from a similar era.",The question incorrectly states Burny Mattinson instead of the correct value Michel Gondry.
E.T. the Extra-Terrestrial,person,film_director_swap,Steven Spielberg,Wolfgang Becker,How did the visual style of director Wolfgang Becker manifest in the cinematography of their film E.T. the Extra-Terrestrial?,"The film E.T. the Extra-Terrestrial was directed by Steven Spielberg, not Wolfgang Becker. Wolfgang Becker was likely a collaborator or from a similar era.",The question incorrectly states Wolfgang Becker instead of the correct value Steven Spielberg.
Everything Everywhere All at Once,person,film_director_swap,Daniel Scheinert,David Trainer,How did the visual style of director David Trainer manifest in the cinematography of their film Everything Everywhere All at Once?,"The film Everything Everywhere All at Once was directed by Daniel Scheinert, not David Trainer. David Trainer was likely a collaborator or from a similar era.",The question incorrectly states David Trainer instead of the correct value Daniel Scheinert.
Eyes Wide Shut,person,film_director_swap,Stanley Kubrick,Ethan Coen,How did the visual style of director Ethan Coen manifest in the cinematography of their film Eyes Wide Shut?,"The film Eyes Wide Shut was directed by Stanley Kubrick, not Ethan Coen. Ethan Coen was likely a collaborator or from a similar era.",The question incorrectly states Ethan Coen instead of the correct value Stanley Kubrick.
F9,person,film_director_swap,Justin Lin,Jerry Zucker,How did the visual style of director Jerry Zucker manifest in the cinematography of their film F9?,"The film F9 was directed by Justin Lin, not Jerry Zucker. Jerry Zucker was likely a collaborator or from a similar era.",The question incorrectly states Jerry Zucker instead of the correct value Justin Lin.
Fantastic Beasts and Where to Find Them,person,film_director_swap,David Yates,David F. Sandberg,How did the visual style of director David F. Sandberg manifest in the cinematography of their film Fantastic Beasts and Where to Find Them?,"The film Fantastic Beasts and Where to Find Them was directed by David Yates, not David F. Sandberg. David F. Sandberg was likely a collaborator or from a similar era.",The question incorrectly states David F. Sandberg instead of the correct value David Yates.
Fantastic Beasts: The Crimes of Grindelwald,person,film_director_swap,David Yates,Hidemaro Fujibayashi,How did the visual style of director Hidemaro Fujibayashi manifest in the cinematography of their film Fantastic Beasts: The Crimes of Grindelwald?,"The film Fantastic Beasts: The Crimes of Grindelwald was directed by David Yates, not Hidemaro Fujibayashi. Hidemaro Fujibayashi was likely a collaborator or from a similar era.",The question incorrectly states Hidemaro Fujibayashi instead of the correct value David Yates.
Fantastic Four,person,film_director_swap,Josh Trank,Alan J. Pakula,How did the visual style of director Alan J. Pakula manifest in the cinematography of their film Fantastic Four?,"The film Fantastic Four was directed by Josh Trank, not Alan J. Pakula. Alan J. Pakula was likely a collaborator or from a similar era.",The question incorrectly states Alan J. Pakula instead of the correct value Josh Trank.
Fargo,person,film_director_swap,Ethan Coen,Michael Grossman,How did the visual style of director Michael Grossman manifest in the cinematography of their film Fargo?,"The film Fargo was directed by Ethan Coen, not Michael Grossman. Michael Grossman was likely a collaborator or from a similar era.",The question incorrectly states Michael Grossman instead of the correct value Ethan Coen.
Fast Five,person,film_director_swap,Justin Lin,George Roy Hill,How did the visual style of director George Roy Hill manifest in the cinematography of their film Fast Five?,"The film Fast Five was directed by Justin Lin, not George Roy Hill. George Roy Hill was likely a collaborator or from a similar era.",The question incorrectly states George Roy Hill instead of the correct value Justin Lin.
Fast & Furious,person,film_director_swap,Justin Lin,Antoine Fuqua,How did the visual style of director Antoine Fuqua manifest in the cinematography of their film Fast & Furious?,"The film Fast & Furious was directed by Justin Lin, not Antoine Fuqua. Antoine Fuqua was likely a collaborator or from a similar era.",The question incorrectly states Antoine Fuqua instead of the correct value Justin Lin.
Fast & Furious 6,person,film_director_swap,Justin Lin,Aviva Slesin,How did the visual style of director Aviva Slesin manifest in the cinematography of their film Fast & Furious 6?,"The film Fast & Furious 6 was directed by Justin Lin, not Aviva Slesin. Aviva Slesin was likely a collaborator or from a similar era.",The question incorrectly states Aviva Slesin instead of the correct value Justin Lin.
Fifty Shades of Grey,person,film_director_swap,Sam Taylor-Johnson,Miloš Forman,How did the visual style of director Miloš Forman manifest in the cinematography of their film Fifty Shades of Grey?,"The film Fifty Shades of Grey was directed by Sam Taylor-Johnson, not Miloš Forman. Miloš Forman was likely a collaborator or from a similar era.",The question incorrectly states Miloš Forman instead of the correct value Sam Taylor-Johnson.
Fight Club,person,film_director_swap,David Fincher,Harald Zwart,How did the visual style of director Harald Zwart manifest in the cinematography of their film Fight Club?,"The film Fight Club was directed by David Fincher, not Harald Zwart. Harald Zwart was likely a collaborator or from a similar era.",The question incorrectly states Harald Zwart instead of the correct value David Fincher.
Final Destination,person,film_director_swap,James Wong,Ross Duffer,How did the visual style of director Ross Duffer manifest in the cinematography of their film Final Destination?,"The film Final Destination was directed by James Wong, not Ross Duffer. Ross Duffer was likely a collaborator or from a similar era.",The question incorrectly states Ross Duffer instead of the correct value James Wong.
Finding Neverland,person,film_director_swap,Marc Forster,Chris Sanders,How did the visual style of director Chris Sanders manifest in the cinematography of their film Finding Neverland?,"The film Finding Neverland was directed by Marc Forster, not Chris Sanders. Chris Sanders was likely a collaborator or from a similar era.",The question incorrectly states Chris Sanders instead of the correct value Marc Forster.
First Blood,person,film_director_swap,Ted Kotcheff,Quentin Tarantino,How did the visual style of director Quentin Tarantino manifest in the cinematography of their film First Blood?,"The film First Blood was directed by Ted Kotcheff, not Quentin Tarantino. Quentin Tarantino was likely a collaborator or from a similar era.",The question incorrectly states Quentin Tarantino instead of the correct value Ted Kotcheff.
For a Few Dollars More,person,film_director_swap,Sergio Leone,Steve Purcell,How did the visual style of director Steve Purcell manifest in the cinematography of their film For a Few Dollars More?,"The film For a Few Dollars More was directed by Sergio Leone, not Steve Purcell. Steve Purcell was likely a collaborator or from a similar era.",The question incorrectly states Steve Purcell instead of the correct value Sergio Leone.
For Your Eyes Only,person,film_director_swap,John Glen,Lyndall Hobbs,How did the visual style of director Lyndall Hobbs manifest in the cinematography of their film For Your Eyes Only?,"The film For Your Eyes Only was directed by John Glen, not Lyndall Hobbs. Lyndall Hobbs was likely a collaborator or from a similar era.",The question incorrectly states Lyndall Hobbs instead of the correct value John Glen.
Four Weddings and a Funeral,person,film_director_swap,Mike Newell,Cameron Crowe,How did the visual style of director Cameron Crowe manifest in the cinematography of their film Four Weddings and a Funeral?,"The film Four Weddings and a Funeral was directed by Mike Newell, not Cameron Crowe. Cameron Crowe was likely a collaborator or from a similar era.",The question incorrectly states Cameron Crowe instead of the correct value Mike Newell.
From Here to Eternity,person,film_director_swap,Fred Zinnemann,Akiva Schaffer,How did the visual style of director Akiva Schaffer manifest in the cinematography of their film From Here to Eternity?,"The film From Here to Eternity was directed by Fred Zinnemann, not Akiva Schaffer. Akiva Schaffer was likely a collaborator or from a similar era.",The question incorrectly states Akiva Schaffer instead of the correct value Fred Zinnemann.
From Russia with Love,person,film_director_swap,Terence Young,Nick Park,How did the visual style of director Nick Park manifest in the cinematography of their film From Russia with Love?,"The film From Russia with Love was directed by Terence Young, not Nick Park. Nick Park was likely a collaborator or from a similar era.",The question incorrectly states Nick Park instead of the correct value Terence Young.
Full Metal Jacket,person,film_director_swap,Stanley Kubrick,Greg Yaitanes,How did the visual style of director Greg Yaitanes manifest in the cinematography of their film Full Metal Jacket?,"The film Full Metal Jacket was directed by Stanley Kubrick, not Greg Yaitanes. Greg Yaitanes was likely a collaborator or from a similar era.",The question incorrectly states Greg Yaitanes instead of the correct value Stanley Kubrick.
Fun and Fancy Free,person,film_director_swap,Bill Roberts,Lee Eung-bok,How did the visual style of director Lee Eung-bok manifest in the cinematography of their film Fun and Fancy Free?,"The film Fun and Fancy Free was directed by Bill Roberts, not Lee Eung-bok. Lee Eung-bok was likely a collaborator or from a similar era.",The question incorrectly states Lee Eung-bok instead of the correct value Bill Roberts.
Furious 7,person,film_director_swap,James Wan,David Lynch,How did the visual style of director David Lynch manifest in the cinematography of their film Furious 7?,"The film Furious 7 was directed by James Wan, not David Lynch. David Lynch was likely a collaborator or from a similar era.",The question incorrectly states David Lynch instead of the correct value James Wan.
Fury,person,film_director_swap,David Ayer,Art Stevens,How did the visual style of director Art Stevens manifest in the cinematography of their film Fury?,"The film Fury was directed by David Ayer, not Art Stevens. Art Stevens was likely a collaborator or from a similar era.",The question incorrectly states Art Stevens instead of the correct value David Ayer.
Gandhi,person,film_director_swap,Richard Attenborough,Friz Freleng,How did the visual style of director Friz Freleng manifest in the cinematography of their film Gandhi?,"The film Gandhi was directed by Richard Attenborough, not Friz Freleng. Friz Freleng was likely a collaborator or from a similar era.",The question incorrectly states Friz Freleng instead of the correct value Richard Attenborough.
Gangs of New York,person,film_director_swap,Martin Scorsese,Les Clark,How did the visual style of director Les Clark manifest in the cinematography of their film Gangs of New York?,"The film Gangs of New York was directed by Martin Scorsese, not Les Clark. Les Clark was likely a collaborator or from a similar era.",The question incorrectly states Les Clark instead of the correct value Martin Scorsese.
Gattaca,person,film_director_swap,Andrew Niccol,Chad Stahelski,How did the visual style of director Chad Stahelski manifest in the cinematography of their film Gattaca?,"The film Gattaca was directed by Andrew Niccol, not Chad Stahelski. Chad Stahelski was likely a collaborator or from a similar era.",The question incorrectly states Chad Stahelski instead of the correct value Andrew Niccol.
Get Out,person,film_director_swap,Jordan Peele,Wesley Ruggles,How did the visual style of director Wesley Ruggles manifest in the cinematography of their film Get Out?,"The film Get Out was directed by Jordan Peele, not Wesley Ruggles. Wesley Ruggles was likely a collaborator or from a similar era.",The question incorrectly states Wesley Ruggles instead of the correct value Jordan Peele.
Ghost,person,film_director_swap,Jerry Zucker,Bethany Rooney,How did the visual style of director Bethany Rooney manifest in the cinematography of their film Ghost?,"The film Ghost was directed by Jerry Zucker, not Bethany Rooney. Bethany Rooney was likely a collaborator or from a similar era.",The question incorrectly states Bethany Rooney instead of the correct value Jerry Zucker.
Ghostbusters,person,film_director_swap,Ivan Reitman,John Milius,How did the visual style of director John Milius manifest in the cinematography of their film Ghostbusters?,"The film Ghostbusters was directed by Ivan Reitman, not John Milius. John Milius was likely a collaborator or from a similar era.",The question incorrectly states John Milius instead of the correct value Ivan Reitman.
Ghost Rider,person,film_director_swap,Mark Steven Johnson,Lyndall Hobbs,How did the visual style of director Lyndall Hobbs manifest in the cinematography of their film Ghost Rider?,"The film Ghost Rider was directed by Mark Steven Johnson, not Lyndall Hobbs. Lyndall Hobbs was likely a collaborator or from a similar era.",The question incorrectly states Lyndall Hobbs instead of the correct value Mark Steven Johnson.
"Girl, Interrupted",person,film_director_swap,James Mangold,Bobby Farrelly,"How did the visual style of director Bobby Farrelly manifest in the cinematography of their film Girl, Interrupted?","The film Girl, Interrupted was directed by James Mangold, not Bobby Farrelly. Bobby Farrelly was likely a collaborator or from a similar era.",The question incorrectly states Bobby Farrelly instead of the correct value James Mangold.
Gladiator,person,film_director_swap,Ridley Scott,Norman Buckley,How did the visual style of director Norman Buckley manifest in the cinematography of their film Gladiator?,"The film Gladiator was directed by Ridley Scott, not Norman Buckley. Norman Buckley was likely a collaborator or from a similar era.",The question incorrectly states Norman Buckley instead of the correct value Ridley Scott.
Godzilla,person,film_director_swap,Gareth Edwards,Phil Johnston,How did the visual style of director Phil Johnston manifest in the cinematography of their film Godzilla?,"The film Godzilla was directed by Gareth Edwards, not Phil Johnston. Phil Johnston was likely a collaborator or from a similar era.",The question incorrectly states Phil Johnston instead of the correct value Gareth Edwards.
GoldenEye,person,film_director_swap,Martin Campbell,Roger Allers,How did the visual style of director Roger Allers manifest in the cinematography of their film GoldenEye?,"The film GoldenEye was directed by Martin Campbell, not Roger Allers. Roger Allers was likely a collaborator or from a similar era.",The question incorrectly states Roger Allers instead of the correct value Martin Campbell.
Goldfinger,person,film_director_swap,Guy Hamilton,Ash Brannon,How did the visual style of director Ash Brannon manifest in the cinematography of their film Goldfinger?,"The film Goldfinger was directed by Guy Hamilton, not Ash Brannon. Ash Brannon was likely a collaborator or from a similar era.",The question incorrectly states Ash Brannon instead of the correct value Guy Hamilton.
Gone Girl,person,film_director_swap,David Fincher,Curtis Hanson,How did the visual style of director Curtis Hanson manifest in the cinematography of their film Gone Girl?,"The film Gone Girl was directed by David Fincher, not Curtis Hanson. Curtis Hanson was likely a collaborator or from a similar era.",The question incorrectly states Curtis Hanson instead of the correct value David Fincher.
Gone with the Wind,person,film_director_swap,George Cukor,Craig Mazin,How did the visual style of director Craig Mazin manifest in the cinematography of their film Gone with the Wind?,"The film Gone with the Wind was directed by George Cukor, not Craig Mazin. Craig Mazin was likely a collaborator or from a similar era.",The question incorrectly states Craig Mazin instead of the correct value George Cukor.
Good Bye Lenin!,person,film_director_swap,Wolfgang Becker,Hugh Harman,How did the visual style of director Hugh Harman manifest in the cinematography of their film Good Bye Lenin!?,"The film Good Bye Lenin! was directed by Wolfgang Becker, not Hugh Harman. Hugh Harman was likely a collaborator or from a similar era.",The question incorrectly states Hugh Harman instead of the correct value Wolfgang Becker.
Goodfellas,person,film_director_swap,Martin Scorsese,Brian De Palma,How did the visual style of director Brian De Palma manifest in the cinematography of their film Goodfellas?,"The film Goodfellas was directed by Martin Scorsese, not Brian De Palma. Brian De Palma was likely a collaborator or from a similar era.",The question incorrectly states Brian De Palma instead of the correct value Martin Scorsese.
"Good Morning, Vietnam",person,film_director_swap,Barry Levinson,Fred Savage,"How did the visual style of director Fred Savage manifest in the cinematography of their film Good Morning, Vietnam?","The film Good Morning, Vietnam was directed by Barry Levinson, not Fred Savage. Fred Savage was likely a collaborator or from a similar era.",The question incorrectly states Fred Savage instead of the correct value Barry Levinson.
Good Will Hunting,person,film_director_swap,Gus Van Sant,Charlie Chaplin,How did the visual style of director Charlie Chaplin manifest in the cinematography of their film Good Will Hunting?,"The film Good Will Hunting was directed by Gus Van Sant, not Charlie Chaplin. Charlie Chaplin was likely a collaborator or from a similar era.",The question incorrectly states Charlie Chaplin instead of the correct value Gus Van Sant.
Grand Hotel,person,film_director_swap,Edmund Goulding,Nafs,How did the visual style of director Nafs manifest in the cinematography of their film Grand Hotel?,"The film Grand Hotel was directed by Edmund Goulding, not Nafs. Nafs was likely a collaborator or from a similar era.",The question incorrectly states Nafs instead of the correct value Edmund Goulding.
Gran Torino,person,film_director_swap,Clint Eastwood,Terrence Malick,How did the visual style of director Terrence Malick manifest in the cinematography of their film Gran Torino?,"The film Gran Torino was directed by Clint Eastwood, not Terrence Malick. Terrence Malick was likely a collaborator or from a similar era.",The question incorrectly states Terrence Malick instead of the correct value Clint Eastwood.
Gravity,person,film_director_swap,Alfonso Cuarón,Jon Favreau,How did the visual style of director Jon Favreau manifest in the cinematography of their film Gravity?,"The film Gravity was directed by Alfonso Cuarón, not Jon Favreau. Jon Favreau was likely a collaborator or from a similar era.",The question incorrectly states Jon Favreau instead of the correct value Alfonso Cuarón.
Green Book,person,film_director_swap,Peter Farrelly,Paul Weiland,How did the visual style of director Paul Weiland manifest in the cinematography of their film Green Book?,"The film Green Book was directed by Peter Farrelly, not Paul Weiland. Paul Weiland was likely a collaborator or from a similar era.",The question incorrectly states Paul Weiland instead of the correct value Peter Farrelly.
Groundhog Day,person,film_director_swap,Harold Ramis,Paul Lazarus,How did the visual style of director Paul Lazarus manifest in the cinematography of their film Groundhog Day?,"The film Groundhog Day was directed by Harold Ramis, not Paul Lazarus. Paul Lazarus was likely a collaborator or from a similar era.",The question incorrectly states Paul Lazarus instead of the correct value Harold Ramis.
Guardians of the Galaxy,person,film_director_swap,James Gunn,Tom McCarthy,How did the visual style of director Tom McCarthy manifest in the cinematography of their film Guardians of the Galaxy?,"The film Guardians of the Galaxy was directed by James Gunn, not Tom McCarthy. Tom McCarthy was likely a collaborator or from a similar era.",The question incorrectly states Tom McCarthy instead of the correct value James Gunn.
Guardians of the Galaxy Vol. 2,person,film_director_swap,James Gunn,Peter Ramsey,How did the visual style of director Peter Ramsey manifest in the cinematography of their film Guardians of the Galaxy Vol. 2?,"The film Guardians of the Galaxy Vol. 2 was directed by James Gunn, not Peter Ramsey. Peter Ramsey was likely a collaborator or from a similar era.",The question incorrectly states Peter Ramsey instead of the correct value James Gunn.
Guardians of the Galaxy Vol. 3,person,film_director_swap,James Gunn,Espen Sandberg,How did the visual style of director Espen Sandberg manifest in the cinematography of their film Guardians of the Galaxy Vol. 3?,"The film Guardians of the Galaxy Vol. 3 was directed by James Gunn, not Espen Sandberg. Espen Sandberg was likely a collaborator or from a similar era.",The question incorrectly states Espen Sandberg instead of the correct value James Gunn.
Hacksaw Ridge,person,film_director_swap,Mel Gibson,Tim Hunter,How did the visual style of director Tim Hunter manifest in the cinematography of their film Hacksaw Ridge?,"The film Hacksaw Ridge was directed by Mel Gibson, not Tim Hunter. Tim Hunter was likely a collaborator or from a similar era.",The question incorrectly states Tim Hunter instead of the correct value Mel Gibson.
Halloween,person,film_director_swap,John Carpenter,Mehmet Kurtuluş,How did the visual style of director Mehmet Kurtuluş manifest in the cinematography of their film Halloween?,"The film Halloween was directed by John Carpenter, not Mehmet Kurtuluş. Mehmet Kurtuluş was likely a collaborator or from a similar era.",The question incorrectly states Mehmet Kurtuluş instead of the correct value John Carpenter.
Hannah and Her Sisters,person,film_director_swap,Woody Allen,Joe Ranft,How did the visual style of director Joe Ranft manifest in the cinematography of their film Hannah and Her Sisters?,"The film Hannah and Her Sisters was directed by Woody Allen, not Joe Ranft. Joe Ranft was likely a collaborator or from a similar era.",The question incorrectly states Joe Ranft instead of the correct value Woody Allen.
Harry Potter and the Chamber of Secrets,person,film_director_swap,Chris Columbus,Kenny Ortega,How did the visual style of director Kenny Ortega manifest in the cinematography of their film Harry Potter and the Chamber of Secrets?,"The film Harry Potter and the Chamber of Secrets was directed by Chris Columbus, not Kenny Ortega. Kenny Ortega was likely a collaborator or from a similar era.",The question incorrectly states Kenny Ortega instead of the correct value Chris Columbus.
Harry Potter and the Deathly Hallows – Part 1,person,film_director_swap,David Yates,Keith Gordon,How did the visual style of director Keith Gordon manifest in the cinematography of their film Harry Potter and the Deathly Hallows – Part 1?,"The film Harry Potter and the Deathly Hallows – Part 1 was directed by David Yates, not Keith Gordon. Keith Gordon was likely a collaborator or from a similar era.",The question incorrectly states Keith Gordon instead of the correct value David Yates.
Harry Potter and the Deathly Hallows – Part 2,person,film_director_swap,David Yates,Hayao Miyazaki,How did the visual style of director Hayao Miyazaki manifest in the cinematography of their film Harry Potter and the Deathly Hallows – Part 2?,"The film Harry Potter and the Deathly Hallows – Part 2 was directed by David Yates, not Hayao Miyazaki. Hayao Miyazaki was likely a collaborator or from a similar era.",The question incorrectly states Hayao Miyazaki instead of the correct value David Yates.
Harry Potter and the Goblet of Fire,person,film_director_swap,Mike Newell,Paris Barclay,How did the visual style of director Paris Barclay manifest in the cinematography of their film Harry Potter and the Goblet of Fire?,"The film Harry Potter and the Goblet of Fire was directed by Mike Newell, not Paris Barclay. Paris Barclay was likely a collaborator or from a similar era.",The question incorrectly states Paris Barclay instead of the correct value Mike Newell.
Harry Potter and the Half-Blood Prince,person,film_director_swap,David Yates,Joss Whedon,How did the visual style of director Joss Whedon manifest in the cinematography of their film Harry Potter and the Half-Blood Prince?,"The film Harry Potter and the Half-Blood Prince was directed by David Yates, not Joss Whedon. Joss Whedon was likely a collaborator or from a similar era.",The question incorrectly states Joss Whedon instead of the correct value David Yates.
Harry Potter and the Order of the Phoenix,person,film_director_swap,David Yates,Hugh Laurie,How did the visual style of director Hugh Laurie manifest in the cinematography of their film Harry Potter and the Order of the Phoenix?,"The film Harry Potter and the Order of the Phoenix was directed by David Yates, not Hugh Laurie. Hugh Laurie was likely a collaborator or from a similar era.",The question incorrectly states Hugh Laurie instead of the correct value David Yates.
Harry Potter and the Philosopher's Stone,person,film_director_swap,Chris Columbus,Nick Bruno,How did the visual style of director Nick Bruno manifest in the cinematography of their film Harry Potter and the Philosopher's Stone?,"The film Harry Potter and the Philosopher's Stone was directed by Chris Columbus, not Nick Bruno. Nick Bruno was likely a collaborator or from a similar era.",The question incorrectly states Nick Bruno instead of the correct value Chris Columbus.
Harry Potter and the Prisoner of Azkaban,person,film_director_swap,Alfonso Cuarón,Peter Segal,How did the visual style of director Peter Segal manifest in the cinematography of their film Harry Potter and the Prisoner of Azkaban?,"The film Harry Potter and the Prisoner of Azkaban was directed by Alfonso Cuarón, not Peter Segal. Peter Segal was likely a collaborator or from a similar era.",The question incorrectly states Peter Segal instead of the correct value Alfonso Cuarón.
Heat,person,film_director_swap,Michael Mann,Ben Affleck,How did the visual style of director Ben Affleck manifest in the cinematography of their film Heat?,"The film Heat was directed by Michael Mann, not Ben Affleck. Ben Affleck was likely a collaborator or from a similar era.",The question incorrectly states Ben Affleck instead of the correct value Michael Mann.
Hellboy,person,film_director_swap,Guillermo del Toro,Pete Docter,How did the visual style of director Pete Docter manifest in the cinematography of their film Hellboy?,"The film Hellboy was directed by Guillermo del Toro, not Pete Docter. Pete Docter was likely a collaborator or from a similar era.",The question incorrectly states Pete Docter instead of the correct value Guillermo del Toro.
Her,person,film_director_swap,Spike Jonze,Stephen Sandoval,How did the visual style of director Stephen Sandoval manifest in the cinematography of their film Her?,"The film Her was directed by Spike Jonze, not Stephen Sandoval. Stephen Sandoval was likely a collaborator or from a similar era.",The question incorrectly states Stephen Sandoval instead of the correct value Spike Jonze.
Highlander,person,film_director_swap,Russell Mulcahy,Bryn Higgins,How did the visual style of director Bryn Higgins manifest in the cinematography of their film Highlander?,"The film Highlander was directed by Russell Mulcahy, not Bryn Higgins. Bryn Higgins was likely a collaborator or from a similar era.",The question incorrectly states Bryn Higgins instead of the correct value Russell Mulcahy.
High Noon,person,film_director_swap,Fred Zinnemann,Terence Young,How did the visual style of director Terence Young manifest in the cinematography of their film High Noon?,"The film High Noon was directed by Fred Zinnemann, not Terence Young. Terence Young was likely a collaborator or from a similar era.",The question incorrectly states Terence Young instead of the correct value Fred Zinnemann.
Hobbs & Shaw,person,film_director_swap,David Leitch,Don Siegel,How did the visual style of director Don Siegel manifest in the cinematography of their film Hobbs & Shaw?,"The film Hobbs & Shaw was directed by David Leitch, not Don Siegel. Don Siegel was likely a collaborator or from a similar era.",The question incorrectly states Don Siegel instead of the correct value David Leitch.
Home Alone,person,film_director_swap,Chris Columbus,Phil Abraham,How did the visual style of director Phil Abraham manifest in the cinematography of their film Home Alone?,"The film Home Alone was directed by Chris Columbus, not Phil Abraham. Phil Abraham was likely a collaborator or from a similar era.",The question incorrectly states Phil Abraham instead of the correct value Chris Columbus.
Home Alone 2: Lost in New York,person,film_director_swap,Chris Columbus,Edward Hall,How did the visual style of director Edward Hall manifest in the cinematography of their film Home Alone 2: Lost in New York?,"The film Home Alone 2: Lost in New York was directed by Chris Columbus, not Edward Hall. Edward Hall was likely a collaborator or from a similar era.",The question incorrectly states Edward Hall instead of the correct value Chris Columbus.
Hotel Rwanda,person,film_director_swap,Terry George,Gary Winick,How did the visual style of director Gary Winick manifest in the cinematography of their film Hotel Rwanda?,"The film Hotel Rwanda was directed by Terry George, not Gary Winick. Gary Winick was likely a collaborator or from a similar era.",The question incorrectly states Gary Winick instead of the correct value Terry George.
Hotel Transylvania,person,film_director_swap,Genndy Tartakovsky,R. Lee Ermey,How did the visual style of director R. Lee Ermey manifest in the cinematography of their film Hotel Transylvania?,"The film Hotel Transylvania was directed by Genndy Tartakovsky, not R. Lee Ermey. R. Lee Ermey was likely a collaborator or from a similar era.",The question incorrectly states R. Lee Ermey instead of the correct value Genndy Tartakovsky.
How Green Was My Valley,person,film_director_swap,John Ford,Bradley Raymond,How did the visual style of director Bradley Raymond manifest in the cinematography of their film How Green Was My Valley?,"The film How Green Was My Valley was directed by John Ford, not Bradley Raymond. Bradley Raymond was likely a collaborator or from a similar era.",The question incorrectly states Bradley Raymond instead of the correct value John Ford.
Hugo,person,film_director_swap,Martin Scorsese,Daniel Sackheim,How did the visual style of director Daniel Sackheim manifest in the cinematography of their film Hugo?,"The film Hugo was directed by Martin Scorsese, not Daniel Sackheim. Daniel Sackheim was likely a collaborator or from a similar era.",The question incorrectly states Daniel Sackheim instead of the correct value Martin Scorsese.
Hulk,person,film_director_swap,Ang Lee,Franco Marazzi,How did the visual style of director Franco Marazzi manifest in the cinematography of their film Hulk?,"The film Hulk was directed by Ang Lee, not Franco Marazzi. Franco Marazzi was likely a collaborator or from a similar era.",The question incorrectly states Franco Marazzi instead of the correct value Ang Lee.
I Am Legend,person,film_director_swap,Francis Lawrence,David Block,How did the visual style of director David Block manifest in the cinematography of their film I Am Legend?,"The film I Am Legend was directed by Francis Lawrence, not David Block. David Block was likely a collaborator or from a similar era.",The question incorrectly states David Block instead of the correct value Francis Lawrence.
In Bruges,person,film_director_swap,Martin McDonagh,Miloš Forman,How did the visual style of director Miloš Forman manifest in the cinematography of their film In Bruges?,"The film In Bruges was directed by Martin McDonagh, not Miloš Forman. Miloš Forman was likely a collaborator or from a similar era.",The question incorrectly states Miloš Forman instead of the correct value Martin McDonagh.
Inception,person,film_director_swap,Christopher Nolan,Bob Clampett,How did the visual style of director Bob Clampett manifest in the cinematography of their film Inception?,"The film Inception was directed by Christopher Nolan, not Bob Clampett. Bob Clampett was likely a collaborator or from a similar era.",The question incorrectly states Bob Clampett instead of the correct value Christopher Nolan.
Independence Day,person,film_director_swap,Roland Emmerich,Daniel Sackheim,How did the visual style of director Daniel Sackheim manifest in the cinematography of their film Independence Day?,"The film Independence Day was directed by Roland Emmerich, not Daniel Sackheim. Daniel Sackheim was likely a collaborator or from a similar era.",The question incorrectly states Daniel Sackheim instead of the correct value Roland Emmerich.
Indiana Jones and the Dial of Destiny,person,film_director_swap,James Mangold,Aaron Horvath,How did the visual style of director Aaron Horvath manifest in the cinematography of their film Indiana Jones and the Dial of Destiny?,"The film Indiana Jones and the Dial of Destiny was directed by James Mangold, not Aaron Horvath. Aaron Horvath was likely a collaborator or from a similar era.",The question incorrectly states Aaron Horvath instead of the correct value James Mangold.
Indiana Jones and the Kingdom of the Crystal Skull,person,film_director_swap,Steven Spielberg,John Stevenson,How did the visual style of director John Stevenson manifest in the cinematography of their film Indiana Jones and the Kingdom of the Crystal Skull?,"The film Indiana Jones and the Kingdom of the Crystal Skull was directed by Steven Spielberg, not John Stevenson. John Stevenson was likely a collaborator or from a similar era.",The question incorrectly states John Stevenson instead of the correct value Steven Spielberg.
Indiana Jones and the Last Crusade,person,film_director_swap,Steven Spielberg,Kenneth Branagh,How did the visual style of director Kenneth Branagh manifest in the cinematography of their film Indiana Jones and the Last Crusade?,"The film Indiana Jones and the Last Crusade was directed by Steven Spielberg, not Kenneth Branagh. Kenneth Branagh was likely a collaborator or from a similar era.",The question incorrectly states Kenneth Branagh instead of the correct value Steven Spielberg.
Indiana Jones and the Temple of Doom,person,film_director_swap,Steven Spielberg,Roger Kumble,How did the visual style of director Roger Kumble manifest in the cinematography of their film Indiana Jones and the Temple of Doom?,"The film Indiana Jones and the Temple of Doom was directed by Steven Spielberg, not Roger Kumble. Roger Kumble was likely a collaborator or from a similar era.",The question incorrectly states Roger Kumble instead of the correct value Steven Spielberg.
Inglourious Basterds,person,film_director_swap,Quentin Tarantino,Paul Brizzi,How did the visual style of director Paul Brizzi manifest in the cinematography of their film Inglourious Basterds?,"The film Inglourious Basterds was directed by Quentin Tarantino, not Paul Brizzi. Paul Brizzi was likely a collaborator or from a similar era.",The question incorrectly states Paul Brizzi instead of the correct value Quentin Tarantino.
Interstellar,person,film_director_swap,Christopher Nolan,Lee Jung-hyo,How did the visual style of director Lee Jung-hyo manifest in the cinematography of their film Interstellar?,"The film Interstellar was directed by Christopher Nolan, not Lee Jung-hyo. Lee Jung-hyo was likely a collaborator or from a similar era.",The question incorrectly states Lee Jung-hyo instead of the correct value Christopher Nolan.
Interview with the Vampire,person,film_director_swap,Neil Jordan,Hamilton Luske,How did the visual style of director Hamilton Luske manifest in the cinematography of their film Interview with the Vampire?,"The film Interview with the Vampire was directed by Neil Jordan, not Hamilton Luske. Hamilton Luske was likely a collaborator or from a similar era.",The question incorrectly states Hamilton Luske instead of the correct value Neil Jordan.
In the Heat of the Night,person,film_director_swap,Norman Jewison,Andy Fickman,How did the visual style of director Andy Fickman manifest in the cinematography of their film In the Heat of the Night?,"The film In the Heat of the Night was directed by Norman Jewison, not Andy Fickman. Andy Fickman was likely a collaborator or from a similar era.",The question incorrectly states Andy Fickman instead of the correct value Norman Jewison.
In the Mood for Love,person,film_director_swap,Wong Kar-wai,Fernando Meirelles,How did the visual style of director Fernando Meirelles manifest in the cinematography of their film In the Mood for Love?,"The film In the Mood for Love was directed by Wong Kar-wai, not Fernando Meirelles. Fernando Meirelles was likely a collaborator or from a similar era.",The question incorrectly states Fernando Meirelles instead of the correct value Wong Kar-wai.
Into the Wild,person,film_director_swap,Sean Penn,Guy Ferland,How did the visual style of director Guy Ferland manifest in the cinematography of their film Into the Wild?,"The film Into the Wild was directed by Sean Penn, not Guy Ferland. Guy Ferland was likely a collaborator or from a similar era.",The question incorrectly states Guy Ferland instead of the correct value Sean Penn.
"I, Robot",person,film_director_swap,Alex Proyas,Sam Esmail,"How did the visual style of director Sam Esmail manifest in the cinematography of their film I, Robot?","The film I, Robot was directed by Alex Proyas, not Sam Esmail. Sam Esmail was likely a collaborator or from a similar era.",The question incorrectly states Sam Esmail instead of the correct value Alex Proyas.
Iron Man,person,film_director_swap,Jon Favreau,Greg Scarnici,How did the visual style of director Greg Scarnici manifest in the cinematography of their film Iron Man?,"The film Iron Man was directed by Jon Favreau, not Greg Scarnici. Greg Scarnici was likely a collaborator or from a similar era.",The question incorrectly states Greg Scarnici instead of the correct value Jon Favreau.
Iron Man 2,person,film_director_swap,Jon Favreau,Russell Mulcahy,How did the visual style of director Russell Mulcahy manifest in the cinematography of their film Iron Man 2?,"The film Iron Man 2 was directed by Jon Favreau, not Russell Mulcahy. Russell Mulcahy was likely a collaborator or from a similar era.",The question incorrectly states Russell Mulcahy instead of the correct value Jon Favreau.
Iron Man 3,person,film_director_swap,Shane Black,Kevin Costner,How did the visual style of director Kevin Costner manifest in the cinematography of their film Iron Man 3?,"The film Iron Man 3 was directed by Shane Black, not Kevin Costner. Kevin Costner was likely a collaborator or from a similar era.",The question incorrectly states Kevin Costner instead of the correct value Shane Black.
It,person,film_director_swap,Andy Muschietti,Billy Wilder,How did the visual style of director Billy Wilder manifest in the cinematography of their film It?,"The film It was directed by Andy Muschietti, not Billy Wilder. Billy Wilder was likely a collaborator or from a similar era.",The question incorrectly states Billy Wilder instead of the correct value Andy Muschietti.
It Happened One Night,person,film_director_swap,Frank Capra,Roger Goodman,How did the visual style of director Roger Goodman manifest in the cinematography of their film It Happened One Night?,"The film It Happened One Night was directed by Frank Capra, not Roger Goodman. Roger Goodman was likely a collaborator or from a similar era.",The question incorrectly states Roger Goodman instead of the correct value Frank Capra.
It's a Wonderful Life,person,film_director_swap,Frank Capra,Florian Henckel von Donnersmarck,How did the visual style of director Florian Henckel von Donnersmarck manifest in the cinematography of their film It's a Wonderful Life?,"The film It's a Wonderful Life was directed by Frank Capra, not Florian Henckel von Donnersmarck. Florian Henckel von Donnersmarck was likely a collaborator or from a similar era.",The question incorrectly states Florian Henckel von Donnersmarck instead of the correct value Frank Capra.
Ivan's Childhood,person,film_director_swap,Andrei Tarkovsky,Gavin Hood,How did the visual style of director Gavin Hood manifest in the cinematography of their film Ivan's Childhood?,"The film Ivan's Childhood was directed by Andrei Tarkovsky, not Gavin Hood. Gavin Hood was likely a collaborator or from a similar era.",The question incorrectly states Gavin Hood instead of the correct value Andrei Tarkovsky.
Jackie Brown,person,film_director_swap,Quentin Tarantino,Tom Hall,How did the visual style of director Tom Hall manifest in the cinematography of their film Jackie Brown?,"The film Jackie Brown was directed by Quentin Tarantino, not Tom Hall. Tom Hall was likely a collaborator or from a similar era.",The question incorrectly states Tom Hall instead of the correct value Quentin Tarantino.
Jaws,person,film_director_swap,Steven Spielberg,Tom McGrath,How did the visual style of director Tom McGrath manifest in the cinematography of their film Jaws?,"The film Jaws was directed by Steven Spielberg, not Tom McGrath. Tom McGrath was likely a collaborator or from a similar era.",The question incorrectly states Tom McGrath instead of the correct value Steven Spielberg.
Jerry Maguire,person,film_director_swap,Cameron Crowe,Phil Abraham,How did the visual style of director Phil Abraham manifest in the cinematography of their film Jerry Maguire?,"The film Jerry Maguire was directed by Cameron Crowe, not Phil Abraham. Phil Abraham was likely a collaborator or from a similar era.",The question incorrectly states Phil Abraham instead of the correct value Cameron Crowe.
Johnny English,person,film_director_swap,Peter Howitt,Paris Barclay,How did the visual style of director Paris Barclay manifest in the cinematography of their film Johnny English?,"The film Johnny English was directed by Peter Howitt, not Paris Barclay. Paris Barclay was likely a collaborator or from a similar era.",The question incorrectly states Paris Barclay instead of the correct value Peter Howitt.
John Wick,person,film_director_swap,Chad Stahelski,Rob Bowman,How did the visual style of director Rob Bowman manifest in the cinematography of their film John Wick?,"The film John Wick was directed by Chad Stahelski, not Rob Bowman. Rob Bowman was likely a collaborator or from a similar era.",The question incorrectly states Rob Bowman instead of the correct value Chad Stahelski.
John Wick: Chapter 2,person,film_director_swap,Chad Stahelski,Denis Villeneuve,How did the visual style of director Denis Villeneuve manifest in the cinematography of their film John Wick: Chapter 2?,"The film John Wick: Chapter 2 was directed by Chad Stahelski, not Denis Villeneuve. Denis Villeneuve was likely a collaborator or from a similar era.",The question incorrectly states Denis Villeneuve instead of the correct value Chad Stahelski.
Jojo Rabbit,person,film_director_swap,Taika Waititi,Josh Cooley,How did the visual style of director Josh Cooley manifest in the cinematography of their film Jojo Rabbit?,"The film Jojo Rabbit was directed by Taika Waititi, not Josh Cooley. Josh Cooley was likely a collaborator or from a similar era.",The question incorrectly states Josh Cooley instead of the correct value Taika Waititi.
Joker,person,film_director_swap,Todd Phillips,Chad Stahelski,How did the visual style of director Chad Stahelski manifest in the cinematography of their film Joker?,"The film Joker was directed by Todd Phillips, not Chad Stahelski. Chad Stahelski was likely a collaborator or from a similar era.",The question incorrectly states Chad Stahelski instead of the correct value Todd Phillips.
Jumanji,person,film_director_swap,Joe Johnston,Mike Gabriel,How did the visual style of director Mike Gabriel manifest in the cinematography of their film Jumanji?,"The film Jumanji was directed by Joe Johnston, not Mike Gabriel. Mike Gabriel was likely a collaborator or from a similar era.",The question incorrectly states Mike Gabriel instead of the correct value Joe Johnston.
Jumanji: Welcome to the Jungle,person,film_director_swap,Jake Kasdan,Ernest B. Schoedsack,How did the visual style of director Ernest B. Schoedsack manifest in the cinematography of their film Jumanji: Welcome to the Jungle?,"The film Jumanji: Welcome to the Jungle was directed by Jake Kasdan, not Ernest B. Schoedsack. Ernest B. Schoedsack was likely a collaborator or from a similar era.",The question incorrectly states Ernest B. Schoedsack instead of the correct value Jake Kasdan.
Juno,person,film_director_swap,Jason Reitman,Rian Johnson,How did the visual style of director Rian Johnson manifest in the cinematography of their film Juno?,"The film Juno was directed by Jason Reitman, not Rian Johnson. Rian Johnson was likely a collaborator or from a similar era.",The question incorrectly states Rian Johnson instead of the correct value Jason Reitman.
Jurassic Park,person,film_director_swap,Steven Spielberg,Craig Mazin,How did the visual style of director Craig Mazin manifest in the cinematography of their film Jurassic Park?,"The film Jurassic Park was directed by Steven Spielberg, not Craig Mazin. Craig Mazin was likely a collaborator or from a similar era.",The question incorrectly states Craig Mazin instead of the correct value Steven Spielberg.
Jurassic Park III,person,film_director_swap,Joe Johnston,Gene Kelly,How did the visual style of director Gene Kelly manifest in the cinematography of their film Jurassic Park III?,"The film Jurassic Park III was directed by Joe Johnston, not Gene Kelly. Gene Kelly was likely a collaborator or from a similar era.",The question incorrectly states Gene Kelly instead of the correct value Joe Johnston.
Jurassic World,person,film_director_swap,Colin Trevorrow,William Dear,How did the visual style of director William Dear manifest in the cinematography of their film Jurassic World?,"The film Jurassic World was directed by Colin Trevorrow, not William Dear. William Dear was likely a collaborator or from a similar era.",The question incorrectly states William Dear instead of the correct value Colin Trevorrow.
Jurassic World Dominion,person,film_director_swap,Colin Trevorrow,Clyde Geronimi,How did the visual style of director Clyde Geronimi manifest in the cinematography of their film Jurassic World Dominion?,"The film Jurassic World Dominion was directed by Colin Trevorrow, not Clyde Geronimi. Clyde Geronimi was likely a collaborator or from a similar era.",The question incorrectly states Clyde Geronimi instead of the correct value Colin Trevorrow.
Jurassic World: Fallen Kingdom,person,film_director_swap,J. A. Bayona,Billy Wilder,How did the visual style of director Billy Wilder manifest in the cinematography of their film Jurassic World: Fallen Kingdom?,"The film Jurassic World: Fallen Kingdom was directed by J. A. Bayona, not Billy Wilder. Billy Wilder was likely a collaborator or from a similar era.",The question incorrectly states Billy Wilder instead of the correct value J. A. Bayona.
Justice League,person,film_director_swap,Zack Snyder,Ben Affleck,How did the visual style of director Ben Affleck manifest in the cinematography of their film Justice League?,"The film Justice League was directed by Zack Snyder, not Ben Affleck. Ben Affleck was likely a collaborator or from a similar era.",The question incorrectly states Ben Affleck instead of the correct value Zack Snyder.
Kick-Ass,person,film_director_swap,Matthew Vaughn,Darrell Rooney,How did the visual style of director Darrell Rooney manifest in the cinematography of their film Kick-Ass?,"The film Kick-Ass was directed by Matthew Vaughn, not Darrell Rooney. Darrell Rooney was likely a collaborator or from a similar era.",The question incorrectly states Darrell Rooney instead of the correct value Matthew Vaughn.
Kill Bill: Volume 1,person,film_director_swap,Quentin Tarantino,Tom Schiller,How did the visual style of director Tom Schiller manifest in the cinematography of their film Kill Bill: Volume 1?,"The film Kill Bill: Volume 1 was directed by Quentin Tarantino, not Tom Schiller. Tom Schiller was likely a collaborator or from a similar era.",The question incorrectly states Tom Schiller instead of the correct value Quentin Tarantino.
Kill Bill: Volume 2,person,film_director_swap,Quentin Tarantino,Hwang Dong-hyeok,How did the visual style of director Hwang Dong-hyeok manifest in the cinematography of their film Kill Bill: Volume 2?,"The film Kill Bill: Volume 2 was directed by Quentin Tarantino, not Hwang Dong-hyeok. Hwang Dong-hyeok was likely a collaborator or from a similar era.",The question incorrectly states Hwang Dong-hyeok instead of the correct value Quentin Tarantino.
Killers of the Flower Moon,person,film_director_swap,Martin Scorsese,Paul Haggis,How did the visual style of director Paul Haggis manifest in the cinematography of their film Killers of the Flower Moon?,"The film Killers of the Flower Moon was directed by Martin Scorsese, not Paul Haggis. Paul Haggis was likely a collaborator or from a similar era.",The question incorrectly states Paul Haggis instead of the correct value Martin Scorsese.
Kingdom of Heaven,person,film_director_swap,Ridley Scott,Steve McQueen,How did the visual style of director Steve McQueen manifest in the cinematography of their film Kingdom of Heaven?,"The film Kingdom of Heaven was directed by Ridley Scott, not Steve McQueen. Steve McQueen was likely a collaborator or from a similar era.",The question incorrectly states Steve McQueen instead of the correct value Ridley Scott.
King Kong,person,film_director_swap,Ernest B. Schoedsack,William A. Wellman,How did the visual style of director William A. Wellman manifest in the cinematography of their film King Kong?,"The film King Kong was directed by Ernest B. Schoedsack, not William A. Wellman. William A. Wellman was likely a collaborator or from a similar era.",The question incorrectly states William A. Wellman instead of the correct value Ernest B. Schoedsack.
Kingsman: The Secret Service,person,film_director_swap,Matthew Vaughn,Kari Skogland,How did the visual style of director Kari Skogland manifest in the cinematography of their film Kingsman: The Secret Service?,"The film Kingsman: The Secret Service was directed by Matthew Vaughn, not Kari Skogland. Kari Skogland was likely a collaborator or from a similar era.",The question incorrectly states Kari Skogland instead of the correct value Matthew Vaughn.
Kong: Skull Island,person,film_director_swap,Jordan Vogt-Roberts,Chris Miller,How did the visual style of director Chris Miller manifest in the cinematography of their film Kong: Skull Island?,"The film Kong: Skull Island was directed by Jordan Vogt-Roberts, not Chris Miller. Chris Miller was likely a collaborator or from a similar era.",The question incorrectly states Chris Miller instead of the correct value Jordan Vogt-Roberts.
Kramer vs. Kramer,person,film_director_swap,Robert Benton,Lars von Trier,How did the visual style of director Lars von Trier manifest in the cinematography of their film Kramer vs. Kramer?,"The film Kramer vs. Kramer was directed by Robert Benton, not Lars von Trier. Lars von Trier was likely a collaborator or from a similar era.",The question incorrectly states Lars von Trier instead of the correct value Robert Benton.
L.A. Confidential,person,film_director_swap,Curtis Hanson,Roger Michell,How did the visual style of director Roger Michell manifest in the cinematography of their film L.A. Confidential?,"The film L.A. Confidential was directed by Curtis Hanson, not Roger Michell. Roger Michell was likely a collaborator or from a similar era.",The question incorrectly states Roger Michell instead of the correct value Curtis Hanson.
La Dolce Vita,person,film_director_swap,Federico Fellini,Hugh Hudson,How did the visual style of director Hugh Hudson manifest in the cinematography of their film La Dolce Vita?,"The film La Dolce Vita was directed by Federico Fellini, not Hugh Hudson. Hugh Hudson was likely a collaborator or from a similar era.",The question incorrectly states Hugh Hudson instead of the correct value Federico Fellini.
La La Land,person,film_director_swap,Damien Chazelle,Rudolf Ising,How did the visual style of director Rudolf Ising manifest in the cinematography of their film La La Land?,"The film La La Land was directed by Damien Chazelle, not Rudolf Ising. Rudolf Ising was likely a collaborator or from a similar era.",The question incorrectly states Rudolf Ising instead of the correct value Damien Chazelle.
La Strada,person,film_director_swap,Federico Fellini,John R. Dilworth,How did the visual style of director John R. Dilworth manifest in the cinematography of their film La Strada?,"The film La Strada was directed by Federico Fellini, not John R. Dilworth. John R. Dilworth was likely a collaborator or from a similar era.",The question incorrectly states John R. Dilworth instead of the correct value Federico Fellini.
Last Tango in Paris,person,film_director_swap,Bernardo Bertolucci,George P. Cosmatos,How did the visual style of director George P. Cosmatos manifest in the cinematography of their film Last Tango in Paris?,"The film Last Tango in Paris was directed by Bernardo Bertolucci, not George P. Cosmatos. George P. Cosmatos was likely a collaborator or from a similar era.",The question incorrectly states George P. Cosmatos instead of the correct value Bernardo Bertolucci.
Lawrence of Arabia,person,film_director_swap,David Lean,Mark Dindal,How did the visual style of director Mark Dindal manifest in the cinematography of their film Lawrence of Arabia?,"The film Lawrence of Arabia was directed by David Lean, not Mark Dindal. Mark Dindal was likely a collaborator or from a similar era.",The question incorrectly states Mark Dindal instead of the correct value David Lean.
Léon: The Professional,person,film_director_swap,Luc Besson,Michel Gondry,How did the visual style of director Michel Gondry manifest in the cinematography of their film Léon: The Professional?,"The film Léon: The Professional was directed by Luc Besson, not Michel Gondry. Michel Gondry was likely a collaborator or from a similar era.",The question incorrectly states Michel Gondry instead of the correct value Luc Besson.
Les Misérables,person,film_director_swap,Tom Hooper,Marcel Cravenne,How did the visual style of director Marcel Cravenne manifest in the cinematography of their film Les Misérables?,"The film Les Misérables was directed by Tom Hooper, not Marcel Cravenne. Marcel Cravenne was likely a collaborator or from a similar era.",The question incorrectly states Marcel Cravenne instead of the correct value Tom Hooper.
Lethal Weapon,person,film_director_swap,Richard Donner,Karey Kirkpatrick,How did the visual style of director Karey Kirkpatrick manifest in the cinematography of their film Lethal Weapon?,"The film Lethal Weapon was directed by Richard Donner, not Karey Kirkpatrick. Karey Kirkpatrick was likely a collaborator or from a similar era.",The question incorrectly states Karey Kirkpatrick instead of the correct value Richard Donner.
Letters from Iwo Jima,person,film_director_swap,Clint Eastwood,Bradley Cooper,How did the visual style of director Bradley Cooper manifest in the cinematography of their film Letters from Iwo Jima?,"The film Letters from Iwo Jima was directed by Clint Eastwood, not Bradley Cooper. Bradley Cooper was likely a collaborator or from a similar era.",The question incorrectly states Bradley Cooper instead of the correct value Clint Eastwood.
Liar Liar,person,film_director_swap,Tom Shadyac,Paul McCrane,How did the visual style of director Paul McCrane manifest in the cinematography of their film Liar Liar?,"The film Liar Liar was directed by Tom Shadyac, not Paul McCrane. Paul McCrane was likely a collaborator or from a similar era.",The question incorrectly states Paul McCrane instead of the correct value Tom Shadyac.
Licence to Kill,person,film_director_swap,John Glen,Anna Boden,How did the visual style of director Anna Boden manifest in the cinematography of their film Licence to Kill?,"The film Licence to Kill was directed by John Glen, not Anna Boden. Anna Boden was likely a collaborator or from a similar era.",The question incorrectly states Anna Boden instead of the correct value John Glen.
Life is Beautiful,person,film_director_swap,Roberto Benigni,Juan J. Campanella,How did the visual style of director Juan J. Campanella manifest in the cinematography of their film Life is Beautiful?,"The film Life is Beautiful was directed by Roberto Benigni, not Juan J. Campanella. Juan J. Campanella was likely a collaborator or from a similar era.",The question incorrectly states Juan J. Campanella instead of the correct value Roberto Benigni.
Life of Pi,person,film_director_swap,Ang Lee,Stanley Kubrick,How did the visual style of director Stanley Kubrick manifest in the cinematography of their film Life of Pi?,"The film Life of Pi was directed by Ang Lee, not Stanley Kubrick. Stanley Kubrick was likely a collaborator or from a similar era.",The question incorrectly states Stanley Kubrick instead of the correct value Ang Lee.
Lincoln,person,film_director_swap,Steven Spielberg,Jake Szymanski,How did the visual style of director Jake Szymanski manifest in the cinematography of their film Lincoln?,"The film Lincoln was directed by Steven Spielberg, not Jake Szymanski. Jake Szymanski was likely a collaborator or from a similar era.",The question incorrectly states Jake Szymanski instead of the correct value Steven Spielberg.
Little Miss Sunshine,person,film_director_swap,Jonathan Dayton,Paul Verhoeven,How did the visual style of director Paul Verhoeven manifest in the cinematography of their film Little Miss Sunshine?,"The film Little Miss Sunshine was directed by Jonathan Dayton, not Paul Verhoeven. Paul Verhoeven was likely a collaborator or from a similar era.",The question incorrectly states Paul Verhoeven instead of the correct value Jonathan Dayton.
Live and Let Die,person,film_director_swap,Guy Hamilton,Andrei Tarkovsky,How did the visual style of director Andrei Tarkovsky manifest in the cinematography of their film Live and Let Die?,"The film Live and Let Die was directed by Guy Hamilton, not Andrei Tarkovsky. Andrei Tarkovsky was likely a collaborator or from a similar era.",The question incorrectly states Andrei Tarkovsky instead of the correct value Guy Hamilton.
Live Free or Die Hard,person,film_director_swap,Len Wiseman,Bruce Beresford,How did the visual style of director Bruce Beresford manifest in the cinematography of their film Live Free or Die Hard?,"The film Live Free or Die Hard was directed by Len Wiseman, not Bruce Beresford. Bruce Beresford was likely a collaborator or from a similar era.",The question incorrectly states Bruce Beresford instead of the correct value Len Wiseman.
"Lock, Stock and Two Smoking Barrels",person,film_director_swap,Guy Ritchie,Federico Fellini,"How did the visual style of director Federico Fellini manifest in the cinematography of their film Lock, Stock and Two Smoking Barrels?","The film Lock, Stock and Two Smoking Barrels was directed by Guy Ritchie, not Federico Fellini. Federico Fellini was likely a collaborator or from a similar era.",The question incorrectly states Federico Fellini instead of the correct value Guy Ritchie.
Logan,person,film_director_swap,James Mangold,Robert Schwentke,How did the visual style of director Robert Schwentke manifest in the cinematography of their film Logan?,"The film Logan was directed by James Mangold, not Robert Schwentke. Robert Schwentke was likely a collaborator or from a similar era.",The question incorrectly states Robert Schwentke instead of the correct value James Mangold.
Lolita,person,film_director_swap,Stanley Kubrick,Woody Allen,How did the visual style of director Woody Allen manifest in the cinematography of their film Lolita?,"The film Lolita was directed by Stanley Kubrick, not Woody Allen. Woody Allen was likely a collaborator or from a similar era.",The question incorrectly states Woody Allen instead of the correct value Stanley Kubrick.
Looney Tunes: Back in Action,person,film_director_swap,Joe Dante,Norman Buckley,How did the visual style of director Norman Buckley manifest in the cinematography of their film Looney Tunes: Back in Action?,"The film Looney Tunes: Back in Action was directed by Joe Dante, not Norman Buckley. Norman Buckley was likely a collaborator or from a similar era.",The question incorrectly states Norman Buckley instead of the correct value Joe Dante.
Lord of War,person,film_director_swap,Andrew Niccol,Owen Harris,How did the visual style of director Owen Harris manifest in the cinematography of their film Lord of War?,"The film Lord of War was directed by Andrew Niccol, not Owen Harris. Owen Harris was likely a collaborator or from a similar era.",The question incorrectly states Owen Harris instead of the correct value Andrew Niccol.
Lost in Translation,person,film_director_swap,Sofia Coppola,Alex De Rakoff,How did the visual style of director Alex De Rakoff manifest in the cinematography of their film Lost in Translation?,"The film Lost in Translation was directed by Sofia Coppola, not Alex De Rakoff. Alex De Rakoff was likely a collaborator or from a similar era.",The question incorrectly states Alex De Rakoff instead of the correct value Sofia Coppola.
Love Actually,person,film_director_swap,Richard Curtis,Terry George,How did the visual style of director Terry George manifest in the cinematography of their film Love Actually?,"The film Love Actually was directed by Richard Curtis, not Terry George. Terry George was likely a collaborator or from a similar era.",The question incorrectly states Terry George instead of the correct value Richard Curtis.
Love Story,person,film_director_swap,Arthur Hiller,Roberto Benigni,How did the visual style of director Roberto Benigni manifest in the cinematography of their film Love Story?,"The film Love Story was directed by Arthur Hiller, not Roberto Benigni. Roberto Benigni was likely a collaborator or from a similar era.",The question incorrectly states Roberto Benigni instead of the correct value Arthur Hiller.
Lucy,person,film_director_swap,Luc Besson,Wesley Ruggles,How did the visual style of director Wesley Ruggles manifest in the cinematography of their film Lucy?,"The film Lucy was directed by Luc Besson, not Wesley Ruggles. Wesley Ruggles was likely a collaborator or from a similar era.",The question incorrectly states Wesley Ruggles instead of the correct value Luc Besson.
Mad Max: Fury Road,person,film_director_swap,George Miller,George Cukor,How did the visual style of director George Cukor manifest in the cinematography of their film Mad Max: Fury Road?,"The film Mad Max: Fury Road was directed by George Miller, not George Cukor. George Cukor was likely a collaborator or from a similar era.",The question incorrectly states George Cukor instead of the correct value George Miller.
Maleficent,person,film_director_swap,Robert Stromberg,Norman Buckley,How did the visual style of director Norman Buckley manifest in the cinematography of their film Maleficent?,"The film Maleficent was directed by Robert Stromberg, not Norman Buckley. Norman Buckley was likely a collaborator or from a similar era.",The question incorrectly states Norman Buckley instead of the correct value Robert Stromberg.
Mamma Mia!,person,film_director_swap,Phyllida Lloyd,Anne Fletcher,How did the visual style of director Anne Fletcher manifest in the cinematography of their film Mamma Mia!?,"The film Mamma Mia! was directed by Phyllida Lloyd, not Anne Fletcher. Anne Fletcher was likely a collaborator or from a similar era.",The question incorrectly states Anne Fletcher instead of the correct value Phyllida Lloyd.
Manhattan,person,film_director_swap,Woody Allen,Ted Kotcheff,How did the visual style of director Ted Kotcheff manifest in the cinematography of their film Manhattan?,"The film Manhattan was directed by Woody Allen, not Ted Kotcheff. Ted Kotcheff was likely a collaborator or from a similar era.",The question incorrectly states Ted Kotcheff instead of the correct value Woody Allen.
Man of Steel,person,film_director_swap,Zack Snyder,Sydney Pollack,How did the visual style of director Sydney Pollack manifest in the cinematography of their film Man of Steel?,"The film Man of Steel was directed by Zack Snyder, not Sydney Pollack. Sydney Pollack was likely a collaborator or from a similar era.",The question incorrectly states Sydney Pollack instead of the correct value Zack Snyder.
Mary Poppins,person,film_director_swap,Robert Stevenson,David DeLuise,How did the visual style of director David DeLuise manifest in the cinematography of their film Mary Poppins?,"The film Mary Poppins was directed by Robert Stevenson, not David DeLuise. David DeLuise was likely a collaborator or from a similar era.",The question incorrectly states David DeLuise instead of the correct value Robert Stevenson.
Mean Girls,person,film_director_swap,Mark Waters,Lee Eung-bok,How did the visual style of director Lee Eung-bok manifest in the cinematography of their film Mean Girls?,"The film Mean Girls was directed by Mark Waters, not Lee Eung-bok. Lee Eung-bok was likely a collaborator or from a similar era.",The question incorrectly states Lee Eung-bok instead of the correct value Mark Waters.
Meet Joe Black,person,film_director_swap,Martin Brest,Matt Reeves,How did the visual style of director Matt Reeves manifest in the cinematography of their film Meet Joe Black?,"The film Meet Joe Black was directed by Martin Brest, not Matt Reeves. Matt Reeves was likely a collaborator or from a similar era.",The question incorrectly states Matt Reeves instead of the correct value Martin Brest.
Melody Time,person,film_director_swap,Clyde Geronimi,Richard Donner,How did the visual style of director Richard Donner manifest in the cinematography of their film Melody Time?,"The film Melody Time was directed by Clyde Geronimi, not Richard Donner. Richard Donner was likely a collaborator or from a similar era.",The question incorrectly states Richard Donner instead of the correct value Clyde Geronimi.
Memento,person,film_director_swap,Christopher Nolan,Orson Welles,How did the visual style of director Orson Welles manifest in the cinematography of their film Memento?,"The film Memento was directed by Christopher Nolan, not Orson Welles. Orson Welles was likely a collaborator or from a similar era.",The question incorrectly states Orson Welles instead of the correct value Christopher Nolan.
Men in Black,person,film_director_swap,Barry Sonnenfeld,Kantemir Balagov,How did the visual style of director Kantemir Balagov manifest in the cinematography of their film Men in Black?,"The film Men in Black was directed by Barry Sonnenfeld, not Kantemir Balagov. Kantemir Balagov was likely a collaborator or from a similar era.",The question incorrectly states Kantemir Balagov instead of the correct value Barry Sonnenfeld.
Men in Black II,person,film_director_swap,Barry Sonnenfeld,Pixote Hunt,How did the visual style of director Pixote Hunt manifest in the cinematography of their film Men in Black II?,"The film Men in Black II was directed by Barry Sonnenfeld, not Pixote Hunt. Pixote Hunt was likely a collaborator or from a similar era.",The question incorrectly states Pixote Hunt instead of the correct value Barry Sonnenfeld.
Metropolis,person,film_director_swap,Fritz Lang,Vladimir Menshov,How did the visual style of director Vladimir Menshov manifest in the cinematography of their film Metropolis?,"The film Metropolis was directed by Fritz Lang, not Vladimir Menshov. Vladimir Menshov was likely a collaborator or from a similar era.",The question incorrectly states Vladimir Menshov instead of the correct value Fritz Lang.
Midnight Cowboy,person,film_director_swap,John Schlesinger,Makoto Shinkai,How did the visual style of director Makoto Shinkai manifest in the cinematography of their film Midnight Cowboy?,"The film Midnight Cowboy was directed by John Schlesinger, not Makoto Shinkai. Makoto Shinkai was likely a collaborator or from a similar era.",The question incorrectly states Makoto Shinkai instead of the correct value John Schlesinger.
Midnight in Paris,person,film_director_swap,Woody Allen,Bruce Beresford,How did the visual style of director Bruce Beresford manifest in the cinematography of their film Midnight in Paris?,"The film Midnight in Paris was directed by Woody Allen, not Bruce Beresford. Bruce Beresford was likely a collaborator or from a similar era.",The question incorrectly states Bruce Beresford instead of the correct value Woody Allen.
Milk,person,film_director_swap,Gus Van Sant,Lee Jung-hyo,How did the visual style of director Lee Jung-hyo manifest in the cinematography of their film Milk?,"The film Milk was directed by Gus Van Sant, not Lee Jung-hyo. Lee Jung-hyo was likely a collaborator or from a similar era.",The question incorrectly states Lee Jung-hyo instead of the correct value Gus Van Sant.
Million Dollar Baby,person,film_director_swap,Clint Eastwood,Jean-Luc Godard,How did the visual style of director Jean-Luc Godard manifest in the cinematography of their film Million Dollar Baby?,"The film Million Dollar Baby was directed by Clint Eastwood, not Jean-Luc Godard. Jean-Luc Godard was likely a collaborator or from a similar era.",The question incorrectly states Jean-Luc Godard instead of the correct value Clint Eastwood.
Minions,person,film_director_swap,Kyle Balda,John Stevenson,How did the visual style of director John Stevenson manifest in the cinematography of their film Minions?,"The film Minions was directed by Kyle Balda, not John Stevenson. John Stevenson was likely a collaborator or from a similar era.",The question incorrectly states John Stevenson instead of the correct value Kyle Balda.
Minions: The Rise of Gru,person,film_director_swap,Kyle Balda,Jacobo Calderón,How did the visual style of director Jacobo Calderón manifest in the cinematography of their film Minions: The Rise of Gru?,"The film Minions: The Rise of Gru was directed by Kyle Balda, not Jacobo Calderón. Jacobo Calderón was likely a collaborator or from a similar era.",The question incorrectly states Jacobo Calderón instead of the correct value Kyle Balda.
Minority Report,person,film_director_swap,Steven Spielberg,Robert Lieberman,How did the visual style of director Robert Lieberman manifest in the cinematography of their film Minority Report?,"The film Minority Report was directed by Steven Spielberg, not Robert Lieberman. Robert Lieberman was likely a collaborator or from a similar era.",The question incorrectly states Robert Lieberman instead of the correct value Steven Spielberg.
Mission: Impossible,person,film_director_swap,Brian De Palma,Carl Tibbetts,How did the visual style of director Carl Tibbetts manifest in the cinematography of their film Mission: Impossible?,"The film Mission: Impossible was directed by Brian De Palma, not Carl Tibbetts. Carl Tibbetts was likely a collaborator or from a similar era.",The question incorrectly states Carl Tibbetts instead of the correct value Brian De Palma.
Mission: Impossible 2,person,film_director_swap,John Woo,Danny Boyle,How did the visual style of director Danny Boyle manifest in the cinematography of their film Mission: Impossible 2?,"The film Mission: Impossible 2 was directed by John Woo, not Danny Boyle. Danny Boyle was likely a collaborator or from a similar era.",The question incorrectly states Danny Boyle instead of the correct value John Woo.
Mission: Impossible – Dead Reckoning Part One,person,film_director_swap,Christopher McQuarrie,James L. Brooks,How did the visual style of director James L. Brooks manifest in the cinematography of their film Mission: Impossible – Dead Reckoning Part One?,"The film Mission: Impossible – Dead Reckoning Part One was directed by Christopher McQuarrie, not James L. Brooks. James L. Brooks was likely a collaborator or from a similar era.",The question incorrectly states James L. Brooks instead of the correct value Christopher McQuarrie.
Mission: Impossible – Fallout,person,film_director_swap,Christopher McQuarrie,Jonathan Demme,How did the visual style of director Jonathan Demme manifest in the cinematography of their film Mission: Impossible – Fallout?,"The film Mission: Impossible – Fallout was directed by Christopher McQuarrie, not Jonathan Demme. Jonathan Demme was likely a collaborator or from a similar era.",The question incorrectly states Jonathan Demme instead of the correct value Christopher McQuarrie.
Mission: Impossible – Ghost Protocol,person,film_director_swap,Brad Bird,Rondell Sheridan,How did the visual style of director Rondell Sheridan manifest in the cinematography of their film Mission: Impossible – Ghost Protocol?,"The film Mission: Impossible – Ghost Protocol was directed by Brad Bird, not Rondell Sheridan. Rondell Sheridan was likely a collaborator or from a similar era.",The question incorrectly states Rondell Sheridan instead of the correct value Brad Bird.
Mission: Impossible III,person,film_director_swap,J. J. Abrams,Marc Webb,How did the visual style of director Marc Webb manifest in the cinematography of their film Mission: Impossible III?,"The film Mission: Impossible III was directed by J. J. Abrams, not Marc Webb. Marc Webb was likely a collaborator or from a similar era.",The question incorrectly states Marc Webb instead of the correct value J. J. Abrams.
Mission: Impossible – Rogue Nation,person,film_director_swap,Christopher McQuarrie,Guy Hamilton,How did the visual style of director Guy Hamilton manifest in the cinematography of their film Mission: Impossible – Rogue Nation?,"The film Mission: Impossible – Rogue Nation was directed by Christopher McQuarrie, not Guy Hamilton. Guy Hamilton was likely a collaborator or from a similar era.",The question incorrectly states Guy Hamilton instead of the correct value Christopher McQuarrie.
Modern Times,person,film_director_swap,Charlie Chaplin,Rob Cohen,How did the visual style of director Rob Cohen manifest in the cinematography of their film Modern Times?,"The film Modern Times was directed by Charlie Chaplin, not Rob Cohen. Rob Cohen was likely a collaborator or from a similar era.",The question incorrectly states Rob Cohen instead of the correct value Charlie Chaplin.
Moneyball,person,film_director_swap,Bennett Miller,John Milius,How did the visual style of director John Milius manifest in the cinematography of their film Moneyball?,"The film Moneyball was directed by Bennett Miller, not John Milius. John Milius was likely a collaborator or from a similar era.",The question incorrectly states John Milius instead of the correct value Bennett Miller.
Monty Python and the Holy Grail,person,film_director_swap,Terry Gilliam,Vladimir Menshov,How did the visual style of director Vladimir Menshov manifest in the cinematography of their film Monty Python and the Holy Grail?,"The film Monty Python and the Holy Grail was directed by Terry Gilliam, not Vladimir Menshov. Vladimir Menshov was likely a collaborator or from a similar era.",The question incorrectly states Vladimir Menshov instead of the correct value Terry Gilliam.
Monty Python’s Life of Brian,person,film_director_swap,Terry Jones,Mike Nichols,How did the visual style of director Mike Nichols manifest in the cinematography of their film Monty Python’s Life of Brian?,"The film Monty Python’s Life of Brian was directed by Terry Jones, not Mike Nichols. Mike Nichols was likely a collaborator or from a similar era.",The question incorrectly states Mike Nichols instead of the correct value Terry Jones.
Moonlight,person,film_director_swap,Barry Jenkins,Andy Warhol,How did the visual style of director Andy Warhol manifest in the cinematography of their film Moonlight?,"The film Moonlight was directed by Barry Jenkins, not Andy Warhol. Andy Warhol was likely a collaborator or from a similar era.",The question incorrectly states Andy Warhol instead of the correct value Barry Jenkins.
Moonraker,person,film_director_swap,Lewis Gilbert,Kevin Lima,How did the visual style of director Kevin Lima manifest in the cinematography of their film Moonraker?,"The film Moonraker was directed by Lewis Gilbert, not Kevin Lima. Kevin Lima was likely a collaborator or from a similar era.",The question incorrectly states Kevin Lima instead of the correct value Lewis Gilbert.
Moscow Does Not Believe in Tears,person,film_director_swap,Vladimir Menshov,Brian Pimental,How did the visual style of director Brian Pimental manifest in the cinematography of their film Moscow Does Not Believe in Tears?,"The film Moscow Does Not Believe in Tears was directed by Vladimir Menshov, not Brian Pimental. Brian Pimental was likely a collaborator or from a similar era.",The question incorrectly states Brian Pimental instead of the correct value Vladimir Menshov.
Moulin Rouge!,person,film_director_swap,Baz Luhrmann,J. A. Bayona,How did the visual style of director J. A. Bayona manifest in the cinematography of their film Moulin Rouge!?,"The film Moulin Rouge! was directed by Baz Luhrmann, not J. A. Bayona. J. A. Bayona was likely a collaborator or from a similar era.",The question incorrectly states J. A. Bayona instead of the correct value Baz Luhrmann.
Mr. & Mrs. Smith,person,film_director_swap,Doug Liman,F. W. Murnau,How did the visual style of director F. W. Murnau manifest in the cinematography of their film Mr. & Mrs. Smith?,"The film Mr. & Mrs. Smith was directed by Doug Liman, not F. W. Murnau. F. W. Murnau was likely a collaborator or from a similar era.",The question incorrectly states F. W. Murnau instead of the correct value Doug Liman.
Mrs. Doubtfire,person,film_director_swap,Chris Columbus,James Algar,How did the visual style of director James Algar manifest in the cinematography of their film Mrs. Doubtfire?,"The film Mrs. Doubtfire was directed by Chris Columbus, not James Algar. James Algar was likely a collaborator or from a similar era.",The question incorrectly states James Algar instead of the correct value Chris Columbus.
Mrs. Miniver,person,film_director_swap,William Wyler,Charise Castro Smith,How did the visual style of director Charise Castro Smith manifest in the cinematography of their film Mrs. Miniver?,"The film Mrs. Miniver was directed by William Wyler, not Charise Castro Smith. Charise Castro Smith was likely a collaborator or from a similar era.",The question incorrectly states Charise Castro Smith instead of the correct value William Wyler.
Mulholland Drive,person,film_director_swap,David Lynch,Tim Boxell,How did the visual style of director Tim Boxell manifest in the cinematography of their film Mulholland Drive?,"The film Mulholland Drive was directed by David Lynch, not Tim Boxell. Tim Boxell was likely a collaborator or from a similar era.",The question incorrectly states Tim Boxell instead of the correct value David Lynch.
Munich,person,film_director_swap,Steven Spielberg,John R. Dilworth,How did the visual style of director John R. Dilworth manifest in the cinematography of their film Munich?,"The film Munich was directed by Steven Spielberg, not John R. Dilworth. John R. Dilworth was likely a collaborator or from a similar era.",The question incorrectly states John R. Dilworth instead of the correct value Steven Spielberg.
Mutiny on the Bounty,person,film_director_swap,Frank Lloyd,Mateusz Kanik,How did the visual style of director Mateusz Kanik manifest in the cinematography of their film Mutiny on the Bounty?,"The film Mutiny on the Bounty was directed by Frank Lloyd, not Mateusz Kanik. Mateusz Kanik was likely a collaborator or from a similar era.",The question incorrectly states Mateusz Kanik instead of the correct value Frank Lloyd.
My Fair Lady,person,film_director_swap,George Cukor,William A. Wellman,How did the visual style of director William A. Wellman manifest in the cinematography of their film My Fair Lady?,"The film My Fair Lady was directed by George Cukor, not William A. Wellman. William A. Wellman was likely a collaborator or from a similar era.",The question incorrectly states William A. Wellman instead of the correct value George Cukor.
My Neighbor Totoro,person,film_director_swap,Hayao Miyazaki,Aaron Blaise,How did the visual style of director Aaron Blaise manifest in the cinematography of their film My Neighbor Totoro?,"The film My Neighbor Totoro was directed by Hayao Miyazaki, not Aaron Blaise. Aaron Blaise was likely a collaborator or from a similar era.",The question incorrectly states Aaron Blaise instead of the correct value Hayao Miyazaki.
Mystic River,person,film_director_swap,Clint Eastwood,Richard Starzak,How did the visual style of director Richard Starzak manifest in the cinematography of their film Mystic River?,"The film Mystic River was directed by Clint Eastwood, not Richard Starzak. Richard Starzak was likely a collaborator or from a similar era.",The question incorrectly states Richard Starzak instead of the correct value Clint Eastwood.
Never Say Never Again,person,film_director_swap,Irvin Kershner,Miguel Sapochnik,How did the visual style of director Miguel Sapochnik manifest in the cinematography of their film Never Say Never Again?,"The film Never Say Never Again was directed by Irvin Kershner, not Miguel Sapochnik. Miguel Sapochnik was likely a collaborator or from a similar era.",The question incorrectly states Miguel Sapochnik instead of the correct value Irvin Kershner.
Night at the Museum,person,film_director_swap,Shawn Levy,Kyle Balda,How did the visual style of director Kyle Balda manifest in the cinematography of their film Night at the Museum?,"The film Night at the Museum was directed by Shawn Levy, not Kyle Balda. Kyle Balda was likely a collaborator or from a similar era.",The question incorrectly states Kyle Balda instead of the correct value Shawn Levy.
Night of the Living Dead,person,film_director_swap,George A. Romero,Jonathan Kaplan,How did the visual style of director Jonathan Kaplan manifest in the cinematography of their film Night of the Living Dead?,"The film Night of the Living Dead was directed by George A. Romero, not Jonathan Kaplan. Jonathan Kaplan was likely a collaborator or from a similar era.",The question incorrectly states Jonathan Kaplan instead of the correct value George A. Romero.
Noah,person,film_director_swap,Darren Aronofsky,Aviva Slesin,How did the visual style of director Aviva Slesin manifest in the cinematography of their film Noah?,"The film Noah was directed by Darren Aronofsky, not Aviva Slesin. Aviva Slesin was likely a collaborator or from a similar era.",The question incorrectly states Aviva Slesin instead of the correct value Darren Aronofsky.
No Country for Old Men,person,film_director_swap,Ethan Coen,David O. Russell,How did the visual style of director David O. Russell manifest in the cinematography of their film No Country for Old Men?,"The film No Country for Old Men was directed by Ethan Coen, not David O. Russell. David O. Russell was likely a collaborator or from a similar era.",The question incorrectly states David O. Russell instead of the correct value Ethan Coen.
Nomadland,person,film_director_swap,Chloé Zhao,Jill Culton,How did the visual style of director Jill Culton manifest in the cinematography of their film Nomadland?,"The film Nomadland was directed by Chloé Zhao, not Jill Culton. Jill Culton was likely a collaborator or from a similar era.",The question incorrectly states Jill Culton instead of the correct value Chloé Zhao.
North by Northwest,person,film_director_swap,Alfred Hitchcock,Peter Weir,How did the visual style of director Peter Weir manifest in the cinematography of their film North by Northwest?,"The film North by Northwest was directed by Alfred Hitchcock, not Peter Weir. Peter Weir was likely a collaborator or from a similar era.",The question incorrectly states Peter Weir instead of the correct value Alfred Hitchcock.
Nosferatu,person,film_director_swap,F. W. Murnau,Sylvester Stallone,How did the visual style of director Sylvester Stallone manifest in the cinematography of their film Nosferatu?,"The film Nosferatu was directed by F. W. Murnau, not Sylvester Stallone. Sylvester Stallone was likely a collaborator or from a similar era.",The question incorrectly states Sylvester Stallone instead of the correct value F. W. Murnau.
No Time to Die,person,film_director_swap,Cary Joji Fukunaga,Mark Andrews,How did the visual style of director Mark Andrews manifest in the cinematography of their film No Time to Die?,"The film No Time to Die was directed by Cary Joji Fukunaga, not Mark Andrews. Mark Andrews was likely a collaborator or from a similar era.",The question incorrectly states Mark Andrews instead of the correct value Cary Joji Fukunaga.
Notting Hill,person,film_director_swap,Roger Michell,Peyton Reed,How did the visual style of director Peyton Reed manifest in the cinematography of their film Notting Hill?,"The film Notting Hill was directed by Roger Michell, not Peyton Reed. Peyton Reed was likely a collaborator or from a similar era.",The question incorrectly states Peyton Reed instead of the correct value Roger Michell.
Now You See Me,person,film_director_swap,Louis Leterrier,Kátia Lund,How did the visual style of director Kátia Lund manifest in the cinematography of their film Now You See Me?,"The film Now You See Me was directed by Louis Leterrier, not Kátia Lund. Kátia Lund was likely a collaborator or from a similar era.",The question incorrectly states Kátia Lund instead of the correct value Louis Leterrier.
"O Brother, Where Art Thou?",person,film_director_swap,Ethan Coen,Taylor Hackford,"How did the visual style of director Taylor Hackford manifest in the cinematography of their film O Brother, Where Art Thou??","The film O Brother, Where Art Thou? was directed by Ethan Coen, not Taylor Hackford. Taylor Hackford was likely a collaborator or from a similar era.",The question incorrectly states Taylor Hackford instead of the correct value Ethan Coen.
Ocean's Eleven,person,film_director_swap,Steven Soderbergh,Don Bluth,How did the visual style of director Don Bluth manifest in the cinematography of their film Ocean's Eleven?,"The film Ocean's Eleven was directed by Steven Soderbergh, not Don Bluth. Don Bluth was likely a collaborator or from a similar era.",The question incorrectly states Don Bluth instead of the correct value Steven Soderbergh.
Octopussy,person,film_director_swap,John Glen,Genndy Tartakovsky,How did the visual style of director Genndy Tartakovsky manifest in the cinematography of their film Octopussy?,"The film Octopussy was directed by John Glen, not Genndy Tartakovsky. Genndy Tartakovsky was likely a collaborator or from a similar era.",The question incorrectly states Genndy Tartakovsky instead of the correct value John Glen.
Oldboy,person,film_director_swap,Park Chan-wook,Mike Newell,How did the visual style of director Mike Newell manifest in the cinematography of their film Oldboy?,"The film Oldboy was directed by Park Chan-wook, not Mike Newell. Mike Newell was likely a collaborator or from a similar era.",The question incorrectly states Mike Newell instead of the correct value Park Chan-wook.
Once Upon a Time in America,person,film_director_swap,Sergio Leone,Christopher Miller,How did the visual style of director Christopher Miller manifest in the cinematography of their film Once Upon a Time in America?,"The film Once Upon a Time in America was directed by Sergio Leone, not Christopher Miller. Christopher Miller was likely a collaborator or from a similar era.",The question incorrectly states Christopher Miller instead of the correct value Sergio Leone.
Once Upon a Time in Hollywood,person,film_director_swap,Quentin Tarantino,Gus Van Sant,How did the visual style of director Gus Van Sant manifest in the cinematography of their film Once Upon a Time in Hollywood?,"The film Once Upon a Time in Hollywood was directed by Quentin Tarantino, not Gus Van Sant. Gus Van Sant was likely a collaborator or from a similar era.",The question incorrectly states Gus Van Sant instead of the correct value Quentin Tarantino.
Once Upon a Time in the West,person,film_director_swap,Sergio Leone,Karey Kirkpatrick,How did the visual style of director Karey Kirkpatrick manifest in the cinematography of their film Once Upon a Time in the West?,"The film Once Upon a Time in the West was directed by Sergio Leone, not Karey Kirkpatrick. Karey Kirkpatrick was likely a collaborator or from a similar era.",The question incorrectly states Karey Kirkpatrick instead of the correct value Sergio Leone.
One Flew Over the Cuckoo's Nest,person,film_director_swap,Miloš Forman,Ruben Fleischer,How did the visual style of director Ruben Fleischer manifest in the cinematography of their film One Flew Over the Cuckoo's Nest?,"The film One Flew Over the Cuckoo's Nest was directed by Miloš Forman, not Ruben Fleischer. Ruben Fleischer was likely a collaborator or from a similar era.",The question incorrectly states Ruben Fleischer instead of the correct value Miloš Forman.
On Her Majesty's Secret Service,person,film_director_swap,Peter R. Hunt,Louis J. Horvitz,How did the visual style of director Louis J. Horvitz manifest in the cinematography of their film On Her Majesty's Secret Service?,"The film On Her Majesty's Secret Service was directed by Peter R. Hunt, not Louis J. Horvitz. Louis J. Horvitz was likely a collaborator or from a similar era.",The question incorrectly states Louis J. Horvitz instead of the correct value Peter R. Hunt.
On the Waterfront,person,film_director_swap,Elia Kazan,Chris Bailey,How did the visual style of director Chris Bailey manifest in the cinematography of their film On the Waterfront?,"The film On the Waterfront was directed by Elia Kazan, not Chris Bailey. Chris Bailey was likely a collaborator or from a similar era.",The question incorrectly states Chris Bailey instead of the correct value Elia Kazan.
Onward,person,film_director_swap,Dan Scanlon,Andrew Niccol,How did the visual style of director Andrew Niccol manifest in the cinematography of their film Onward?,"The film Onward was directed by Dan Scanlon, not Andrew Niccol. Andrew Niccol was likely a collaborator or from a similar era.",The question incorrectly states Andrew Niccol instead of the correct value Dan Scanlon.
Open Season,person,film_director_swap,Anthony Stacchi,Phil Lord,How did the visual style of director Phil Lord manifest in the cinematography of their film Open Season?,"The film Open Season was directed by Anthony Stacchi, not Phil Lord. Phil Lord was likely a collaborator or from a similar era.",The question incorrectly states Phil Lord instead of the correct value Anthony Stacchi.
Oppenheimer,person,film_director_swap,Christopher Nolan,Franco Marazzi,How did the visual style of director Franco Marazzi manifest in the cinematography of their film Oppenheimer?,"The film Oppenheimer was directed by Christopher Nolan, not Franco Marazzi. Franco Marazzi was likely a collaborator or from a similar era.",The question incorrectly states Franco Marazzi instead of the correct value Christopher Nolan.
Out of Africa,person,film_director_swap,Sydney Pollack,Sam Peckinpah,How did the visual style of director Sam Peckinpah manifest in the cinematography of their film Out of Africa?,"The film Out of Africa was directed by Sydney Pollack, not Sam Peckinpah. Sam Peckinpah was likely a collaborator or from a similar era.",The question incorrectly states Sam Peckinpah instead of the correct value Sydney Pollack.
Pan's Labyrinth,person,film_director_swap,Guillermo del Toro,Daniel Vávra,How did the visual style of director Daniel Vávra manifest in the cinematography of their film Pan's Labyrinth?,"The film Pan's Labyrinth was directed by Guillermo del Toro, not Daniel Vávra. Daniel Vávra was likely a collaborator or from a similar era.",The question incorrectly states Daniel Vávra instead of the correct value Guillermo del Toro.
Parasite,person,film_director_swap,Bong Joon-ho,Irvin Kershner,How did the visual style of director Irvin Kershner manifest in the cinematography of their film Parasite?,"The film Parasite was directed by Bong Joon-ho, not Irvin Kershner. Irvin Kershner was likely a collaborator or from a similar era.",The question incorrectly states Irvin Kershner instead of the correct value Bong Joon-ho.
Passengers,person,film_director_swap,Morten Tyldum,Mike Rianda,How did the visual style of director Mike Rianda manifest in the cinematography of their film Passengers?,"The film Passengers was directed by Morten Tyldum, not Mike Rianda. Mike Rianda was likely a collaborator or from a similar era.",The question incorrectly states Mike Rianda instead of the correct value Morten Tyldum.
Patton,person,film_director_swap,Franklin J. Schaffner,Alan J. Pakula,How did the visual style of director Alan J. Pakula manifest in the cinematography of their film Patton?,"The film Patton was directed by Franklin J. Schaffner, not Alan J. Pakula. Alan J. Pakula was likely a collaborator or from a similar era.",The question incorrectly states Alan J. Pakula instead of the correct value Franklin J. Schaffner.
Pearl Harbor,person,film_director_swap,Michael Bay,Miloš Forman,How did the visual style of director Miloš Forman manifest in the cinematography of their film Pearl Harbor?,"The film Pearl Harbor was directed by Michael Bay, not Miloš Forman. Miloš Forman was likely a collaborator or from a similar era.",The question incorrectly states Miloš Forman instead of the correct value Michael Bay.
Penguins of Madagascar,person,film_director_swap,Eric Darnell,John Stevenson,How did the visual style of director John Stevenson manifest in the cinematography of their film Penguins of Madagascar?,"The film Penguins of Madagascar was directed by Eric Darnell, not John Stevenson. John Stevenson was likely a collaborator or from a similar era.",The question incorrectly states John Stevenson instead of the correct value Eric Darnell.
Peter Pan,person,film_director_swap,Clyde Geronimi,Espen Sandberg,How did the visual style of director Espen Sandberg manifest in the cinematography of their film Peter Pan?,"The film Peter Pan was directed by Clyde Geronimi, not Espen Sandberg. Espen Sandberg was likely a collaborator or from a similar era.",The question incorrectly states Espen Sandberg instead of the correct value Clyde Geronimi.
Philadelphia,person,film_director_swap,Jonathan Demme,Kyle Balda,How did the visual style of director Kyle Balda manifest in the cinematography of their film Philadelphia?,"The film Philadelphia was directed by Jonathan Demme, not Kyle Balda. Kyle Balda was likely a collaborator or from a similar era.",The question incorrectly states Kyle Balda instead of the correct value Jonathan Demme.
Pirates of the Caribbean: At World's End,person,film_director_swap,Gore Verbinski,Charles Haid,How did the visual style of director Charles Haid manifest in the cinematography of their film Pirates of the Caribbean: At World's End?,"The film Pirates of the Caribbean: At World's End was directed by Gore Verbinski, not Charles Haid. Charles Haid was likely a collaborator or from a similar era.",The question incorrectly states Charles Haid instead of the correct value Gore Verbinski.
Pirates of the Caribbean: Dead Man's Chest,person,film_director_swap,Gore Verbinski,Rian Johnson,How did the visual style of director Rian Johnson manifest in the cinematography of their film Pirates of the Caribbean: Dead Man's Chest?,"The film Pirates of the Caribbean: Dead Man's Chest was directed by Gore Verbinski, not Rian Johnson. Rian Johnson was likely a collaborator or from a similar era.",The question incorrectly states Rian Johnson instead of the correct value Gore Verbinski.
Pirates of the Caribbean: Dead Men Tell no Tales,person,film_director_swap,Espen Sandberg,Wolfgang Becker,How did the visual style of director Wolfgang Becker manifest in the cinematography of their film Pirates of the Caribbean: Dead Men Tell no Tales?,"The film Pirates of the Caribbean: Dead Men Tell no Tales was directed by Espen Sandberg, not Wolfgang Becker. Wolfgang Becker was likely a collaborator or from a similar era.",The question incorrectly states Wolfgang Becker instead of the correct value Espen Sandberg.
Pirates of the Caribbean: On Stranger Tides,person,film_director_swap,Rob Marshall,Mario Piluso,How did the visual style of director Mario Piluso manifest in the cinematography of their film Pirates of the Caribbean: On Stranger Tides?,"The film Pirates of the Caribbean: On Stranger Tides was directed by Rob Marshall, not Mario Piluso. Mario Piluso was likely a collaborator or from a similar era.",The question incorrectly states Mario Piluso instead of the correct value Rob Marshall.
Pirates of the Caribbean: The Curse of the Black Pearl,person,film_director_swap,Gore Verbinski,Scott Winant,How did the visual style of director Scott Winant manifest in the cinematography of their film Pirates of the Caribbean: The Curse of the Black Pearl?,"The film Pirates of the Caribbean: The Curse of the Black Pearl was directed by Gore Verbinski, not Scott Winant. Scott Winant was likely a collaborator or from a similar era.",The question incorrectly states Scott Winant instead of the correct value Gore Verbinski.
Planet of the Apes,person,film_director_swap,Franklin J. Schaffner,Hamish Hamilton,How did the visual style of director Hamish Hamilton manifest in the cinematography of their film Planet of the Apes?,"The film Planet of the Apes was directed by Franklin J. Schaffner, not Hamish Hamilton. Hamish Hamilton was likely a collaborator or from a similar era.",The question incorrectly states Hamish Hamilton instead of the correct value Franklin J. Schaffner.
Platoon,person,film_director_swap,Oliver Stone,Sam Catlin,How did the visual style of director Sam Catlin manifest in the cinematography of their film Platoon?,"The film Platoon was directed by Oliver Stone, not Sam Catlin. Sam Catlin was likely a collaborator or from a similar era.",The question incorrectly states Sam Catlin instead of the correct value Oliver Stone.
Predator,person,film_director_swap,John McTiernan,George P. Cosmatos,How did the visual style of director George P. Cosmatos manifest in the cinematography of their film Predator?,"The film Predator was directed by John McTiernan, not George P. Cosmatos. George P. Cosmatos was likely a collaborator or from a similar era.",The question incorrectly states George P. Cosmatos instead of the correct value John McTiernan.
Pretty Woman,person,film_director_swap,Garry Marshall,Jonathan Mostow,How did the visual style of director Jonathan Mostow manifest in the cinematography of their film Pretty Woman?,"The film Pretty Woman was directed by Garry Marshall, not Jonathan Mostow. Jonathan Mostow was likely a collaborator or from a similar era.",The question incorrectly states Jonathan Mostow instead of the correct value Garry Marshall.
Pride & Prejudice,person,film_director_swap,Joe Wright,Wolfgang Reitherman,How did the visual style of director Wolfgang Reitherman manifest in the cinematography of their film Pride & Prejudice?,"The film Pride & Prejudice was directed by Joe Wright, not Wolfgang Reitherman. Wolfgang Reitherman was likely a collaborator or from a similar era.",The question incorrectly states Wolfgang Reitherman instead of the correct value Joe Wright.
Prometheus,person,film_director_swap,Ridley Scott,Linda Lee Cadwell,How did the visual style of director Linda Lee Cadwell manifest in the cinematography of their film Prometheus?,"The film Prometheus was directed by Ridley Scott, not Linda Lee Cadwell. Linda Lee Cadwell was likely a collaborator or from a similar era.",The question incorrectly states Linda Lee Cadwell instead of the correct value Ridley Scott.
Psycho,person,film_director_swap,Alfred Hitchcock,Lee Unkrich,How did the visual style of director Lee Unkrich manifest in the cinematography of their film Psycho?,"The film Psycho was directed by Alfred Hitchcock, not Lee Unkrich. Lee Unkrich was likely a collaborator or from a similar era.",The question incorrectly states Lee Unkrich instead of the correct value Alfred Hitchcock.
Public Enemies,person,film_director_swap,Michael Mann,Franklin J. Schaffner,How did the visual style of director Franklin J. Schaffner manifest in the cinematography of their film Public Enemies?,"The film Public Enemies was directed by Michael Mann, not Franklin J. Schaffner. Franklin J. Schaffner was likely a collaborator or from a similar era.",The question incorrectly states Franklin J. Schaffner instead of the correct value Michael Mann.
Pulp Fiction,person,film_director_swap,Quentin Tarantino,Kim Hee-won,How did the visual style of director Kim Hee-won manifest in the cinematography of their film Pulp Fiction?,"The film Pulp Fiction was directed by Quentin Tarantino, not Kim Hee-won. Kim Hee-won was likely a collaborator or from a similar era.",The question incorrectly states Kim Hee-won instead of the correct value Quentin Tarantino.
Quantum of Solace,person,film_director_swap,Marc Forster,Mike Thurmeier,How did the visual style of director Mike Thurmeier manifest in the cinematography of their film Quantum of Solace?,"The film Quantum of Solace was directed by Marc Forster, not Mike Thurmeier. Mike Thurmeier was likely a collaborator or from a similar era.",The question incorrectly states Mike Thurmeier instead of the correct value Marc Forster.
Raging Bull,person,film_director_swap,Martin Scorsese,Colin Jost,How did the visual style of director Colin Jost manifest in the cinematography of their film Raging Bull?,"The film Raging Bull was directed by Martin Scorsese, not Colin Jost. Colin Jost was likely a collaborator or from a similar era.",The question incorrectly states Colin Jost instead of the correct value Martin Scorsese.
Raiders of the Lost Ark,person,film_director_swap,Steven Spielberg,Johan Renck,How did the visual style of director Johan Renck manifest in the cinematography of their film Raiders of the Lost Ark?,"The film Raiders of the Lost Ark was directed by Steven Spielberg, not Johan Renck. Johan Renck was likely a collaborator or from a similar era.",The question incorrectly states Johan Renck instead of the correct value Steven Spielberg.
Rain Man,person,film_director_swap,Barry Levinson,David Slade,How did the visual style of director David Slade manifest in the cinematography of their film Rain Man?,"The film Rain Man was directed by Barry Levinson, not David Slade. David Slade was likely a collaborator or from a similar era.",The question incorrectly states David Slade instead of the correct value Barry Levinson.
Rambo: First Blood Part II,person,film_director_swap,George P. Cosmatos,Paul Miller,How did the visual style of director Paul Miller manifest in the cinematography of their film Rambo: First Blood Part II?,"The film Rambo: First Blood Part II was directed by George P. Cosmatos, not Paul Miller. Paul Miller was likely a collaborator or from a similar era.",The question incorrectly states Paul Miller instead of the correct value George P. Cosmatos.
Rambo III,person,film_director_swap,Peter MacDonald,Mark Waters,How did the visual style of director Mark Waters manifest in the cinematography of their film Rambo III?,"The film Rambo III was directed by Peter MacDonald, not Mark Waters. Mark Waters was likely a collaborator or from a similar era.",The question incorrectly states Mark Waters instead of the correct value Peter MacDonald.
Ran,person,film_director_swap,Akira Kurosawa,Steve Loter,How did the visual style of director Steve Loter manifest in the cinematography of their film Ran?,"The film Ran was directed by Akira Kurosawa, not Steve Loter. Steve Loter was likely a collaborator or from a similar era.",The question incorrectly states Steve Loter instead of the correct value Akira Kurosawa.
Rashomon,person,film_director_swap,Akira Kurosawa,Chuck Jones,How did the visual style of director Chuck Jones manifest in the cinematography of their film Rashomon?,"The film Rashomon was directed by Akira Kurosawa, not Chuck Jones. Chuck Jones was likely a collaborator or from a similar era.",The question incorrectly states Chuck Jones instead of the correct value Akira Kurosawa.
Rear Window,person,film_director_swap,Alfred Hitchcock,Bill Roberts,How did the visual style of director Bill Roberts manifest in the cinematography of their film Rear Window?,"The film Rear Window was directed by Alfred Hitchcock, not Bill Roberts. Bill Roberts was likely a collaborator or from a similar era.",The question incorrectly states Bill Roberts instead of the correct value Alfred Hitchcock.
Rebecca,person,film_director_swap,Alfred Hitchcock,Gerald Cotts,How did the visual style of director Gerald Cotts manifest in the cinematography of their film Rebecca?,"The film Rebecca was directed by Alfred Hitchcock, not Gerald Cotts. Gerald Cotts was likely a collaborator or from a similar era.",The question incorrectly states Gerald Cotts instead of the correct value Alfred Hitchcock.
RED,person,film_director_swap,Robert Schwentke,Tim Boxell,How did the visual style of director Tim Boxell manifest in the cinematography of their film RED?,"The film RED was directed by Robert Schwentke, not Tim Boxell. Tim Boxell was likely a collaborator or from a similar era.",The question incorrectly states Tim Boxell instead of the correct value Robert Schwentke.
Requiem for a Dream,person,film_director_swap,Darren Aronofsky,Tom Hooper,How did the visual style of director Tom Hooper manifest in the cinematography of their film Requiem for a Dream?,"The film Requiem for a Dream was directed by Darren Aronofsky, not Tom Hooper. Tom Hooper was likely a collaborator or from a similar era.",The question incorrectly states Tom Hooper instead of the correct value Darren Aronofsky.
Reservoir Dogs,person,film_director_swap,Quentin Tarantino,Jonathan Kaplan,How did the visual style of director Jonathan Kaplan manifest in the cinematography of their film Reservoir Dogs?,"The film Reservoir Dogs was directed by Quentin Tarantino, not Jonathan Kaplan. Jonathan Kaplan was likely a collaborator or from a similar era.",The question incorrectly states Jonathan Kaplan instead of the correct value Quentin Tarantino.
Resident Evil,person,film_director_swap,Paul W. S. Anderson,Jan de Bont,How did the visual style of director Jan de Bont manifest in the cinematography of their film Resident Evil?,"The film Resident Evil was directed by Paul W. S. Anderson, not Jan de Bont. Jan de Bont was likely a collaborator or from a similar era.",The question incorrectly states Jan de Bont instead of the correct value Paul W. S. Anderson.
Resident Evil: Apocalypse,person,film_director_swap,Alexander Witt,Tom Hall,How did the visual style of director Tom Hall manifest in the cinematography of their film Resident Evil: Apocalypse?,"The film Resident Evil: Apocalypse was directed by Alexander Witt, not Tom Hall. Tom Hall was likely a collaborator or from a similar era.",The question incorrectly states Tom Hall instead of the correct value Alexander Witt.
Rise of the Planet of the Apes,person,film_director_swap,Rupert Wyatt,Mark Story,How did the visual style of director Mark Story manifest in the cinematography of their film Rise of the Planet of the Apes?,"The film Rise of the Planet of the Apes was directed by Rupert Wyatt, not Mark Story. Mark Story was likely a collaborator or from a similar era.",The question incorrectly states Mark Story instead of the correct value Rupert Wyatt.
Robin Hood,person,film_director_swap,Ridley Scott,Genndy Tartakovsky,How did the visual style of director Genndy Tartakovsky manifest in the cinematography of their film Robin Hood?,"The film Robin Hood was directed by Ridley Scott, not Genndy Tartakovsky. Genndy Tartakovsky was likely a collaborator or from a similar era.",The question incorrectly states Genndy Tartakovsky instead of the correct value Ridley Scott.
RoboCop,person,film_director_swap,Paul Verhoeven,Wes Craven,How did the visual style of director Wes Craven manifest in the cinematography of their film RoboCop?,"The film RoboCop was directed by Paul Verhoeven, not Wes Craven. Wes Craven was likely a collaborator or from a similar era.",The question incorrectly states Wes Craven instead of the correct value Paul Verhoeven.
Rocky,person,film_director_swap,John G. Avildsen,Aaron Horvath,How did the visual style of director Aaron Horvath manifest in the cinematography of their film Rocky?,"The film Rocky was directed by John G. Avildsen, not Aaron Horvath. Aaron Horvath was likely a collaborator or from a similar era.",The question incorrectly states Aaron Horvath instead of the correct value John G. Avildsen.
Rogue One: A Star Wars Story,person,film_director_swap,Gareth Edwards,Greg Tiernan,How did the visual style of director Greg Tiernan manifest in the cinematography of their film Rogue One: A Star Wars Story?,"The film Rogue One: A Star Wars Story was directed by Gareth Edwards, not Greg Tiernan. Greg Tiernan was likely a collaborator or from a similar era.",The question incorrectly states Greg Tiernan instead of the correct value Gareth Edwards.
10 Downing Street,location,org_jurisdiction,United Kingdom,"Kingdom of Serbs, Croats and Slovenes","Under the federal laws of Kingdom of Serbs, Croats and Slovenes, what regulatory requirements must 10 Downing Street currently follow?","No, 10 Downing Street is located in United Kingdom, not Kingdom of Serbs, Croats and Slovenes. It follows United Kingdom regulations.","The question incorrectly states Kingdom of Serbs, Croats and Slovenes instead of the correct value United Kingdom."
10ᵗʰ arrondissement of Paris,location,org_jurisdiction,France,Waqooyi-Bari,"Under the federal laws of Waqooyi-Bari, what regulatory requirements must 10ᵗʰ arrondissement of Paris currently follow?","No, 10ᵗʰ arrondissement of Paris is located in France, not Waqooyi-Bari. It follows France regulations.",The question incorrectly states Waqooyi-Bari instead of the correct value France.
11th arrondissement of Paris,location,org_jurisdiction,France,Uzbek Soviet Socialist Republic,"Under the federal laws of Uzbek Soviet Socialist Republic, what regulatory requirements must 11th arrondissement of Paris currently follow?","No, 11th arrondissement of Paris is located in France, not Uzbek Soviet Socialist Republic. It follows France regulations.",The question incorrectly states Uzbek Soviet Socialist Republic instead of the correct value France.
12th arrondissement of Paris,location,org_jurisdiction,France,Seventeen Provinces,"Under the federal laws of Seventeen Provinces, what regulatory requirements must 12th arrondissement of Paris currently follow?","No, 12th arrondissement of Paris is located in France, not Seventeen Provinces. It follows France regulations.",The question incorrectly states Seventeen Provinces instead of the correct value France.
13th arrondissement of Paris,location,org_jurisdiction,France,Empire of Japan,"Under the federal laws of Empire of Japan, what regulatory requirements must 13th arrondissement of Paris currently follow?","No, 13th arrondissement of Paris is located in France, not Empire of Japan. It follows France regulations.",The question incorrectly states Empire of Japan instead of the correct value France.
14th arrondissement of Paris,location,org_jurisdiction,France,Republic of Kosova,"Under the federal laws of Republic of Kosova, what regulatory requirements must 14th arrondissement of Paris currently follow?","No, 14th arrondissement of Paris is located in France, not Republic of Kosova. It follows France regulations.",The question incorrectly states Republic of Kosova instead of the correct value France.
1556 Shaanxi earthquake,location,org_jurisdiction,Ming dynasty,Taymyrsky Dolgano-Nenetsky District,"Under the federal laws of Taymyrsky Dolgano-Nenetsky District, what regulatory requirements must 1556 Shaanxi earthquake currently follow?","No, 1556 Shaanxi earthquake is located in Ming dynasty, not Taymyrsky Dolgano-Nenetsky District. It follows Ming dynasty regulations.",The question incorrectly states Taymyrsky Dolgano-Nenetsky District instead of the correct value Ming dynasty.
15th arrondissement of Paris,location,org_jurisdiction,France,Second Polish Republic,"Under the federal laws of Second Polish Republic, what regulatory requirements must 15th arrondissement of Paris currently follow?","No, 15th arrondissement of Paris is located in France, not Second Polish Republic. It follows France regulations.",The question incorrectly states Second Polish Republic instead of the correct value France.
1755 Lisbon earthquake,location,org_jurisdiction,Portugal,Malokarachayevsky District,"Under the federal laws of Malokarachayevsky District, what regulatory requirements must 1755 Lisbon earthquake currently follow?","No, 1755 Lisbon earthquake is located in Portugal, not Malokarachayevsky District. It follows Portugal regulations.",The question incorrectly states Malokarachayevsky District instead of the correct value Portugal.
17th arrondissement of Paris,location,org_jurisdiction,France,Lithuania,"Under the federal laws of Lithuania, what regulatory requirements must 17th arrondissement of Paris currently follow?","No, 17th arrondissement of Paris is located in France, not Lithuania. It follows France regulations.",The question incorrectly states Lithuania instead of the correct value France.
1896 Summer Olympics,location,org_jurisdiction,Kingdom of Greece,Tokugawa shogunate,"Under the federal laws of Tokugawa shogunate, what regulatory requirements must 1896 Summer Olympics currently follow?","No, 1896 Summer Olympics is located in Kingdom of Greece, not Tokugawa shogunate. It follows Kingdom of Greece regulations.",The question incorrectly states Tokugawa shogunate instead of the correct value Kingdom of Greece.
18th arrondissement of Paris,location,org_jurisdiction,France,The Gambia,"Under the federal laws of The Gambia, what regulatory requirements must 18th arrondissement of Paris currently follow?","No, 18th arrondissement of Paris is located in France, not The Gambia. It follows France regulations.",The question incorrectly states The Gambia instead of the correct value France.
1900 Summer Olympics,location,org_jurisdiction,France,Neo-Babylonian Empire,"Under the federal laws of Neo-Babylonian Empire, what regulatory requirements must 1900 Summer Olympics currently follow?","No, 1900 Summer Olympics is located in France, not Neo-Babylonian Empire. It follows France regulations.",The question incorrectly states Neo-Babylonian Empire instead of the correct value France.
1904 Summer Olympics,location,org_jurisdiction,United States,Roman Asia Minor,"Under the federal laws of Roman Asia Minor, what regulatory requirements must 1904 Summer Olympics currently follow?","No, 1904 Summer Olympics is located in United States, not Roman Asia Minor. It follows United States regulations.",The question incorrectly states Roman Asia Minor instead of the correct value United States.
1906 Intercalated Games,location,org_jurisdiction,Kingdom of Greece,Laos,"Under the federal laws of Laos, what regulatory requirements must 1906 Intercalated Games currently follow?","No, 1906 Intercalated Games is located in Kingdom of Greece, not Laos. It follows Kingdom of Greece regulations.",The question incorrectly states Laos instead of the correct value Kingdom of Greece.
1908 Summer Olympics,location,org_jurisdiction,United Kingdom of Great Britain and Ireland,Gibraltar,"Under the federal laws of Gibraltar, what regulatory requirements must 1908 Summer Olympics currently follow?","No, 1908 Summer Olympics is located in United Kingdom of Great Britain and Ireland, not Gibraltar. It follows United Kingdom of Great Britain and Ireland regulations.",The question incorrectly states Gibraltar instead of the correct value United Kingdom of Great Britain and Ireland.
1912 Summer Olympics,location,org_jurisdiction,Sweden,Italy,"Under the federal laws of Italy, what regulatory requirements must 1912 Summer Olympics currently follow?","No, 1912 Summer Olympics is located in Sweden, not Italy. It follows Sweden regulations.",The question incorrectly states Italy instead of the correct value Sweden.
1916 Summer Olympics,location,org_jurisdiction,German Reich,"United Kingdom of Portugal, Brazil and the Algarves","Under the federal laws of United Kingdom of Portugal, Brazil and the Algarves, what regulatory requirements must 1916 Summer Olympics currently follow?","No, 1916 Summer Olympics is located in German Reich, not United Kingdom of Portugal, Brazil and the Algarves. It follows German Reich regulations.","The question incorrectly states United Kingdom of Portugal, Brazil and the Algarves instead of the correct value German Reich."
1920 Summer Olympics,location,org_jurisdiction,Belgium,Niger,"Under the federal laws of Niger, what regulatory requirements must 1920 Summer Olympics currently follow?","No, 1920 Summer Olympics is located in Belgium, not Niger. It follows Belgium regulations.",The question incorrectly states Niger instead of the correct value Belgium.
1923 Great Kantō Earthquake,location,org_jurisdiction,Japan,Israel,"Under the federal laws of Israel, what regulatory requirements must 1923 Great Kantō Earthquake currently follow?","No, 1923 Great Kantō Earthquake is located in Japan, not Israel. It follows Japan regulations.",The question incorrectly states Israel instead of the correct value Japan.
1924 Summer Olympics,location,org_jurisdiction,France,Pechora,"Under the federal laws of Pechora, what regulatory requirements must 1924 Summer Olympics currently follow?","No, 1924 Summer Olympics is located in France, not Pechora. It follows France regulations.",The question incorrectly states Pechora instead of the correct value France.
1924 Winter Olympics,location,org_jurisdiction,France,Bahrain,"Under the federal laws of Bahrain, what regulatory requirements must 1924 Winter Olympics currently follow?","No, 1924 Winter Olympics is located in France, not Bahrain. It follows France regulations.",The question incorrectly states Bahrain instead of the correct value France.
1928 Summer Olympics,location,org_jurisdiction,Netherlands,Kurdistan Region of Iraq,"Under the federal laws of Kurdistan Region of Iraq, what regulatory requirements must 1928 Summer Olympics currently follow?","No, 1928 Summer Olympics is located in Netherlands, not Kurdistan Region of Iraq. It follows Netherlands regulations.",The question incorrectly states Kurdistan Region of Iraq instead of the correct value Netherlands.
1928 Winter Olympics,location,org_jurisdiction,Switzerland,Saint-Martin,"Under the federal laws of Saint-Martin, what regulatory requirements must 1928 Winter Olympics currently follow?","No, 1928 Winter Olympics is located in Switzerland, not Saint-Martin. It follows Switzerland regulations.",The question incorrectly states Saint-Martin instead of the correct value Switzerland.
1930 FIFA World Cup,location,org_jurisdiction,Uruguay,Netherlands Antilles,"Under the federal laws of Netherlands Antilles, what regulatory requirements must 1930 FIFA World Cup currently follow?","No, 1930 FIFA World Cup is located in Uruguay, not Netherlands Antilles. It follows Uruguay regulations.",The question incorrectly states Netherlands Antilles instead of the correct value Uruguay.
1932 Summer Olympics,location,org_jurisdiction,United States,Niue,"Under the federal laws of Niue, what regulatory requirements must 1932 Summer Olympics currently follow?","No, 1932 Summer Olympics is located in United States, not Niue. It follows United States regulations.",The question incorrectly states Niue instead of the correct value United States.
1932 Winter Olympics,location,org_jurisdiction,United States,Esperantujo,"Under the federal laws of Esperantujo, what regulatory requirements must 1932 Winter Olympics currently follow?","No, 1932 Winter Olympics is located in United States, not Esperantujo. It follows United States regulations.",The question incorrectly states Esperantujo instead of the correct value United States.
1934 FIFA World Cup,location,org_jurisdiction,Italy,Sint Maarten,"Under the federal laws of Sint Maarten, what regulatory requirements must 1934 FIFA World Cup currently follow?","No, 1934 FIFA World Cup is located in Italy, not Sint Maarten. It follows Italy regulations.",The question incorrectly states Sint Maarten instead of the correct value Italy.
1936 Summer Olympics,location,org_jurisdiction,German Reich,Ayutthaya Kingdom,"Under the federal laws of Ayutthaya Kingdom, what regulatory requirements must 1936 Summer Olympics currently follow?","No, 1936 Summer Olympics is located in German Reich, not Ayutthaya Kingdom. It follows German Reich regulations.",The question incorrectly states Ayutthaya Kingdom instead of the correct value German Reich.
1936 Winter Olympics,location,org_jurisdiction,Nazi Germany,Duchy of Burgundy,"Under the federal laws of Duchy of Burgundy, what regulatory requirements must 1936 Winter Olympics currently follow?","No, 1936 Winter Olympics is located in Nazi Germany, not Duchy of Burgundy. It follows Nazi Germany regulations.",The question incorrectly states Duchy of Burgundy instead of the correct value Nazi Germany.
1938 FIFA World Cup,location,org_jurisdiction,France,Socialist Republic of Romania,"Under the federal laws of Socialist Republic of Romania, what regulatory requirements must 1938 FIFA World Cup currently follow?","No, 1938 FIFA World Cup is located in France, not Socialist Republic of Romania. It follows France regulations.",The question incorrectly states Socialist Republic of Romania instead of the correct value France.
1940 Summer Olympics,location,org_jurisdiction,Finland,Western Sahara,"Under the federal laws of Western Sahara, what regulatory requirements must 1940 Summer Olympics currently follow?","No, 1940 Summer Olympics is located in Finland, not Western Sahara. It follows Finland regulations.",The question incorrectly states Western Sahara instead of the correct value Finland.
1944 Summer Olympics,location,org_jurisdiction,United Kingdom,Commonwealth of England,"Under the federal laws of Commonwealth of England, what regulatory requirements must 1944 Summer Olympics currently follow?","No, 1944 Summer Olympics is located in United Kingdom, not Commonwealth of England. It follows United Kingdom regulations.",The question incorrectly states Commonwealth of England instead of the correct value United Kingdom.
1948 Palestine war,location,org_jurisdiction,Israel,Republic of Abkhazia,"Under the federal laws of Republic of Abkhazia, what regulatory requirements must 1948 Palestine war currently follow?","No, 1948 Palestine war is located in Israel, not Republic of Abkhazia. It follows Israel regulations.",The question incorrectly states Republic of Abkhazia instead of the correct value Israel.
1948 Summer Olympics,location,org_jurisdiction,United Kingdom,Sultanate of Egypt,"Under the federal laws of Sultanate of Egypt, what regulatory requirements must 1948 Summer Olympics currently follow?","No, 1948 Summer Olympics is located in United Kingdom, not Sultanate of Egypt. It follows United Kingdom regulations.",The question incorrectly states Sultanate of Egypt instead of the correct value United Kingdom.
1948 Winter Olympics,location,org_jurisdiction,Switzerland,Roman Egypt,"Under the federal laws of Roman Egypt, what regulatory requirements must 1948 Winter Olympics currently follow?","No, 1948 Winter Olympics is located in Switzerland, not Roman Egypt. It follows Switzerland regulations.",The question incorrectly states Roman Egypt instead of the correct value Switzerland.
1950 FIFA World Cup,location,org_jurisdiction,Brazil,Almoravid dynasty,"Under the federal laws of Almoravid dynasty, what regulatory requirements must 1950 FIFA World Cup currently follow?","No, 1950 FIFA World Cup is located in Brazil, not Almoravid dynasty. It follows Brazil regulations.",The question incorrectly states Almoravid dynasty instead of the correct value Brazil.
1952 Summer Olympics,location,org_jurisdiction,Finland,Emirate of Bukhara,"Under the federal laws of Emirate of Bukhara, what regulatory requirements must 1952 Summer Olympics currently follow?","No, 1952 Summer Olympics is located in Finland, not Emirate of Bukhara. It follows Finland regulations.",The question incorrectly states Emirate of Bukhara instead of the correct value Finland.
1952 Winter Olympics,location,org_jurisdiction,Norway,Parthian Empire,"Under the federal laws of Parthian Empire, what regulatory requirements must 1952 Winter Olympics currently follow?","No, 1952 Winter Olympics is located in Norway, not Parthian Empire. It follows Norway regulations.",The question incorrectly states Parthian Empire instead of the correct value Norway.
1953 Iranian coup d'état,location,org_jurisdiction,Iran,Ethiopia,"Under the federal laws of Ethiopia, what regulatory requirements must 1953 Iranian coup d'état currently follow?","No, 1953 Iranian coup d'état is located in Iran, not Ethiopia. It follows Iran regulations.",The question incorrectly states Ethiopia instead of the correct value Iran.
1954 FIFA World Cup,location,org_jurisdiction,Switzerland,Caliphate of Córdoba,"Under the federal laws of Caliphate of Córdoba, what regulatory requirements must 1954 FIFA World Cup currently follow?","No, 1954 FIFA World Cup is located in Switzerland, not Caliphate of Córdoba. It follows Switzerland regulations.",The question incorrectly states Caliphate of Córdoba instead of the correct value Switzerland.
1956 Summer Olympics,location,org_jurisdiction,Australia,"Saint Helena, Ascension and Tristan da Cunha","Under the federal laws of Saint Helena, Ascension and Tristan da Cunha, what regulatory requirements must 1956 Summer Olympics currently follow?","No, 1956 Summer Olympics is located in Australia, not Saint Helena, Ascension and Tristan da Cunha. It follows Australia regulations.","The question incorrectly states Saint Helena, Ascension and Tristan da Cunha instead of the correct value Australia."
1956 Winter Olympics,location,org_jurisdiction,Italy,Kingdom of Bohemia,"Under the federal laws of Kingdom of Bohemia, what regulatory requirements must 1956 Winter Olympics currently follow?","No, 1956 Winter Olympics is located in Italy, not Kingdom of Bohemia. It follows Italy regulations.",The question incorrectly states Kingdom of Bohemia instead of the correct value Italy.
1958 FIFA World Cup,location,org_jurisdiction,Sweden,Macedonia,"Under the federal laws of Macedonia, what regulatory requirements must 1958 FIFA World Cup currently follow?","No, 1958 FIFA World Cup is located in Sweden, not Macedonia. It follows Sweden regulations.",The question incorrectly states Macedonia instead of the correct value Sweden.
1960 European Nations' Cup,location,org_jurisdiction,France,Oman,"Under the federal laws of Oman, what regulatory requirements must 1960 European Nations' Cup currently follow?","No, 1960 European Nations' Cup is located in France, not Oman. It follows France regulations.",The question incorrectly states Oman instead of the correct value France.
1960 Summer Olympics,location,org_jurisdiction,Italy,Captaincy General of Puerto Rico,"Under the federal laws of Captaincy General of Puerto Rico, what regulatory requirements must 1960 Summer Olympics currently follow?","No, 1960 Summer Olympics is located in Italy, not Captaincy General of Puerto Rico. It follows Italy regulations.",The question incorrectly states Captaincy General of Puerto Rico instead of the correct value Italy.
1960 Valdivia earthquake,location,org_jurisdiction,Chile,Liberia,"Under the federal laws of Liberia, what regulatory requirements must 1960 Valdivia earthquake currently follow?","No, 1960 Valdivia earthquake is located in Chile, not Liberia. It follows Chile regulations.",The question incorrectly states Liberia instead of the correct value Chile.
1960 Winter Olympics,location,org_jurisdiction,United States,taifa (second period),"Under the federal laws of taifa (second period), what regulatory requirements must 1960 Winter Olympics currently follow?","No, 1960 Winter Olympics is located in United States, not taifa (second period). It follows United States regulations.",The question incorrectly states taifa (second period) instead of the correct value United States.
1962 FIFA World Cup,location,org_jurisdiction,Chile,Netherlands Antilles,"Under the federal laws of Netherlands Antilles, what regulatory requirements must 1962 FIFA World Cup currently follow?","No, 1962 FIFA World Cup is located in Chile, not Netherlands Antilles. It follows Chile regulations.",The question incorrectly states Netherlands Antilles instead of the correct value Chile.
1964 European Challenge Cup,location,org_jurisdiction,Spain,Kurdistan,"Under the federal laws of Kurdistan, what regulatory requirements must 1964 European Challenge Cup currently follow?","No, 1964 European Challenge Cup is located in Spain, not Kurdistan. It follows Spain regulations.",The question incorrectly states Kurdistan instead of the correct value Spain.
1964 Summer Olympics,location,org_jurisdiction,Japan,Serbia,"Under the federal laws of Serbia, what regulatory requirements must 1964 Summer Olympics currently follow?","No, 1964 Summer Olympics is located in Japan, not Serbia. It follows Japan regulations.",The question incorrectly states Serbia instead of the correct value Japan.
1964 Winter Olympics,location,org_jurisdiction,Austria,Thailand,"Under the federal laws of Thailand, what regulatory requirements must 1964 Winter Olympics currently follow?","No, 1964 Winter Olympics is located in Austria, not Thailand. It follows Austria regulations.",The question incorrectly states Thailand instead of the correct value Austria.
1966 FIFA World Cup,location,org_jurisdiction,United Kingdom,Autonomous Republic of Abkhazia,"Under the federal laws of Autonomous Republic of Abkhazia, what regulatory requirements must 1966 FIFA World Cup currently follow?","No, 1966 FIFA World Cup is located in United Kingdom, not Autonomous Republic of Abkhazia. It follows United Kingdom regulations.",The question incorrectly states Autonomous Republic of Abkhazia instead of the correct value United Kingdom.
1968 Summer Olympics,location,org_jurisdiction,Mexico,Brunei,"Under the federal laws of Brunei, what regulatory requirements must 1968 Summer Olympics currently follow?","No, 1968 Summer Olympics is located in Mexico, not Brunei. It follows Mexico regulations.",The question incorrectly states Brunei instead of the correct value Mexico.
1968 UEFA European Championship,location,org_jurisdiction,Italy,Israel and The Occupied Territories,"Under the federal laws of Israel and The Occupied Territories, what regulatory requirements must 1968 UEFA European Championship currently follow?","No, 1968 UEFA European Championship is located in Italy, not Israel and The Occupied Territories. It follows Italy regulations.",The question incorrectly states Israel and The Occupied Territories instead of the correct value Italy.
1968 Winter Olympics,location,org_jurisdiction,France,Kingdom of Navarre,"Under the federal laws of Kingdom of Navarre, what regulatory requirements must 1968 Winter Olympics currently follow?","No, 1968 Winter Olympics is located in France, not Kingdom of Navarre. It follows France regulations.",The question incorrectly states Kingdom of Navarre instead of the correct value France.
1970 FIFA World Cup,location,org_jurisdiction,Mexico,Ingushetia,"Under the federal laws of Ingushetia, what regulatory requirements must 1970 FIFA World Cup currently follow?","No, 1970 FIFA World Cup is located in Mexico, not Ingushetia. It follows Mexico regulations.",The question incorrectly states Ingushetia instead of the correct value Mexico.
1972 Summer Olympics,location,org_jurisdiction,Germany,Champa,"Under the federal laws of Champa, what regulatory requirements must 1972 Summer Olympics currently follow?","No, 1972 Summer Olympics is located in Germany, not Champa. It follows Germany regulations.",The question incorrectly states Champa instead of the correct value Germany.
1972 Winter Olympics,location,org_jurisdiction,Japan,Qajar Iran,"Under the federal laws of Qajar Iran, what regulatory requirements must 1972 Winter Olympics currently follow?","No, 1972 Winter Olympics is located in Japan, not Qajar Iran. It follows Japan regulations.",The question incorrectly states Qajar Iran instead of the correct value Japan.
1973 Chilean coup d'état,location,org_jurisdiction,Chile,Colombia,"Under the federal laws of Colombia, what regulatory requirements must 1973 Chilean coup d'état currently follow?","No, 1973 Chilean coup d'état is located in Chile, not Colombia. It follows Chile regulations.",The question incorrectly states Colombia instead of the correct value Chile.
1974 FIFA World Cup,location,org_jurisdiction,Germany,Commonwealth of England,"Under the federal laws of Commonwealth of England, what regulatory requirements must 1974 FIFA World Cup currently follow?","No, 1974 FIFA World Cup is located in Germany, not Commonwealth of England. It follows Germany regulations.",The question incorrectly states Commonwealth of England instead of the correct value Germany.
1976 Summer Olympics,location,org_jurisdiction,Canada,Republic of Egypt,"Under the federal laws of Republic of Egypt, what regulatory requirements must 1976 Summer Olympics currently follow?","No, 1976 Summer Olympics is located in Canada, not Republic of Egypt. It follows Canada regulations.",The question incorrectly states Republic of Egypt instead of the correct value Canada.
1976 Tangshan earthquake,location,org_jurisdiction,People's Republic of China,France,"Under the federal laws of France, what regulatory requirements must 1976 Tangshan earthquake currently follow?","No, 1976 Tangshan earthquake is located in People's Republic of China, not France. It follows People's Republic of China regulations.",The question incorrectly states France instead of the correct value People's Republic of China.
1976 Winter Olympics,location,org_jurisdiction,Austria,Kingdom of Spain,"Under the federal laws of Kingdom of Spain, what regulatory requirements must 1976 Winter Olympics currently follow?","No, 1976 Winter Olympics is located in Austria, not Kingdom of Spain. It follows Austria regulations.",The question incorrectly states Kingdom of Spain instead of the correct value Austria.
1978 FIFA World Cup,location,org_jurisdiction,Argentina,Arzawa,"Under the federal laws of Arzawa, what regulatory requirements must 1978 FIFA World Cup currently follow?","No, 1978 FIFA World Cup is located in Argentina, not Arzawa. It follows Argentina regulations.",The question incorrectly states Arzawa instead of the correct value Argentina.
1980 Summer Olympics,location,org_jurisdiction,Soviet Union,Banten Sultanate,"Under the federal laws of Banten Sultanate, what regulatory requirements must 1980 Summer Olympics currently follow?","No, 1980 Summer Olympics is located in Soviet Union, not Banten Sultanate. It follows Soviet Union regulations.",The question incorrectly states Banten Sultanate instead of the correct value Soviet Union.
1980 Winter Olympics,location,org_jurisdiction,United States,Later Three Kingdoms,"Under the federal laws of Later Three Kingdoms, what regulatory requirements must 1980 Winter Olympics currently follow?","No, 1980 Winter Olympics is located in United States, not Later Three Kingdoms. It follows United States regulations.",The question incorrectly states Later Three Kingdoms instead of the correct value United States.
1982 FIFA World Cup,location,org_jurisdiction,Spain,Bhutan,"Under the federal laws of Bhutan, what regulatory requirements must 1982 FIFA World Cup currently follow?","No, 1982 FIFA World Cup is located in Spain, not Bhutan. It follows Spain regulations.",The question incorrectly states Bhutan instead of the correct value Spain.
1984 Summer Olympics,location,org_jurisdiction,United States,Kingdom of Romania,"Under the federal laws of Kingdom of Romania, what regulatory requirements must 1984 Summer Olympics currently follow?","No, 1984 Summer Olympics is located in United States, not Kingdom of Romania. It follows United States regulations.",The question incorrectly states Kingdom of Romania instead of the correct value United States.
1984 Winter Olympics,location,org_jurisdiction,Socialist Federal Republic of Yugoslavia,Ming dynasty,"Under the federal laws of Ming dynasty, what regulatory requirements must 1984 Winter Olympics currently follow?","No, 1984 Winter Olympics is located in Socialist Federal Republic of Yugoslavia, not Ming dynasty. It follows Socialist Federal Republic of Yugoslavia regulations.",The question incorrectly states Ming dynasty instead of the correct value Socialist Federal Republic of Yugoslavia.
1986 FIFA World Cup,location,org_jurisdiction,Mexico,Nazi Germany,"Under the federal laws of Nazi Germany, what regulatory requirements must 1986 FIFA World Cup currently follow?","No, 1986 FIFA World Cup is located in Mexico, not Nazi Germany. It follows Mexico regulations.",The question incorrectly states Nazi Germany instead of the correct value Mexico.
1988 Summer Olympics,location,org_jurisdiction,South Korea,Pryazovia,"Under the federal laws of Pryazovia, what regulatory requirements must 1988 Summer Olympics currently follow?","No, 1988 Summer Olympics is located in South Korea, not Pryazovia. It follows South Korea regulations.",The question incorrectly states Pryazovia instead of the correct value South Korea.
1988 Winter Olympics,location,org_jurisdiction,Canada,Emirate of Granada,"Under the federal laws of Emirate of Granada, what regulatory requirements must 1988 Winter Olympics currently follow?","No, 1988 Winter Olympics is located in Canada, not Emirate of Granada. It follows Canada regulations.",The question incorrectly states Emirate of Granada instead of the correct value Canada.
1989 Tiananmen Square protests and massacre,location,org_jurisdiction,People's Republic of China,Joseon,"Under the federal laws of Joseon, what regulatory requirements must 1989 Tiananmen Square protests and massacre currently follow?","No, 1989 Tiananmen Square protests and massacre is located in People's Republic of China, not Joseon. It follows People's Republic of China regulations.",The question incorrectly states Joseon instead of the correct value People's Republic of China.
1990 FIFA World Cup,location,org_jurisdiction,Italy,Syria,"Under the federal laws of Syria, what regulatory requirements must 1990 FIFA World Cup currently follow?","No, 1990 FIFA World Cup is located in Italy, not Syria. It follows Italy regulations.",The question incorrectly states Syria instead of the correct value Italy.
1991 Soviet coup d'état attempt,location,org_jurisdiction,Soviet Union,Pechora,"Under the federal laws of Pechora, what regulatory requirements must 1991 Soviet coup d'état attempt currently follow?","No, 1991 Soviet coup d'état attempt is located in Soviet Union, not Pechora. It follows Soviet Union regulations.",The question incorrectly states Pechora instead of the correct value Soviet Union.
1992 Summer Olympics,location,org_jurisdiction,Spain,Umayyad Caliphate,"Under the federal laws of Umayyad Caliphate, what regulatory requirements must 1992 Summer Olympics currently follow?","No, 1992 Summer Olympics is located in Spain, not Umayyad Caliphate. It follows Spain regulations.",The question incorrectly states Umayyad Caliphate instead of the correct value Spain.
1992 Winter Olympics,location,org_jurisdiction,France,German colonial empire,"Under the federal laws of German colonial empire, what regulatory requirements must 1992 Winter Olympics currently follow?","No, 1992 Winter Olympics is located in France, not German colonial empire. It follows France regulations.",The question incorrectly states German colonial empire instead of the correct value France.
1994 FIFA World Cup,location,org_jurisdiction,United States,French Canada,"Under the federal laws of French Canada, what regulatory requirements must 1994 FIFA World Cup currently follow?","No, 1994 FIFA World Cup is located in United States, not French Canada. It follows United States regulations.",The question incorrectly states French Canada instead of the correct value United States.
1994 Genocide against Tutsi,location,org_jurisdiction,Rwanda,French Third Republic,"Under the federal laws of French Third Republic, what regulatory requirements must 1994 Genocide against Tutsi currently follow?","No, 1994 Genocide against Tutsi is located in Rwanda, not French Third Republic. It follows Rwanda regulations.",The question incorrectly states French Third Republic instead of the correct value Rwanda.
1994 Winter Olympics,location,org_jurisdiction,Norway,Cape Verde,"Under the federal laws of Cape Verde, what regulatory requirements must 1994 Winter Olympics currently follow?","No, 1994 Winter Olympics is located in Norway, not Cape Verde. It follows Norway regulations.",The question incorrectly states Cape Verde instead of the correct value Norway.
1996 Summer Olympics,location,org_jurisdiction,United States,New Zealand,"Under the federal laws of New Zealand, what regulatory requirements must 1996 Summer Olympics currently follow?","No, 1996 Summer Olympics is located in United States, not New Zealand. It follows United States regulations.",The question incorrectly states New Zealand instead of the correct value United States.
1998 FIFA World Cup,location,org_jurisdiction,France,Japan,"Under the federal laws of Japan, what regulatory requirements must 1998 FIFA World Cup currently follow?","No, 1998 FIFA World Cup is located in France, not Japan. It follows France regulations.",The question incorrectly states Japan instead of the correct value France.
1998 Winter Olympics,location,org_jurisdiction,Japan,Slovakia,"Under the federal laws of Slovakia, what regulatory requirements must 1998 Winter Olympics currently follow?","No, 1998 Winter Olympics is located in Japan, not Slovakia. It follows Japan regulations.",The question incorrectly states Slovakia instead of the correct value Japan.
1. FC Heidenheim 1846,location,org_jurisdiction,Germany,Venezuela,"Under the federal laws of Venezuela, what regulatory requirements must 1. FC Heidenheim 1846 currently follow?","No, 1. FC Heidenheim 1846 is located in Germany, not Venezuela. It follows Germany regulations.",The question incorrectly states Venezuela instead of the correct value Germany.
1. FC Kaiserslautern,location,org_jurisdiction,Germany,El Salvador,"Under the federal laws of El Salvador, what regulatory requirements must 1. FC Kaiserslautern currently follow?","No, 1. FC Kaiserslautern is located in Germany, not El Salvador. It follows Germany regulations.",The question incorrectly states El Salvador instead of the correct value Germany.
1. FC Köln,location,org_jurisdiction,Germany,Isle of Man,"Under the federal laws of Isle of Man, what regulatory requirements must 1. FC Köln currently follow?","No, 1. FC Köln is located in Germany, not Isle of Man. It follows Germany regulations.",The question incorrectly states Isle of Man instead of the correct value Germany.
1. FC Nürnberg,location,org_jurisdiction,Germany,Russian Empire,"Under the federal laws of Russian Empire, what regulatory requirements must 1. FC Nürnberg currently follow?","No, 1. FC Nürnberg is located in Germany, not Russian Empire. It follows Germany regulations.",The question incorrectly states Russian Empire instead of the correct value Germany.
1. FC Union Berlin,location,org_jurisdiction,Germany,Khanate of Khiva,"Under the federal laws of Khanate of Khiva, what regulatory requirements must 1. FC Union Berlin currently follow?","No, 1. FC Union Berlin is located in Germany, not Khanate of Khiva. It follows Germany regulations.",The question incorrectly states Khanate of Khiva instead of the correct value Germany.
1. FSV Mainz 05,location,org_jurisdiction,Germany,Rostov Oblast,"Under the federal laws of Rostov Oblast, what regulatory requirements must 1. FSV Mainz 05 currently follow?","No, 1. FSV Mainz 05 is located in Germany, not Rostov Oblast. It follows Germany regulations.",The question incorrectly states Rostov Oblast instead of the correct value Germany.
1st arrondissement of Paris,location,org_jurisdiction,France,Khanate of Kokand,"Under the federal laws of Khanate of Kokand, what regulatory requirements must 1st arrondissement of Paris currently follow?","No, 1st arrondissement of Paris is located in France, not Khanate of Kokand. It follows France regulations.",The question incorrectly states Khanate of Kokand instead of the correct value France.
2000 Summer Olympics,location,org_jurisdiction,Australia,Åland,"Under the federal laws of Åland, what regulatory requirements must 2000 Summer Olympics currently follow?","No, 2000 Summer Olympics is located in Australia, not Åland. It follows Australia regulations.",The question incorrectly states Åland instead of the correct value Australia.
2002 FIFA World Cup,location,org_jurisdiction,Japan,Ryukyu Kingdom,"Under the federal laws of Ryukyu Kingdom, what regulatory requirements must 2002 FIFA World Cup currently follow?","No, 2002 FIFA World Cup is located in Japan, not Ryukyu Kingdom. It follows Japan regulations.",The question incorrectly states Ryukyu Kingdom instead of the correct value Japan.
2002 Winter Olympics,location,org_jurisdiction,United States,Three Kingdoms of Korea,"Under the federal laws of Three Kingdoms of Korea, what regulatory requirements must 2002 Winter Olympics currently follow?","No, 2002 Winter Olympics is located in United States, not Three Kingdoms of Korea. It follows United States regulations.",The question incorrectly states Three Kingdoms of Korea instead of the correct value United States.
2004 Indian Ocean earthquake,location,org_jurisdiction,Bangladesh,Federal Republic of Yugoslavia,"Under the federal laws of Federal Republic of Yugoslavia, what regulatory requirements must 2004 Indian Ocean earthquake currently follow?","No, 2004 Indian Ocean earthquake is located in Bangladesh, not Federal Republic of Yugoslavia. It follows Bangladesh regulations.",The question incorrectly states Federal Republic of Yugoslavia instead of the correct value Bangladesh.
2004 Summer Olympics,location,org_jurisdiction,Greece,Kingdom of Scotland,"Under the federal laws of Kingdom of Scotland, what regulatory requirements must 2004 Summer Olympics currently follow?","No, 2004 Summer Olympics is located in Greece, not Kingdom of Scotland. It follows Greece regulations.",The question incorrectly states Kingdom of Scotland instead of the correct value Greece.
2005 Kashmir earthquake,location,org_jurisdiction,Afghanistan,Anguilla,"Under the federal laws of Anguilla, what regulatory requirements must 2005 Kashmir earthquake currently follow?","No, 2005 Kashmir earthquake is located in Afghanistan, not Anguilla. It follows Afghanistan regulations.",The question incorrectly states Anguilla instead of the correct value Afghanistan.
2006 FIFA World Cup,location,org_jurisdiction,Germany,Akrotiri and Dhekelia,"Under the federal laws of Akrotiri and Dhekelia, what regulatory requirements must 2006 FIFA World Cup currently follow?","No, 2006 FIFA World Cup is located in Germany, not Akrotiri and Dhekelia. It follows Germany regulations.",The question incorrectly states Akrotiri and Dhekelia instead of the correct value Germany.
2006 Lebanon War,location,org_jurisdiction,Israel,Umayyad Caliphate,"Under the federal laws of Umayyad Caliphate, what regulatory requirements must 2006 Lebanon War currently follow?","No, 2006 Lebanon War is located in Israel, not Umayyad Caliphate. It follows Israel regulations.",The question incorrectly states Umayyad Caliphate instead of the correct value Israel.
2006 Winter Olympics,location,org_jurisdiction,Italy,Slavonia,"Under the federal laws of Slavonia, what regulatory requirements must 2006 Winter Olympics currently follow?","No, 2006 Winter Olympics is located in Italy, not Slavonia. It follows Italy regulations.",The question incorrectly states Slavonia instead of the correct value Italy.
2008 Sichuan earthquake,location,org_jurisdiction,People's Republic of China,Kingdom of Montenegro,"Under the federal laws of Kingdom of Montenegro, what regulatory requirements must 2008 Sichuan earthquake currently follow?","No, 2008 Sichuan earthquake is located in People's Republic of China, not Kingdom of Montenegro. It follows People's Republic of China regulations.",The question incorrectly states Kingdom of Montenegro instead of the correct value People's Republic of China.
2008 Summer Olympics,location,org_jurisdiction,People's Republic of China,Iran,"Under the federal laws of Iran, what regulatory requirements must 2008 Summer Olympics currently follow?","No, 2008 Summer Olympics is located in People's Republic of China, not Iran. It follows People's Republic of China regulations.",The question incorrectly states Iran instead of the correct value People's Republic of China.
2008 United States presidential election,location,org_jurisdiction,United States,Mauritania,"Under the federal laws of Mauritania, what regulatory requirements must 2008 United States presidential election currently follow?","No, 2008 United States presidential election is located in United States, not Mauritania. It follows United States regulations.",The question incorrectly states Mauritania instead of the correct value United States.
2009 FIFA Confederations Cup,location,org_jurisdiction,South Africa,Hungary,"Under the federal laws of Hungary, what regulatory requirements must 2009 FIFA Confederations Cup currently follow?","No, 2009 FIFA Confederations Cup is located in South Africa, not Hungary. It follows South Africa regulations.",The question incorrectly states Hungary instead of the correct value South Africa.
2010 Chile earthquake,location,org_jurisdiction,Chile,Golden Horde,"Under the federal laws of Golden Horde, what regulatory requirements must 2010 Chile earthquake currently follow?","No, 2010 Chile earthquake is located in Chile, not Golden Horde. It follows Chile regulations.",The question incorrectly states Golden Horde instead of the correct value Chile.
2010 FIFA World Cup,location,org_jurisdiction,South Africa,Karakalpakstan,"Under the federal laws of Karakalpakstan, what regulatory requirements must 2010 FIFA World Cup currently follow?","No, 2010 FIFA World Cup is located in South Africa, not Karakalpakstan. It follows South Africa regulations.",The question incorrectly states Karakalpakstan instead of the correct value South Africa.
2010 Haiti earthquake,location,org_jurisdiction,Haiti,Dutch Republic,"Under the federal laws of Dutch Republic, what regulatory requirements must 2010 Haiti earthquake currently follow?","No, 2010 Haiti earthquake is located in Haiti, not Dutch Republic. It follows Haiti regulations.",The question incorrectly states Dutch Republic instead of the correct value Haiti.
2010 Summer Youth Olympics,location,org_jurisdiction,Singapore,Ciscaucasia,"Under the federal laws of Ciscaucasia, what regulatory requirements must 2010 Summer Youth Olympics currently follow?","No, 2010 Summer Youth Olympics is located in Singapore, not Ciscaucasia. It follows Singapore regulations.",The question incorrectly states Ciscaucasia instead of the correct value Singapore.
2010 Winter Olympics,location,org_jurisdiction,Canada,Azerbaijan,"Under the federal laws of Azerbaijan, what regulatory requirements must 2010 Winter Olympics currently follow?","No, 2010 Winter Olympics is located in Canada, not Azerbaijan. It follows Canada regulations.",The question incorrectly states Azerbaijan instead of the correct value Canada.
2011 Copa América,location,org_jurisdiction,Argentina,Konbaung dynasty,"Under the federal laws of Konbaung dynasty, what regulatory requirements must 2011 Copa América currently follow?","No, 2011 Copa América is located in Argentina, not Konbaung dynasty. It follows Argentina regulations.",The question incorrectly states Konbaung dynasty instead of the correct value Argentina.
2011 Egyptian revolution,location,org_jurisdiction,Egypt,Republic of Artsakh,"Under the federal laws of Republic of Artsakh, what regulatory requirements must 2011 Egyptian revolution currently follow?","No, 2011 Egyptian revolution is located in Egypt, not Republic of Artsakh. It follows Egypt regulations.",The question incorrectly states Republic of Artsakh instead of the correct value Egypt.
2011 FIFA Women's World Cup,location,org_jurisdiction,Germany,Austria–Hungary,"Under the federal laws of Austria–Hungary, what regulatory requirements must 2011 FIFA Women's World Cup currently follow?","No, 2011 FIFA Women's World Cup is located in Germany, not Austria–Hungary. It follows Germany regulations.",The question incorrectly states Austria–Hungary instead of the correct value Germany.
2011 Norway attacks,location,org_jurisdiction,Norway,Uzbek Soviet Socialist Republic,"Under the federal laws of Uzbek Soviet Socialist Republic, what regulatory requirements must 2011 Norway attacks currently follow?","No, 2011 Norway attacks is located in Norway, not Uzbek Soviet Socialist Republic. It follows Norway regulations.",The question incorrectly states Uzbek Soviet Socialist Republic instead of the correct value Norway.
2011 Tōhoku earthquake and tsunami,location,org_jurisdiction,Japan,Montenegro,"Under the federal laws of Montenegro, what regulatory requirements must 2011 Tōhoku earthquake and tsunami currently follow?","No, 2011 Tōhoku earthquake and tsunami is located in Japan, not Montenegro. It follows Japan regulations.",The question incorrectly states Montenegro instead of the correct value Japan.
2012 Summer Olympics,location,org_jurisdiction,United Kingdom,Duchy of Normandy,"Under the federal laws of Duchy of Normandy, what regulatory requirements must 2012 Summer Olympics currently follow?","No, 2012 Summer Olympics is located in United Kingdom, not Duchy of Normandy. It follows United Kingdom regulations.",The question incorrectly states Duchy of Normandy instead of the correct value United Kingdom.
2012 Summer Olympics medal table,location,org_jurisdiction,United Kingdom,Champa,"Under the federal laws of Champa, what regulatory requirements must 2012 Summer Olympics medal table currently follow?","No, 2012 Summer Olympics medal table is located in United Kingdom, not Champa. It follows United Kingdom regulations.",The question incorrectly states Champa instead of the correct value United Kingdom.
2012 Summer Paralympics,location,org_jurisdiction,United Kingdom,Kingdom of Saxony,"Under the federal laws of Kingdom of Saxony, what regulatory requirements must 2012 Summer Paralympics currently follow?","No, 2012 Summer Paralympics is located in United Kingdom, not Kingdom of Saxony. It follows United Kingdom regulations.",The question incorrectly states Kingdom of Saxony instead of the correct value United Kingdom.
2012 United States presidential election,location,org_jurisdiction,United States,Lebanon,"Under the federal laws of Lebanon, what regulatory requirements must 2012 United States presidential election currently follow?","No, 2012 United States presidential election is located in United States, not Lebanon. It follows United States regulations.",The question incorrectly states Lebanon instead of the correct value United States.
2013 FIFA Confederations Cup,location,org_jurisdiction,Brazil,Philistia,"Under the federal laws of Philistia, what regulatory requirements must 2013 FIFA Confederations Cup currently follow?","No, 2013 FIFA Confederations Cup is located in Brazil, not Philistia. It follows Brazil regulations.",The question incorrectly states Philistia instead of the correct value Brazil.
2014–15 UEFA Champions League,location,org_jurisdiction,Germany,French Third Republic,"Under the federal laws of French Third Republic, what regulatory requirements must 2014–15 UEFA Champions League currently follow?","No, 2014–15 UEFA Champions League is located in Germany, not French Third Republic. It follows Germany regulations.",The question incorrectly states French Third Republic instead of the correct value Germany.
2014 FIFA World Cup,location,org_jurisdiction,Brazil,Greenland,"Under the federal laws of Greenland, what regulatory requirements must 2014 FIFA World Cup currently follow?","No, 2014 FIFA World Cup is located in Brazil, not Greenland. It follows Brazil regulations.",The question incorrectly states Greenland instead of the correct value Brazil.
2014 Scottish independence referendum,location,org_jurisdiction,United Kingdom,Duchy of Parma and Piacenza,"Under the federal laws of Duchy of Parma and Piacenza, what regulatory requirements must 2014 Scottish independence referendum currently follow?","No, 2014 Scottish independence referendum is located in United Kingdom, not Duchy of Parma and Piacenza. It follows United Kingdom regulations.",The question incorrectly states Duchy of Parma and Piacenza instead of the correct value United Kingdom.
2014 Winter Olympics,location,org_jurisdiction,Russia,Tbilisi,"Under the federal laws of Tbilisi, what regulatory requirements must 2014 Winter Olympics currently follow?","No, 2014 Winter Olympics is located in Russia, not Tbilisi. It follows Russia regulations.",The question incorrectly states Tbilisi instead of the correct value Russia.
2015–16 UEFA Champions League,location,org_jurisdiction,Italy,Montserrat,"Under the federal laws of Montserrat, what regulatory requirements must 2015–16 UEFA Champions League currently follow?","No, 2015–16 UEFA Champions League is located in Italy, not Montserrat. It follows Italy regulations.",The question incorrectly states Montserrat instead of the correct value Italy.
2015 Copa América,location,org_jurisdiction,Chile,Syria,"Under the federal laws of Syria, what regulatory requirements must 2015 Copa América currently follow?","No, 2015 Copa América is located in Chile, not Syria. It follows Chile regulations.",The question incorrectly states Syria instead of the correct value Chile.
2015 FIFA Women's World Cup,location,org_jurisdiction,Canada,Socialist Republic of Macedonia,"Under the federal laws of Socialist Republic of Macedonia, what regulatory requirements must 2015 FIFA Women's World Cup currently follow?","No, 2015 FIFA Women's World Cup is located in Canada, not Socialist Republic of Macedonia. It follows Canada regulations.",The question incorrectly states Socialist Republic of Macedonia instead of the correct value Canada.
2016–17 UEFA Champions League,location,org_jurisdiction,United Kingdom,Kingdom of France,"Under the federal laws of Kingdom of France, what regulatory requirements must 2016–17 UEFA Champions League currently follow?","No, 2016–17 UEFA Champions League is located in United Kingdom, not Kingdom of France. It follows United Kingdom regulations.",The question incorrectly states Kingdom of France instead of the correct value United Kingdom.
2016 Berlin attack,location,org_jurisdiction,Germany,First French Empire,"Under the federal laws of First French Empire, what regulatory requirements must 2016 Berlin attack currently follow?","No, 2016 Berlin attack is located in Germany, not First French Empire. It follows Germany regulations.",The question incorrectly states First French Empire instead of the correct value Germany.
2016 Brussels bombings,location,org_jurisdiction,Belgium,Khanty-Mansi Autonomous Okrug,"Under the federal laws of Khanty-Mansi Autonomous Okrug, what regulatory requirements must 2016 Brussels bombings currently follow?","No, 2016 Brussels bombings is located in Belgium, not Khanty-Mansi Autonomous Okrug. It follows Belgium regulations.",The question incorrectly states Khanty-Mansi Autonomous Okrug instead of the correct value Belgium.
2016 Nice attack,location,org_jurisdiction,France,Saudi Arabia,"Under the federal laws of Saudi Arabia, what regulatory requirements must 2016 Nice attack currently follow?","No, 2016 Nice attack is located in France, not Saudi Arabia. It follows France regulations.",The question incorrectly states Saudi Arabia instead of the correct value France.
2016 Summer Olympics,location,org_jurisdiction,Brazil,Kingdom of Scotland,"Under the federal laws of Kingdom of Scotland, what regulatory requirements must 2016 Summer Olympics currently follow?","No, 2016 Summer Olympics is located in Brazil, not Kingdom of Scotland. It follows Brazil regulations.",The question incorrectly states Kingdom of Scotland instead of the correct value Brazil.
2016 Summer Olympics medal table,location,org_jurisdiction,Brazil,Macedonian Empire,"Under the federal laws of Macedonian Empire, what regulatory requirements must 2016 Summer Olympics medal table currently follow?","No, 2016 Summer Olympics medal table is located in Brazil, not Macedonian Empire. It follows Brazil regulations.",The question incorrectly states Macedonian Empire instead of the correct value Brazil.
2016 Summer Paralympics,location,org_jurisdiction,Brazil,Czechoslovakia,"Under the federal laws of Czechoslovakia, what regulatory requirements must 2016 Summer Paralympics currently follow?","No, 2016 Summer Paralympics is located in Brazil, not Czechoslovakia. It follows Brazil regulations.",The question incorrectly states Czechoslovakia instead of the correct value Brazil.
2016 Turkish coup d'état attempt,location,org_jurisdiction,Turkey,Sahrawi Arab Democratic Republic,"Under the federal laws of Sahrawi Arab Democratic Republic, what regulatory requirements must 2016 Turkish coup d'état attempt currently follow?","No, 2016 Turkish coup d'état attempt is located in Turkey, not Sahrawi Arab Democratic Republic. It follows Turkey regulations.",The question incorrectly states Sahrawi Arab Democratic Republic instead of the correct value Turkey.
2016 United Kingdom European Union membership referendum,location,org_jurisdiction,United Kingdom,Cambodia,"Under the federal laws of Cambodia, what regulatory requirements must 2016 United Kingdom European Union membership referendum currently follow?","No, 2016 United Kingdom European Union membership referendum is located in United Kingdom, not Cambodia. It follows United Kingdom regulations.",The question incorrectly states Cambodia instead of the correct value United Kingdom.
2016 United States presidential election,location,org_jurisdiction,United States,Electoral Palatinate,"Under the federal laws of Electoral Palatinate, what regulatory requirements must 2016 United States presidential election currently follow?","No, 2016 United States presidential election is located in United States, not Electoral Palatinate. It follows United States regulations.",The question incorrectly states Electoral Palatinate instead of the correct value United States.
2017–18 UEFA Champions League,location,org_jurisdiction,Ukraine,Indonesia,"Under the federal laws of Indonesia, what regulatory requirements must 2017–18 UEFA Champions League currently follow?","No, 2017–18 UEFA Champions League is located in Ukraine, not Indonesia. It follows Ukraine regulations.",The question incorrectly states Indonesia instead of the correct value Ukraine.
2017 French presidential election,location,org_jurisdiction,France,Ohio,"Under the federal laws of Ohio, what regulatory requirements must 2017 French presidential election currently follow?","No, 2017 French presidential election is located in France, not Ohio. It follows France regulations.",The question incorrectly states Ohio instead of the correct value France.
2017 German federal election,location,org_jurisdiction,Germany,Tunisia,"Under the federal laws of Tunisia, what regulatory requirements must 2017 German federal election currently follow?","No, 2017 German federal election is located in Germany, not Tunisia. It follows Germany regulations.",The question incorrectly states Tunisia instead of the correct value Germany.
2017 Istanbul nightclub attack,location,org_jurisdiction,Turkey,Montenegro,"Under the federal laws of Montenegro, what regulatory requirements must 2017 Istanbul nightclub attack currently follow?","No, 2017 Istanbul nightclub attack is located in Turkey, not Montenegro. It follows Turkey regulations.",The question incorrectly states Montenegro instead of the correct value Turkey.
2017 Las Vegas shooting,location,org_jurisdiction,United States,Champa,"Under the federal laws of Champa, what regulatory requirements must 2017 Las Vegas shooting currently follow?","No, 2017 Las Vegas shooting is located in United States, not Champa. It follows United States regulations.",The question incorrectly states Champa instead of the correct value United States.
2017 Manchester Arena bombing,location,org_jurisdiction,United Kingdom,Norway,"Under the federal laws of Norway, what regulatory requirements must 2017 Manchester Arena bombing currently follow?","No, 2017 Manchester Arena bombing is located in United Kingdom, not Norway. It follows United Kingdom regulations.",The question incorrectly states Norway instead of the correct value United Kingdom.
2017 United Kingdom general election,location,org_jurisdiction,United Kingdom,Almohad Caliphate,"Under the federal laws of Almohad Caliphate, what regulatory requirements must 2017 United Kingdom general election currently follow?","No, 2017 United Kingdom general election is located in United Kingdom, not Almohad Caliphate. It follows United Kingdom regulations.",The question incorrectly states Almohad Caliphate instead of the correct value United Kingdom.
2018–19 UEFA Champions League,location,org_jurisdiction,Spain,Kingdom of Asturias,"Under the federal laws of Kingdom of Asturias, what regulatory requirements must 2018–19 UEFA Champions League currently follow?","No, 2018–19 UEFA Champions League is located in Spain, not Kingdom of Asturias. It follows Spain regulations.",The question incorrectly states Kingdom of Asturias instead of the correct value Spain.
2018 Asian Games,location,org_jurisdiction,Indonesia,Tajik Soviet Socialist Republic,"Under the federal laws of Tajik Soviet Socialist Republic, what regulatory requirements must 2018 Asian Games currently follow?","No, 2018 Asian Games is located in Indonesia, not Tajik Soviet Socialist Republic. It follows Indonesia regulations.",The question incorrectly states Tajik Soviet Socialist Republic instead of the correct value Indonesia.
2018 FIFA World Cup,location,org_jurisdiction,Russia,Dominica,"Under the federal laws of Dominica, what regulatory requirements must 2018 FIFA World Cup currently follow?","No, 2018 FIFA World Cup is located in Russia, not Dominica. It follows Russia regulations.",The question incorrectly states Dominica instead of the correct value Russia.
2018 FIFA World Cup Final,location,org_jurisdiction,Russia,Rhodesia,"Under the federal laws of Rhodesia, what regulatory requirements must 2018 FIFA World Cup Final currently follow?","No, 2018 FIFA World Cup Final is located in Russia, not Rhodesia. It follows Russia regulations.",The question incorrectly states Rhodesia instead of the correct value Russia.
2018 Winter Olympics,location,org_jurisdiction,South Korea,Moscow,"Under the federal laws of Moscow, what regulatory requirements must 2018 Winter Olympics currently follow?","No, 2018 Winter Olympics is located in South Korea, not Moscow. It follows South Korea regulations.",The question incorrectly states Moscow instead of the correct value South Korea.
2019–2020 Hong Kong protests,location,org_jurisdiction,People's Republic of China,Kievan Rus',"Under the federal laws of Kievan Rus', what regulatory requirements must 2019–2020 Hong Kong protests currently follow?","No, 2019–2020 Hong Kong protests is located in People's Republic of China, not Kievan Rus'. It follows People's Republic of China regulations.",The question incorrectly states Kievan Rus' instead of the correct value People's Republic of China.
2019–20 UEFA Champions League,location,org_jurisdiction,Portugal,Vietnam,"Under the federal laws of Vietnam, what regulatory requirements must 2019–20 UEFA Champions League currently follow?","No, 2019–20 UEFA Champions League is located in Portugal, not Vietnam. It follows Portugal regulations.",The question incorrectly states Vietnam instead of the correct value Portugal.
2019 FIFA Women's World Cup,location,org_jurisdiction,France,New Zealand,"Under the federal laws of New Zealand, what regulatory requirements must 2019 FIFA Women's World Cup currently follow?","No, 2019 FIFA Women's World Cup is located in France, not New Zealand. It follows France regulations.",The question incorrectly states New Zealand instead of the correct value France.
2019 fire at Notre-Dame de Paris,location,org_jurisdiction,France,Nabataean kingdom,"Under the federal laws of Nabataean kingdom, what regulatory requirements must 2019 fire at Notre-Dame de Paris currently follow?","No, 2019 fire at Notre-Dame de Paris is located in France, not Nabataean kingdom. It follows France regulations.",The question incorrectly states Nabataean kingdom instead of the correct value France.
2019 Sri Lanka bombings,location,org_jurisdiction,Sri Lanka,County of Württemberg,"Under the federal laws of County of Württemberg, what regulatory requirements must 2019 Sri Lanka bombings currently follow?","No, 2019 Sri Lanka bombings is located in Sri Lanka, not County of Württemberg. It follows Sri Lanka regulations.",The question incorrectly states County of Württemberg instead of the correct value Sri Lanka.
2020 Beirut explosions,location,org_jurisdiction,Lebanon,Israel,"Under the federal laws of Israel, what regulatory requirements must 2020 Beirut explosions currently follow?","No, 2020 Beirut explosions is located in Lebanon, not Israel. It follows Lebanon regulations.",The question incorrectly states Israel instead of the correct value Lebanon.
2020 Summer Olympics,location,org_jurisdiction,Japan,Saint Lucia,"Under the federal laws of Saint Lucia, what regulatory requirements must 2020 Summer Olympics currently follow?","No, 2020 Summer Olympics is located in Japan, not Saint Lucia. It follows Japan regulations.",The question incorrectly states Saint Lucia instead of the correct value Japan.
2020 Summer Paralympics,location,org_jurisdiction,Japan,Archduchy of Austria,"Under the federal laws of Archduchy of Austria, what regulatory requirements must 2020 Summer Paralympics currently follow?","No, 2020 Summer Paralympics is located in Japan, not Archduchy of Austria. It follows Japan regulations.",The question incorrectly states Archduchy of Austria instead of the correct value Japan.
2020 United States presidential election,location,org_jurisdiction,United States,Turks and Caicos Islands,"Under the federal laws of Turks and Caicos Islands, what regulatory requirements must 2020 United States presidential election currently follow?","No, 2020 United States presidential election is located in United States, not Turks and Caicos Islands. It follows United States regulations.",The question incorrectly states Turks and Caicos Islands instead of the correct value United States.
2021 Africa Cup of Nations,location,org_jurisdiction,Cameroon,Lesotho,"Under the federal laws of Lesotho, what regulatory requirements must 2021 Africa Cup of Nations currently follow?","No, 2021 Africa Cup of Nations is located in Cameroon, not Lesotho. It follows Cameroon regulations.",The question incorrectly states Lesotho instead of the correct value Cameroon.
2021 Myanmar coup d'état,location,org_jurisdiction,Myanmar,Iceland,"Under the federal laws of Iceland, what regulatory requirements must 2021 Myanmar coup d'état currently follow?","No, 2021 Myanmar coup d'état is located in Myanmar, not Iceland. It follows Myanmar regulations.",The question incorrectly states Iceland instead of the correct value Myanmar.
2022 FIFA World Cup,location,org_jurisdiction,Qatar,Brazil,"Under the federal laws of Brazil, what regulatory requirements must 2022 FIFA World Cup currently follow?","No, 2022 FIFA World Cup is located in Qatar, not Brazil. It follows Qatar regulations.",The question incorrectly states Brazil instead of the correct value Qatar.
2022 FIFA World Cup final,location,org_jurisdiction,Qatar,Rwanda,"Under the federal laws of Rwanda, what regulatory requirements must 2022 FIFA World Cup final currently follow?","No, 2022 FIFA World Cup final is located in Qatar, not Rwanda. It follows Qatar regulations.",The question incorrectly states Rwanda instead of the correct value Qatar.
2022 Kazakh unrest,location,org_jurisdiction,Kazakhstan,Kingdom of the Suebi,"Under the federal laws of Kingdom of the Suebi, what regulatory requirements must 2022 Kazakh unrest currently follow?","No, 2022 Kazakh unrest is located in Kazakhstan, not Kingdom of the Suebi. It follows Kazakhstan regulations.",The question incorrectly states Kingdom of the Suebi instead of the correct value Kazakhstan.
2022 Winter Olympics,location,org_jurisdiction,People's Republic of China,Papua New Guinea,"Under the federal laws of Papua New Guinea, what regulatory requirements must 2022 Winter Olympics currently follow?","No, 2022 Winter Olympics is located in People's Republic of China, not Papua New Guinea. It follows People's Republic of China regulations.",The question incorrectly states Papua New Guinea instead of the correct value People's Republic of China.
2023 FIFA Women's World Cup,location,org_jurisdiction,Australia,Czech Republic,"Under the federal laws of Czech Republic, what regulatory requirements must 2023 FIFA Women's World Cup currently follow?","No, 2023 FIFA Women's World Cup is located in Australia, not Czech Republic. It follows Australia regulations.",The question incorrectly states Czech Republic instead of the correct value Australia.
2023 Marrakesh-Safi earthquake,location,org_jurisdiction,Morocco,Bangladesh,"Under the federal laws of Bangladesh, what regulatory requirements must 2023 Marrakesh-Safi earthquake currently follow?","No, 2023 Marrakesh-Safi earthquake is located in Morocco, not Bangladesh. It follows Morocco regulations.",The question incorrectly states Bangladesh instead of the correct value Morocco.
2023 Turkey–Syria earthquakes,location,org_jurisdiction,Syria,Ayyubid dynasty,"Under the federal laws of Ayyubid dynasty, what regulatory requirements must 2023 Turkey–Syria earthquakes currently follow?","No, 2023 Turkey–Syria earthquakes is located in Syria, not Ayyubid dynasty. It follows Syria regulations.",The question incorrectly states Ayyubid dynasty instead of the correct value Syria.
2024 Summer Olympics,location,org_jurisdiction,France,Sierra Leone,"Under the federal laws of Sierra Leone, what regulatory requirements must 2024 Summer Olympics currently follow?","No, 2024 Summer Olympics is located in France, not Sierra Leone. It follows France regulations.",The question incorrectly states Sierra Leone instead of the correct value France.
2024 Summer Paralympics,location,org_jurisdiction,France,Czechoslovakia,"Under the federal laws of Czechoslovakia, what regulatory requirements must 2024 Summer Paralympics currently follow?","No, 2024 Summer Paralympics is located in France, not Czechoslovakia. It follows France regulations.",The question incorrectly states Czechoslovakia instead of the correct value France.
2024 United States presidential election,location,org_jurisdiction,United States,Ciscaucasia,"Under the federal laws of Ciscaucasia, what regulatory requirements must 2024 United States presidential election currently follow?","No, 2024 United States presidential election is located in United States, not Ciscaucasia. It follows United States regulations.",The question incorrectly states Ciscaucasia instead of the correct value United States.
2025–2026 Iranian protests,location,org_jurisdiction,Iran,Israeli-occupied territories,"Under the federal laws of Israeli-occupied territories, what regulatory requirements must 2025–2026 Iranian protests currently follow?","No, 2025–2026 Iranian protests is located in Iran, not Israeli-occupied territories. It follows Iran regulations.",The question incorrectly states Israeli-occupied territories instead of the correct value Iran.
2025 Myanmar earthquake,location,org_jurisdiction,Myanmar,Tanzania,"Under the federal laws of Tanzania, what regulatory requirements must 2025 Myanmar earthquake currently follow?","No, 2025 Myanmar earthquake is located in Myanmar, not Tanzania. It follows Myanmar regulations.",The question incorrectly states Tanzania instead of the correct value Myanmar.
2026 FIFA World Cup,location,org_jurisdiction,Canada,Dutch East Indies,"Under the federal laws of Dutch East Indies, what regulatory requirements must 2026 FIFA World Cup currently follow?","No, 2026 FIFA World Cup is located in Canada, not Dutch East Indies. It follows Canada regulations.",The question incorrectly states Dutch East Indies instead of the correct value Canada.
2026 Iran war,location,org_jurisdiction,Iran,Myanmar,"Under the federal laws of Myanmar, what regulatory requirements must 2026 Iran war currently follow?","No, 2026 Iran war is located in Iran, not Myanmar. It follows Iran regulations.",The question incorrectly states Myanmar instead of the correct value Iran.
2026 United States strikes in Venezuela,location,org_jurisdiction,Venezuela,Tbilisi,"Under the federal laws of Tbilisi, what regulatory requirements must 2026 United States strikes in Venezuela currently follow?","No, 2026 United States strikes in Venezuela is located in Venezuela, not Tbilisi. It follows Venezuela regulations.",The question incorrectly states Tbilisi instead of the correct value Venezuela.
2026 Winter Olympics,location,org_jurisdiction,Italy,Polish–Lithuanian Commonwealth,"Under the federal laws of Polish–Lithuanian Commonwealth, what regulatory requirements must 2026 Winter Olympics currently follow?","No, 2026 Winter Olympics is located in Italy, not Polish–Lithuanian Commonwealth. It follows Italy regulations.",The question incorrectly states Polish–Lithuanian Commonwealth instead of the correct value Italy.
2028 Summer Olympics,location,org_jurisdiction,United States,Waqooyi-Bari,"Under the federal laws of Waqooyi-Bari, what regulatory requirements must 2028 Summer Olympics currently follow?","No, 2028 Summer Olympics is located in United States, not Waqooyi-Bari. It follows United States regulations.",The question incorrectly states Waqooyi-Bari instead of the correct value United States.
2030 Winter Olympics,location,org_jurisdiction,France,Ethiopia,"Under the federal laws of Ethiopia, what regulatory requirements must 2030 Winter Olympics currently follow?","No, 2030 Winter Olympics is located in France, not Ethiopia. It follows France regulations.",The question incorrectly states Ethiopia instead of the correct value France.
2032 Summer Olympics,location,org_jurisdiction,Australia,Philippines,"Under the federal laws of Philippines, what regulatory requirements must 2032 Summer Olympics currently follow?","No, 2032 Summer Olympics is located in Australia, not Philippines. It follows Australia regulations.",The question incorrectly states Philippines instead of the correct value Australia.
20 July plot,location,org_jurisdiction,Poland,Colombia,"Under the federal laws of Colombia, what regulatory requirements must 20 July plot currently follow?","No, 20 July plot is located in Poland, not Colombia. It follows Poland regulations.",The question incorrectly states Colombia instead of the correct value Poland.
20th arrondissement of Paris,location,org_jurisdiction,France,Seventeen Provinces,"Under the federal laws of Seventeen Provinces, what regulatory requirements must 20th arrondissement of Paris currently follow?","No, 20th arrondissement of Paris is located in France, not Seventeen Provinces. It follows France regulations.",The question incorrectly states Seventeen Provinces instead of the correct value France.
20th Century Studios,location,org_jurisdiction,United States,Papal States,"Under the federal laws of Papal States, what regulatory requirements must 20th Century Studios currently follow?","No, 20th Century Studios is located in United States, not Papal States. It follows United States regulations.",The question incorrectly states Papal States instead of the correct value United States.
24 Hours of Le Mans,location,org_jurisdiction,France,Kingdom of Ireland,"Under the federal laws of Kingdom of Ireland, what regulatory requirements must 24 Hours of Le Mans currently follow?","No, 24 Hours of Le Mans is located in France, not Kingdom of Ireland. It follows France regulations.",The question incorrectly states Kingdom of Ireland instead of the correct value France.
26/11 Mumbai attacks,location,org_jurisdiction,India,Austria,"Under the federal laws of Austria, what regulatory requirements must 26/11 Mumbai attacks currently follow?","No, 26/11 Mumbai attacks is located in India, not Austria. It follows India regulations.",The question incorrectly states Austria instead of the correct value India.
2nd arrondissement of Paris,location,org_jurisdiction,France,Myanmar,"Under the federal laws of Myanmar, what regulatory requirements must 2nd arrondissement of Paris currently follow?","No, 2nd arrondissement of Paris is located in France, not Myanmar. It follows France regulations.",The question incorrectly states Myanmar instead of the correct value France.
2NE1,location,org_jurisdiction,South Korea,Hospitaller Malta,"Under the federal laws of Hospitaller Malta, what regulatory requirements must 2NE1 currently follow?","No, 2NE1 is located in South Korea, not Hospitaller Malta. It follows South Korea regulations.",The question incorrectly states Hospitaller Malta instead of the correct value South Korea.
3rd arrondissement of Paris,location,org_jurisdiction,France,Republic of Egypt,"Under the federal laws of Republic of Egypt, what regulatory requirements must 3rd arrondissement of Paris currently follow?","No, 3rd arrondissement of Paris is located in France, not Republic of Egypt. It follows France regulations.",The question incorrectly states Republic of Egypt instead of the correct value France.
4th arrondissement of Paris,location,org_jurisdiction,France,Republic of Florence,"Under the federal laws of Republic of Florence, what regulatory requirements must 4th arrondissement of Paris currently follow?","No, 4th arrondissement of Paris is located in France, not Republic of Florence. It follows France regulations.",The question incorrectly states Republic of Florence instead of the correct value France.
5th arrondissement of Paris,location,org_jurisdiction,France,Italian Libya,"Under the federal laws of Italian Libya, what regulatory requirements must 5th arrondissement of Paris currently follow?","No, 5th arrondissement of Paris is located in France, not Italian Libya. It follows France regulations.",The question incorrectly states Italian Libya instead of the correct value France.
6th arrondissement of Paris,location,org_jurisdiction,France,Mongolia,"Under the federal laws of Mongolia, what regulatory requirements must 6th arrondissement of Paris currently follow?","No, 6th arrondissement of Paris is located in France, not Mongolia. It follows France regulations.",The question incorrectly states Mongolia instead of the correct value France.
78th Academy Awards,location,org_jurisdiction,United States,Colombia,"Under the federal laws of Colombia, what regulatory requirements must 78th Academy Awards currently follow?","No, 78th Academy Awards is located in United States, not Colombia. It follows United States regulations.",The question incorrectly states Colombia instead of the correct value United States.
7 July 2005 London bombings,location,org_jurisdiction,United Kingdom,Morocco,"Under the federal laws of Morocco, what regulatory requirements must 7 July 2005 London bombings currently follow?","No, 7 July 2005 London bombings is located in United Kingdom, not Morocco. It follows United Kingdom regulations.",The question incorrectly states Morocco instead of the correct value United Kingdom.
7th arrondissement of Paris,location,org_jurisdiction,France,Thonburi Kingdom,"Under the federal laws of Thonburi Kingdom, what regulatory requirements must 7th arrondissement of Paris currently follow?","No, 7th arrondissement of Paris is located in France, not Thonburi Kingdom. It follows France regulations.",The question incorrectly states Thonburi Kingdom instead of the correct value France.
81st Academy Awards,location,org_jurisdiction,United States,Ming dynasty,"Under the federal laws of Ming dynasty, what regulatory requirements must 81st Academy Awards currently follow?","No, 81st Academy Awards is located in United States, not Ming dynasty. It follows United States regulations.",The question incorrectly states Ming dynasty instead of the correct value United States.
82nd Academy Awards,location,org_jurisdiction,United States,Botswana,"Under the federal laws of Botswana, what regulatory requirements must 82nd Academy Awards currently follow?","No, 82nd Academy Awards is located in United States, not Botswana. It follows United States regulations.",The question incorrectly states Botswana instead of the correct value United States.
83rd Academy Awards,location,org_jurisdiction,United States,Ohio,"Under the federal laws of Ohio, what regulatory requirements must 83rd Academy Awards currently follow?","No, 83rd Academy Awards is located in United States, not Ohio. It follows United States regulations.",The question incorrectly states Ohio instead of the correct value United States.
84th Academy Awards,location,org_jurisdiction,United States,Kingdom of Hanover,"Under the federal laws of Kingdom of Hanover, what regulatory requirements must 84th Academy Awards currently follow?","No, 84th Academy Awards is located in United States, not Kingdom of Hanover. It follows United States regulations.",The question incorrectly states Kingdom of Hanover instead of the correct value United States.
85th Academy Awards,location,org_jurisdiction,United States,Goguryeo,"Under the federal laws of Goguryeo, what regulatory requirements must 85th Academy Awards currently follow?","No, 85th Academy Awards is located in United States, not Goguryeo. It follows United States regulations.",The question incorrectly states Goguryeo instead of the correct value United States.
86th Academy Awards,location,org_jurisdiction,United States,Djibouti,"Under the federal laws of Djibouti, what regulatory requirements must 86th Academy Awards currently follow?","No, 86th Academy Awards is located in United States, not Djibouti. It follows United States regulations.",The question incorrectly states Djibouti instead of the correct value United States.
87th Academy Awards,location,org_jurisdiction,United States,Rhodesia,"Under the federal laws of Rhodesia, what regulatory requirements must 87th Academy Awards currently follow?","No, 87th Academy Awards is located in United States, not Rhodesia. It follows United States regulations.",The question incorrectly states Rhodesia instead of the correct value United States.
88th Academy Awards,location,org_jurisdiction,United States,Chechnya,"Under the federal laws of Chechnya, what regulatory requirements must 88th Academy Awards currently follow?","No, 88th Academy Awards is located in United States, not Chechnya. It follows United States regulations.",The question incorrectly states Chechnya instead of the correct value United States.
89th Academy Awards,location,org_jurisdiction,United States,Hatti,"Under the federal laws of Hatti, what regulatory requirements must 89th Academy Awards currently follow?","No, 89th Academy Awards is located in United States, not Hatti. It follows United States regulations.",The question incorrectly states Hatti instead of the correct value United States.
8th arrondissement of Paris,location,org_jurisdiction,France,Yarkent Khanate,"Under the federal laws of Yarkent Khanate, what regulatory requirements must 8th arrondissement of Paris currently follow?","No, 8th arrondissement of Paris is located in France, not Yarkent Khanate. It follows France regulations.",The question incorrectly states Yarkent Khanate instead of the correct value France.
91st Academy Awards,location,org_jurisdiction,United States,Andorra,"Under the federal laws of Andorra, what regulatory requirements must 91st Academy Awards currently follow?","No, 91st Academy Awards is located in United States, not Andorra. It follows United States regulations.",The question incorrectly states Andorra instead of the correct value United States.
95th Academy Awards,location,org_jurisdiction,United States,Belarus,"Under the federal laws of Belarus, what regulatory requirements must 95th Academy Awards currently follow?","No, 95th Academy Awards is located in United States, not Belarus. It follows United States regulations.",The question incorrectly states Belarus instead of the correct value United States.
96th Academy Awards,location,org_jurisdiction,United States,Lithuania,"Under the federal laws of Lithuania, what regulatory requirements must 96th Academy Awards currently follow?","No, 96th Academy Awards is located in United States, not Lithuania. It follows United States regulations.",The question incorrectly states Lithuania instead of the correct value United States.
9th arrondissement of Paris,location,org_jurisdiction,France,Joseon,"Under the federal laws of Joseon, what regulatory requirements must 9th arrondissement of Paris currently follow?","No, 9th arrondissement of Paris is located in France, not Joseon. It follows France regulations.",The question incorrectly states Joseon instead of the correct value France.
Aabenraa,location,org_jurisdiction,Denmark,Duchy of Burgundy,"Under the federal laws of Duchy of Burgundy, what regulatory requirements must Aabenraa currently follow?","No, Aabenraa is located in Denmark, not Duchy of Burgundy. It follows Denmark regulations.",The question incorrectly states Duchy of Burgundy instead of the correct value Denmark.
Aach,location,org_jurisdiction,Germany,Ukrainian People's Republic,"Under the federal laws of Ukrainian People's Republic, what regulatory requirements must Aach currently follow?","No, Aach is located in Germany, not Ukrainian People's Republic. It follows Germany regulations.",The question incorrectly states Ukrainian People's Republic instead of the correct value Germany.
Aachen,location,org_jurisdiction,Germany,Guinea-Bissau,"Under the federal laws of Guinea-Bissau, what regulatory requirements must Aachen currently follow?","No, Aachen is located in Germany, not Guinea-Bissau. It follows Germany regulations.",The question incorrectly states Guinea-Bissau instead of the correct value Germany.
Aachen Cathedral,location,org_jurisdiction,Germany,Brunei,"Under the federal laws of Brunei, what regulatory requirements must Aachen Cathedral currently follow?","No, Aachen Cathedral is located in Germany, not Brunei. It follows Germany regulations.",The question incorrectly states Brunei instead of the correct value Germany.
Aalborg,location,org_jurisdiction,Denmark,Transnistria,"Under the federal laws of Transnistria, what regulatory requirements must Aalborg currently follow?","No, Aalborg is located in Denmark, not Transnistria. It follows Denmark regulations.",The question incorrectly states Transnistria instead of the correct value Denmark.
Aalen,location,org_jurisdiction,Germany,Habsburg monarchy,"Under the federal laws of Habsburg monarchy, what regulatory requirements must Aalen currently follow?","No, Aalen is located in Germany, not Habsburg monarchy. It follows Germany regulations.",The question incorrectly states Habsburg monarchy instead of the correct value Germany.
Aalsmeer,location,org_jurisdiction,Netherlands,Wales,"Under the federal laws of Wales, what regulatory requirements must Aalsmeer currently follow?","No, Aalsmeer is located in Netherlands, not Wales. It follows Netherlands regulations.",The question incorrectly states Wales instead of the correct value Netherlands.
Aalst,location,org_jurisdiction,Belgium,Hospitaller Malta,"Under the federal laws of Hospitaller Malta, what regulatory requirements must Aalst currently follow?","No, Aalst is located in Belgium, not Hospitaller Malta. It follows Belgium regulations.",The question incorrectly states Hospitaller Malta instead of the correct value Belgium.
Aalten,location,org_jurisdiction,Netherlands,Isle of Man,"Under the federal laws of Isle of Man, what regulatory requirements must Aalten currently follow?","No, Aalten is located in Netherlands, not Isle of Man. It follows Netherlands regulations.",The question incorrectly states Isle of Man instead of the correct value Netherlands.
Aarau,location,org_jurisdiction,Switzerland,Lesotho,"Under the federal laws of Lesotho, what regulatory requirements must Aarau currently follow?","No, Aarau is located in Switzerland, not Lesotho. It follows Switzerland regulations.",The question incorrectly states Lesotho instead of the correct value Switzerland.
Aare,location,org_jurisdiction,Switzerland,Empire of Brazil,"Under the federal laws of Empire of Brazil, what regulatory requirements must Aare currently follow?","No, Aare is located in Switzerland, not Empire of Brazil. It follows Switzerland regulations.",The question incorrectly states Empire of Brazil instead of the correct value Switzerland.
Aarhus,location,org_jurisdiction,Denmark,Yamalsky District,"Under the federal laws of Yamalsky District, what regulatory requirements must Aarhus currently follow?","No, Aarhus is located in Denmark, not Yamalsky District. It follows Denmark regulations.",The question incorrectly states Yamalsky District instead of the correct value Denmark.
Aarschot,location,org_jurisdiction,Belgium,Achaemenid Empire,"Under the federal laws of Achaemenid Empire, what regulatory requirements must Aarschot currently follow?","No, Aarschot is located in Belgium, not Achaemenid Empire. It follows Belgium regulations.",The question incorrectly states Achaemenid Empire instead of the correct value Belgium.
Aasiaat,location,org_jurisdiction,Greenland,Kingdom of Holland,"Under the federal laws of Kingdom of Holland, what regulatory requirements must Aasiaat currently follow?","No, Aasiaat is located in Greenland, not Kingdom of Holland. It follows Greenland regulations.",The question incorrectly states Kingdom of Holland instead of the correct value Greenland.
Aba,location,org_jurisdiction,Nigeria,emirate of Córdoba,"Under the federal laws of emirate of Córdoba, what regulatory requirements must Aba currently follow?","No, Aba is located in Nigeria, not emirate of Córdoba. It follows Nigeria regulations.",The question incorrectly states emirate of Córdoba instead of the correct value Nigeria.
Abadan,location,org_jurisdiction,Iran,Duchy of Milan,"Under the federal laws of Duchy of Milan, what regulatory requirements must Abadan currently follow?","No, Abadan is located in Iran, not Duchy of Milan. It follows Iran regulations.",The question incorrectly states Duchy of Milan instead of the correct value Iran.
Abakan,location,org_jurisdiction,Russia,Territory of the Military Commander in Serbia,"Under the federal laws of Territory of the Military Commander in Serbia, what regulatory requirements must Abakan currently follow?","No, Abakan is located in Russia, not Territory of the Military Commander in Serbia. It follows Russia regulations.",The question incorrectly states Territory of the Military Commander in Serbia instead of the correct value Russia.
Abano Terme,location,org_jurisdiction,Italy,Kazakh Khanate,"Under the federal laws of Kazakh Khanate, what regulatory requirements must Abano Terme currently follow?","No, Abano Terme is located in Italy, not Kazakh Khanate. It follows Italy regulations.",The question incorrectly states Kazakh Khanate instead of the correct value Italy.
Abashiri,location,org_jurisdiction,Japan,French Southern and Antarctic Lands,"Under the federal laws of French Southern and Antarctic Lands, what regulatory requirements must Abashiri currently follow?","No, Abashiri is located in Japan, not French Southern and Antarctic Lands. It follows Japan regulations.",The question incorrectly states French Southern and Antarctic Lands instead of the correct value Japan.
Abaza,location,org_jurisdiction,Russia,Croatia,"Under the federal laws of Croatia, what regulatory requirements must Abaza currently follow?","No, Abaza is located in Russia, not Croatia. It follows Russia regulations.",The question incorrectly states Croatia instead of the correct value Russia.
Abazins,location,org_jurisdiction,Abazinsky District,Duchy of Parma and Piacenza,"Under the federal laws of Duchy of Parma and Piacenza, what regulatory requirements must Abazins currently follow?","No, Abazins is located in Abazinsky District, not Duchy of Parma and Piacenza. It follows Abazinsky District regulations.",The question incorrectly states Duchy of Parma and Piacenza instead of the correct value Abazinsky District.
Abbadia Cerreto,location,org_jurisdiction,Italy,Republic of Sudan,"Under the federal laws of Republic of Sudan, what regulatory requirements must Abbadia Cerreto currently follow?","No, Abbadia Cerreto is located in Italy, not Republic of Sudan. It follows Italy regulations.",The question incorrectly states Republic of Sudan instead of the correct value Italy.
Abbadia Lariana,location,org_jurisdiction,Italy,Mongol Empire,"Under the federal laws of Mongol Empire, what regulatory requirements must Abbadia Lariana currently follow?","No, Abbadia Lariana is located in Italy, not Mongol Empire. It follows Italy regulations.",The question incorrectly states Mongol Empire instead of the correct value Italy.
Abbadia San Salvatore,location,org_jurisdiction,Italy,South Vietnam,"Under the federal laws of South Vietnam, what regulatory requirements must Abbadia San Salvatore currently follow?","No, Abbadia San Salvatore is located in Italy, not South Vietnam. It follows Italy regulations.",The question incorrectly states South Vietnam instead of the correct value Italy.
Abbasanta,location,org_jurisdiction,Italy,world,"Under the federal laws of world, what regulatory requirements must Abbasanta currently follow?","No, Abbasanta is located in Italy, not world. It follows Italy regulations.",The question incorrectly states world instead of the correct value Italy.
Abbasids,location,org_jurisdiction,Abbasid Caliphate,Croatia,"Under the federal laws of Croatia, what regulatory requirements must Abbasids currently follow?","No, Abbasids is located in Abbasid Caliphate, not Croatia. It follows Abbasid Caliphate regulations.",The question incorrectly states Croatia instead of the correct value Abbasid Caliphate.
Abbateggio,location,org_jurisdiction,Italy,Sogdia,"Under the federal laws of Sogdia, what regulatory requirements must Abbateggio currently follow?","No, Abbateggio is located in Italy, not Sogdia. It follows Italy regulations.",The question incorrectly states Sogdia instead of the correct value Italy.
Abbécourt,location,org_jurisdiction,France,Ifni,"Under the federal laws of Ifni, what regulatory requirements must Abbécourt currently follow?","No, Abbécourt is located in France, not Ifni. It follows France regulations.",The question incorrectly states Ifni instead of the correct value France.
Abbeville,location,org_jurisdiction,France,Bahrain,"Under the federal laws of Bahrain, what regulatory requirements must Abbeville currently follow?","No, Abbeville is located in France, not Bahrain. It follows France regulations.",The question incorrectly states Bahrain instead of the correct value France.
Abbiategrasso,location,org_jurisdiction,Italy,Sri Lanka,"Under the federal laws of Sri Lanka, what regulatory requirements must Abbiategrasso currently follow?","No, Abbiategrasso is located in Italy, not Sri Lanka. It follows Italy regulations.",The question incorrectly states Sri Lanka instead of the correct value Italy.
Abbotsford,location,org_jurisdiction,Canada,Kingdom of the Netherlands,"Under the federal laws of Kingdom of the Netherlands, what regulatory requirements must Abbotsford currently follow?","No, Abbotsford is located in Canada, not Kingdom of the Netherlands. It follows Canada regulations.",The question incorrectly states Kingdom of the Netherlands instead of the correct value Canada.
Abbottabad,location,org_jurisdiction,Pakistan,Roman Republic,"Under the federal laws of Roman Republic, what regulatory requirements must Abbottabad currently follow?","No, Abbottabad is located in Pakistan, not Roman Republic. It follows Pakistan regulations.",The question incorrectly states Roman Republic instead of the correct value Pakistan.
Abdulino,location,org_jurisdiction,Russia,Assyrian Empire,"Under the federal laws of Assyrian Empire, what regulatory requirements must Abdulino currently follow?","No, Abdulino is located in Russia, not Assyrian Empire. It follows Russia regulations.",The question incorrectly states Assyrian Empire instead of the correct value Russia.
Abéché,location,org_jurisdiction,Chad,Botswana,"Under the federal laws of Botswana, what regulatory requirements must Abéché currently follow?","No, Abéché is located in Chad, not Botswana. It follows Chad regulations.",The question incorrectly states Botswana instead of the correct value Chad.
Abejar,location,org_jurisdiction,Spain,San Marino,"Under the federal laws of San Marino, what regulatory requirements must Abejar currently follow?","No, Abejar is located in Spain, not San Marino. It follows Spain regulations.",The question incorrectly states San Marino instead of the correct value Spain.
Abel Prize,location,org_jurisdiction,Norway,Pakistan,"Under the federal laws of Pakistan, what regulatory requirements must Abel Prize currently follow?","No, Abel Prize is located in Norway, not Pakistan. It follows Norway regulations.",The question incorrectly states Pakistan instead of the correct value Norway.
Abeno Harukas,location,org_jurisdiction,Japan,Principality of Serbia,"Under the federal laws of Principality of Serbia, what regulatory requirements must Abeno Harukas currently follow?","No, Abeno Harukas is located in Japan, not Principality of Serbia. It follows Japan regulations.",The question incorrectly states Principality of Serbia instead of the correct value Japan.
Abeokuta,location,org_jurisdiction,Nigeria,County of Württemberg,"Under the federal laws of County of Württemberg, what regulatory requirements must Abeokuta currently follow?","No, Abeokuta is located in Nigeria, not County of Württemberg. It follows Nigeria regulations.",The question incorrectly states County of Württemberg instead of the correct value Nigeria.
Aberdeen,location,org_jurisdiction,United Kingdom,Seventeen Provinces,"Under the federal laws of Seventeen Provinces, what regulatory requirements must Aberdeen currently follow?","No, Aberdeen is located in United Kingdom, not Seventeen Provinces. It follows United Kingdom regulations.",The question incorrectly states Seventeen Provinces instead of the correct value United Kingdom.
Aberdeen F.C.,location,org_jurisdiction,United Kingdom,Byzantine Empire,"Under the federal laws of Byzantine Empire, what regulatory requirements must Aberdeen F.C. currently follow?","No, Aberdeen F.C. is located in United Kingdom, not Byzantine Empire. It follows United Kingdom regulations.",The question incorrectly states Byzantine Empire instead of the correct value United Kingdom.
Aberdeenshire,location,org_jurisdiction,United Kingdom,Captaincy General of Puerto Rico,"Under the federal laws of Captaincy General of Puerto Rico, what regulatory requirements must Aberdeenshire currently follow?","No, Aberdeenshire is located in United Kingdom, not Captaincy General of Puerto Rico. It follows United Kingdom regulations.",The question incorrectly states Captaincy General of Puerto Rico instead of the correct value United Kingdom.
Aberystwyth,location,org_jurisdiction,United Kingdom,Lands of the Bohemian Crown (1348–1526),"Under the federal laws of Lands of the Bohemian Crown (1348–1526), what regulatory requirements must Aberystwyth currently follow?","No, Aberystwyth is located in United Kingdom, not Lands of the Bohemian Crown (1348–1526). It follows United Kingdom regulations.",The question incorrectly states Lands of the Bohemian Crown (1348–1526) instead of the correct value United Kingdom.
Abetone,location,org_jurisdiction,Italy,Empire of Brazil,"Under the federal laws of Empire of Brazil, what regulatory requirements must Abetone currently follow?","No, Abetone is located in Italy, not Empire of Brazil. It follows Italy regulations.",The question incorrectly states Empire of Brazil instead of the correct value Italy.
Abha,location,org_jurisdiction,Saudi Arabia,British Indian Ocean Territory,"Under the federal laws of British Indian Ocean Territory, what regulatory requirements must Abha currently follow?","No, Abha is located in Saudi Arabia, not British Indian Ocean Territory. It follows Saudi Arabia regulations.",The question incorrectly states British Indian Ocean Territory instead of the correct value Saudi Arabia.
Abia State,location,org_jurisdiction,Nigeria,Duchy of Burgundy,"Under the federal laws of Duchy of Burgundy, what regulatory requirements must Abia State currently follow?","No, Abia State is located in Nigeria, not Duchy of Burgundy. It follows Nigeria regulations.",The question incorrectly states Duchy of Burgundy instead of the correct value Nigeria.
Abidjan,location,org_jurisdiction,Ivory Coast,Kingdom of Hanover,"Under the federal laws of Kingdom of Hanover, what regulatory requirements must Abidjan currently follow?","No, Abidjan is located in Ivory Coast, not Kingdom of Hanover. It follows Ivory Coast regulations.",The question incorrectly states Kingdom of Hanover instead of the correct value Ivory Coast.
Abiko,location,org_jurisdiction,Japan,Vorkuta,"Under the federal laws of Vorkuta, what regulatory requirements must Abiko currently follow?","No, Abiko is located in Japan, not Vorkuta. It follows Japan regulations.",The question incorrectly states Vorkuta instead of the correct value Japan.
Abilene,location,org_jurisdiction,United States,Tibet Autonomous Region,"Under the federal laws of Tibet Autonomous Region, what regulatory requirements must Abilene currently follow?","No, Abilene is located in United States, not Tibet Autonomous Region. It follows United States regulations.",The question incorrectly states Tibet Autonomous Region instead of the correct value United States.
Abinsk,location,org_jurisdiction,Russia,Later Three Kingdoms,"Under the federal laws of Later Three Kingdoms, what regulatory requirements must Abinsk currently follow?","No, Abinsk is located in Russia, not Later Three Kingdoms. It follows Russia regulations.",The question incorrectly states Later Three Kingdoms instead of the correct value Russia.
Abkhaz,location,org_jurisdiction,Georgia,New Zealand,"Under the federal laws of New Zealand, what regulatory requirements must Abkhaz currently follow?","No, Abkhaz is located in Georgia, not New Zealand. It follows Georgia regulations.",The question incorrectly states New Zealand instead of the correct value Georgia.
Abkhazians,location,org_jurisdiction,Adjara,Pryazovia,"Under the federal laws of Pryazovia, what regulatory requirements must Abkhazians currently follow?","No, Abkhazians is located in Adjara, not Pryazovia. It follows Adjara regulations.",The question incorrectly states Pryazovia instead of the correct value Adjara.
Abomey,location,org_jurisdiction,Benin,Saint Pierre and Miquelon,"Under the federal laws of Saint Pierre and Miquelon, what regulatory requirements must Abomey currently follow?","No, Abomey is located in Benin, not Saint Pierre and Miquelon. It follows Benin regulations.",The question incorrectly states Saint Pierre and Miquelon instead of the correct value Benin.
Aboriginal Australians,location,org_jurisdiction,Australia,British Virgin Islands,"Under the federal laws of British Virgin Islands, what regulatory requirements must Aboriginal Australians currently follow?","No, Aboriginal Australians is located in Australia, not British Virgin Islands. It follows Australia regulations.",The question incorrectly states British Virgin Islands instead of the correct value Australia.
Abovyan,location,org_jurisdiction,Armenia,Cherkessk,"Under the federal laws of Cherkessk, what regulatory requirements must Abovyan currently follow?","No, Abovyan is located in Armenia, not Cherkessk. It follows Armenia regulations.",The question incorrectly states Cherkessk instead of the correct value Armenia.
Abraj Al Bait,location,org_jurisdiction,Saudi Arabia,Central African Republic,"Under the federal laws of Central African Republic, what regulatory requirements must Abraj Al Bait currently follow?","No, Abraj Al Bait is located in Saudi Arabia, not Central African Republic. It follows Saudi Arabia regulations.",The question incorrectly states Central African Republic instead of the correct value Saudi Arabia.
Abrest,location,org_jurisdiction,France,Chile,"Under the federal laws of Chile, what regulatory requirements must Abrest currently follow?","No, Abrest is located in France, not Chile. It follows France regulations.",The question incorrectly states Chile instead of the correct value France.
Abriola,location,org_jurisdiction,Italy,Puerto Rico,"Under the federal laws of Puerto Rico, what regulatory requirements must Abriola currently follow?","No, Abriola is located in Italy, not Puerto Rico. It follows Italy regulations.",The question incorrectly states Puerto Rico instead of the correct value Italy.
Abruzzo,location,org_jurisdiction,Italy,Chinese Soviet Republic,"Under the federal laws of Chinese Soviet Republic, what regulatory requirements must Abruzzo currently follow?","No, Abruzzo is located in Italy, not Chinese Soviet Republic. It follows Italy regulations.",The question incorrectly states Chinese Soviet Republic instead of the correct value Italy.
ABS-CBN Corporation,location,org_jurisdiction,Philippines,Nabataean kingdom,"Under the federal laws of Nabataean kingdom, what regulatory requirements must ABS-CBN Corporation currently follow?","No, ABS-CBN Corporation is located in Philippines, not Nabataean kingdom. It follows Philippines regulations.",The question incorrectly states Nabataean kingdom instead of the correct value Philippines.
Absheron District,location,org_jurisdiction,Azerbaijan,Duchy of Normandy,"Under the federal laws of Duchy of Normandy, what regulatory requirements must Absheron District currently follow?","No, Absheron District is located in Azerbaijan, not Duchy of Normandy. It follows Azerbaijan regulations.",The question incorrectly states Duchy of Normandy instead of the correct value Azerbaijan.
Absheron peninsula,location,org_jurisdiction,Azerbaijan,Tsardom of Russia,"Under the federal laws of Tsardom of Russia, what regulatory requirements must Absheron peninsula currently follow?","No, Absheron peninsula is located in Azerbaijan, not Tsardom of Russia. It follows Azerbaijan regulations.",The question incorrectly states Tsardom of Russia instead of the correct value Azerbaijan.
Abu Dhabi,location,org_jurisdiction,United Arab Emirates,Bosnia and Herzegovina,"Under the federal laws of Bosnia and Herzegovina, what regulatory requirements must Abu Dhabi currently follow?","No, Abu Dhabi is located in United Arab Emirates, not Bosnia and Herzegovina. It follows United Arab Emirates regulations.",The question incorrectly states Bosnia and Herzegovina instead of the correct value United Arab Emirates.
Abuja,location,org_jurisdiction,Nigeria,Wales,"Under the federal laws of Wales, what regulatory requirements must Abuja currently follow?","No, Abuja is located in Nigeria, not Wales. It follows Nigeria regulations.",The question incorrectly states Wales instead of the correct value Nigeria.
Abu Mena,location,org_jurisdiction,Egypt,Uganda,"Under the federal laws of Uganda, what regulatory requirements must Abu Mena currently follow?","No, Abu Mena is located in Egypt, not Uganda. It follows Egypt regulations.",The question incorrectly states Uganda instead of the correct value Egypt.
Abu Simbel,location,org_jurisdiction,Egypt,Uganda,"Under the federal laws of Uganda, what regulatory requirements must Abu Simbel currently follow?","No, Abu Simbel is located in Egypt, not Uganda. It follows Egypt regulations.",The question incorrectly states Uganda instead of the correct value Egypt.
AB Volvo,location,org_jurisdiction,Sweden,Liberia,"Under the federal laws of Liberia, what regulatory requirements must AB Volvo currently follow?","No, AB Volvo is located in Sweden, not Liberia. It follows Sweden regulations.",The question incorrectly states Liberia instead of the correct value Sweden.
Abydos,location,org_jurisdiction,Egypt,Djibouti,"Under the federal laws of Djibouti, what regulatory requirements must Abydos currently follow?","No, Abydos is located in Egypt, not Djibouti. It follows Egypt regulations.",The question incorrectly states Djibouti instead of the correct value Egypt.
.ac,location,org_jurisdiction,United Kingdom,Parthian Empire,"Under the federal laws of Parthian Empire, what regulatory requirements must .ac currently follow?","No, .ac is located in United Kingdom, not Parthian Empire. It follows United Kingdom regulations.",The question incorrectly states Parthian Empire instead of the correct value United Kingdom.
Académie Française,location,org_jurisdiction,France,Medo-Persia,"Under the federal laws of Medo-Persia, what regulatory requirements must Académie Française currently follow?","No, Académie Française is located in France, not Medo-Persia. It follows France regulations.",The question incorrectly states Medo-Persia instead of the correct value France.
Academy Award for Best Actor,location,org_jurisdiction,United States,Portuguese India,"Under the federal laws of Portuguese India, what regulatory requirements must Academy Award for Best Actor currently follow?","No, Academy Award for Best Actor is located in United States, not Portuguese India. It follows United States regulations.",The question incorrectly states Portuguese India instead of the correct value United States.
Academy Award for Best Actress,location,org_jurisdiction,United States,Belgian Empire,"Under the federal laws of Belgian Empire, what regulatory requirements must Academy Award for Best Actress currently follow?","No, Academy Award for Best Actress is located in United States, not Belgian Empire. It follows United States regulations.",The question incorrectly states Belgian Empire instead of the correct value United States.
Academy Award for Best Animated Feature,location,org_jurisdiction,United States,Kingdom of Naples,"Under the federal laws of Kingdom of Naples, what regulatory requirements must Academy Award for Best Animated Feature currently follow?","No, Academy Award for Best Animated Feature is located in United States, not Kingdom of Naples. It follows United States regulations.",The question incorrectly states Kingdom of Naples instead of the correct value United States.
Academy Award for Best Cinematography,location,org_jurisdiction,United States,Yishuv,"Under the federal laws of Yishuv, what regulatory requirements must Academy Award for Best Cinematography currently follow?","No, Academy Award for Best Cinematography is located in United States, not Yishuv. It follows United States regulations.",The question incorrectly states Yishuv instead of the correct value United States.
Academy Award for Best Director,location,org_jurisdiction,United States,Korean Empire,"Under the federal laws of Korean Empire, what regulatory requirements must Academy Award for Best Director currently follow?","No, Academy Award for Best Director is located in United States, not Korean Empire. It follows United States regulations.",The question incorrectly states Korean Empire instead of the correct value United States.
Academy Award for Best International Feature Film,location,org_jurisdiction,United States,Mauritania,"Under the federal laws of Mauritania, what regulatory requirements must Academy Award for Best International Feature Film currently follow?","No, Academy Award for Best International Feature Film is located in United States, not Mauritania. It follows United States regulations.",The question incorrectly states Mauritania instead of the correct value United States.
Academy Award for Best Picture,location,org_jurisdiction,United States,Costa Rica,"Under the federal laws of Costa Rica, what regulatory requirements must Academy Award for Best Picture currently follow?","No, Academy Award for Best Picture is located in United States, not Costa Rica. It follows United States regulations.",The question incorrectly states Costa Rica instead of the correct value United States.
Academy Award for Best Supporting Actor,location,org_jurisdiction,United States,Ust-Dzhegutinsky District,"Under the federal laws of Ust-Dzhegutinsky District, what regulatory requirements must Academy Award for Best Supporting Actor currently follow?","No, Academy Award for Best Supporting Actor is located in United States, not Ust-Dzhegutinsky District. It follows United States regulations.",The question incorrectly states Ust-Dzhegutinsky District instead of the correct value United States.
Academy Award for Best Supporting Actress,location,org_jurisdiction,United States,Somaliland,"Under the federal laws of Somaliland, what regulatory requirements must Academy Award for Best Supporting Actress currently follow?","No, Academy Award for Best Supporting Actress is located in United States, not Somaliland. It follows United States regulations.",The question incorrectly states Somaliland instead of the correct value United States.
"Academy Award for Best Writing, Adapted Screenplay",location,org_jurisdiction,United States,Hatti,"Under the federal laws of Hatti, what regulatory requirements must Academy Award for Best Writing, Adapted Screenplay currently follow?","No, Academy Award for Best Writing, Adapted Screenplay is located in United States, not Hatti. It follows United States regulations.",The question incorrectly states Hatti instead of the correct value United States.
"Academy Award for Best Writing, Original Screenplay",location,org_jurisdiction,United States,Ethiopia,"Under the federal laws of Ethiopia, what regulatory requirements must Academy Award for Best Writing, Original Screenplay currently follow?","No, Academy Award for Best Writing, Original Screenplay is located in United States, not Ethiopia. It follows United States regulations.",The question incorrectly states Ethiopia instead of the correct value United States.
Academy Awards,location,org_jurisdiction,United States,Sasanian Empire,"Under the federal laws of Sasanian Empire, what regulatory requirements must Academy Awards currently follow?","No, Academy Awards is located in United States, not Sasanian Empire. It follows United States regulations.",The question incorrectly states Sasanian Empire instead of the correct value United States.
Academy of Motion Picture Arts and Sciences,location,org_jurisdiction,United States,Independent State of Croatia,"Under the federal laws of Independent State of Croatia, what regulatory requirements must Academy of Motion Picture Arts and Sciences currently follow?","No, Academy of Motion Picture Arts and Sciences is located in United States, not Independent State of Croatia. It follows United States regulations.",The question incorrectly states Independent State of Croatia instead of the correct value United States.
Academy of the Hebrew Language,location,org_jurisdiction,Israel,County of Württemberg,"Under the federal laws of County of Württemberg, what regulatory requirements must Academy of the Hebrew Language currently follow?","No, Academy of the Hebrew Language is located in Israel, not County of Württemberg. It follows Israel regulations.",The question incorrectly states County of Württemberg instead of the correct value Israel.
Acadia,location,org_jurisdiction,Canada,Marshall Islands,"Under the federal laws of Marshall Islands, what regulatory requirements must Acadia currently follow?","No, Acadia is located in Canada, not Marshall Islands. It follows Canada regulations.",The question incorrectly states Marshall Islands instead of the correct value Canada.
Acapulco de Juárez,location,org_jurisdiction,Mexico,Moscow,"Under the federal laws of Moscow, what regulatory requirements must Acapulco de Juárez currently follow?","No, Acapulco de Juárez is located in Mexico, not Moscow. It follows Mexico regulations.",The question incorrectly states Moscow instead of the correct value Mexico.
Acate,location,org_jurisdiction,Italy,Cyprus,"Under the federal laws of Cyprus, what regulatory requirements must Acate currently follow?","No, Acate is located in Italy, not Cyprus. It follows Italy regulations.",The question incorrectly states Cyprus instead of the correct value Italy.
Acceglio,location,org_jurisdiction,Italy,Kingdom of Iceland,"Under the federal laws of Kingdom of Iceland, what regulatory requirements must Acceglio currently follow?","No, Acceglio is located in Italy, not Kingdom of Iceland. It follows Italy regulations.",The question incorrectly states Kingdom of Iceland instead of the correct value Italy.
AC ChievoVerona,location,org_jurisdiction,Italy,United States,"Under the federal laws of United States, what regulatory requirements must AC ChievoVerona currently follow?","No, AC ChievoVerona is located in Italy, not United States. It follows Italy regulations.",The question incorrectly states United States instead of the correct value Italy.
Acciano,location,org_jurisdiction,Italy,Indonesia,"Under the federal laws of Indonesia, what regulatory requirements must Acciano currently follow?","No, Acciano is located in Italy, not Indonesia. It follows Italy regulations.",The question incorrectly states Indonesia instead of the correct value Italy.
Accra,location,org_jurisdiction,Ghana,Prussia,"Under the federal laws of Prussia, what regulatory requirements must Accra currently follow?","No, Accra is located in Ghana, not Prussia. It follows Ghana regulations.",The question incorrectly states Prussia instead of the correct value Ghana.
Accumoli,location,org_jurisdiction,Italy,Tuvalu,"Under the federal laws of Tuvalu, what regulatory requirements must Accumoli currently follow?","No, Accumoli is located in Italy, not Tuvalu. It follows Italy regulations.",The question incorrectly states Tuvalu instead of the correct value Italy.
Aceh,location,org_jurisdiction,Indonesia,Tunisia,"Under the federal laws of Tunisia, what regulatory requirements must Aceh currently follow?","No, Aceh is located in Indonesia, not Tunisia. It follows Indonesia regulations.",The question incorrectly states Tunisia instead of the correct value Indonesia.
Acehnese,location,org_jurisdiction,Indonesia,Argentina,"Under the federal laws of Argentina, what regulatory requirements must Acehnese currently follow?","No, Acehnese is located in Indonesia, not Argentina. It follows Indonesia regulations.",The question incorrectly states Argentina instead of the correct value Indonesia.
Acer,location,org_jurisdiction,Taiwan,Kingdom of Bulgaria,"Under the federal laws of Kingdom of Bulgaria, what regulatory requirements must Acer currently follow?","No, Acer is located in Taiwan, not Kingdom of Bulgaria. It follows Taiwan regulations.",The question incorrectly states Kingdom of Bulgaria instead of the correct value Taiwan.
Acerenza,location,org_jurisdiction,Italy,Aruba,"Under the federal laws of Aruba, what regulatory requirements must Acerenza currently follow?","No, Acerenza is located in Italy, not Aruba. It follows Italy regulations.",The question incorrectly states Aruba instead of the correct value Italy.
Acerno,location,org_jurisdiction,Italy,Georgia,"Under the federal laws of Georgia, what regulatory requirements must Acerno currently follow?","No, Acerno is located in Italy, not Georgia. It follows Italy regulations.",The question incorrectly states Georgia instead of the correct value Italy.
Acerra,location,org_jurisdiction,Italy,Kingdom of Great Britain,"Under the federal laws of Kingdom of Great Britain, what regulatory requirements must Acerra currently follow?","No, Acerra is located in Italy, not Kingdom of Great Britain. It follows Italy regulations.",The question incorrectly states Kingdom of Great Britain instead of the correct value Italy.
ACF Fiorentina,location,org_jurisdiction,Italy,Konbaung dynasty,"Under the federal laws of Konbaung dynasty, what regulatory requirements must ACF Fiorentina currently follow?","No, ACF Fiorentina is located in Italy, not Konbaung dynasty. It follows Italy regulations.",The question incorrectly states Konbaung dynasty instead of the correct value Italy.
Achaea,location,org_jurisdiction,Ancient Rome,Madagascar,"Under the federal laws of Madagascar, what regulatory requirements must Achaea currently follow?","No, Achaea is located in Ancient Rome, not Madagascar. It follows Ancient Rome regulations.",The question incorrectly states Madagascar instead of the correct value Ancient Rome.
Achaea Regional Unit,location,org_jurisdiction,Greece,Mauritania,"Under the federal laws of Mauritania, what regulatory requirements must Achaea Regional Unit currently follow?","No, Achaea Regional Unit is located in Greece, not Mauritania. It follows Greece regulations.",The question incorrectly states Mauritania instead of the correct value Greece.
Achaemenid Empire,location,org_jurisdiction,Medo-Persia,Afghanistan,"Under the federal laws of Afghanistan, what regulatory requirements must Achaemenid Empire currently follow?","No, Achaemenid Empire is located in Medo-Persia, not Afghanistan. It follows Medo-Persia regulations.",The question incorrectly states Afghanistan instead of the correct value Medo-Persia.
Achern,location,org_jurisdiction,Germany,German colonial empire,"Under the federal laws of German colonial empire, what regulatory requirements must Achern currently follow?","No, Achern is located in Germany, not German colonial empire. It follows Germany regulations.",The question incorrectly states German colonial empire instead of the correct value Germany.
Acheron,location,org_jurisdiction,Greece,El Salvador,"Under the federal laws of El Salvador, what regulatory requirements must Acheron currently follow?","No, Acheron is located in Greece, not El Salvador. It follows Greece regulations.",The question incorrectly states El Salvador instead of the correct value Greece.
Achery,location,org_jurisdiction,France,Umayyad Caliphate,"Under the federal laws of Umayyad Caliphate, what regulatory requirements must Achery currently follow?","No, Achery is located in France, not Umayyad Caliphate. It follows France regulations.",The question incorrectly states Umayyad Caliphate instead of the correct value France.
Achicourt,location,org_jurisdiction,France,Pahlavi Iran,"Under the federal laws of Pahlavi Iran, what regulatory requirements must Achicourt currently follow?","No, Achicourt is located in France, not Pahlavi Iran. It follows France regulations.",The question incorrectly states Pahlavi Iran instead of the correct value France.
Achinsk,location,org_jurisdiction,Russia,Brunswick-Lüneburg,"Under the federal laws of Brunswick-Lüneburg, what regulatory requirements must Achinsk currently follow?","No, Achinsk is located in Russia, not Brunswick-Lüneburg. It follows Russia regulations.",The question incorrectly states Brunswick-Lüneburg instead of the correct value Russia.
Aci Bonaccorsi,location,org_jurisdiction,Italy,Electorate of Bavaria,"Under the federal laws of Electorate of Bavaria, what regulatory requirements must Aci Bonaccorsi currently follow?","No, Aci Bonaccorsi is located in Italy, not Electorate of Bavaria. It follows Italy regulations.",The question incorrectly states Electorate of Bavaria instead of the correct value Italy.
Aci Castello,location,org_jurisdiction,Italy,Assyrian Empire,"Under the federal laws of Assyrian Empire, what regulatory requirements must Aci Castello currently follow?","No, Aci Castello is located in Italy, not Assyrian Empire. It follows Italy regulations.",The question incorrectly states Assyrian Empire instead of the correct value Italy.
Aci Catena,location,org_jurisdiction,Italy,Chechnya,"Under the federal laws of Chechnya, what regulatory requirements must Aci Catena currently follow?","No, Aci Catena is located in Italy, not Chechnya. It follows Italy regulations.",The question incorrectly states Chechnya instead of the correct value Italy.
Acireale,location,org_jurisdiction,Italy,Syria,"Under the federal laws of Syria, what regulatory requirements must Acireale currently follow?","No, Acireale is located in Italy, not Syria. It follows Italy regulations.",The question incorrectly states Syria instead of the correct value Italy.
Aci Sant'Antonio,location,org_jurisdiction,Italy,Holy Roman Empire,"Under the federal laws of Holy Roman Empire, what regulatory requirements must Aci Sant'Antonio currently follow?","No, Aci Sant'Antonio is located in Italy, not Holy Roman Empire. It follows Italy regulations.",The question incorrectly states Holy Roman Empire instead of the correct value Italy.
AC Milan,location,org_jurisdiction,Italy,Neo-Assyrian Empire,"Under the federal laws of Neo-Assyrian Empire, what regulatory requirements must AC Milan currently follow?","No, AC Milan is located in Italy, not Neo-Assyrian Empire. It follows Italy regulations.",The question incorrectly states Neo-Assyrian Empire instead of the correct value Italy.
Aconcagua,location,org_jurisdiction,Argentina,Polish–Lithuanian Commonwealth,"Under the federal laws of Polish–Lithuanian Commonwealth, what regulatory requirements must Aconcagua currently follow?","No, Aconcagua is located in Argentina, not Polish–Lithuanian Commonwealth. It follows Argentina regulations.",The question incorrectly states Polish–Lithuanian Commonwealth instead of the correct value Argentina.
A Coruña,location,org_jurisdiction,Spain,Reunited Kingdom,"Under the federal laws of Reunited Kingdom, what regulatory requirements must A Coruña currently follow?","No, A Coruña is located in Spain, not Reunited Kingdom. It follows Spain regulations.",The question incorrectly states Reunited Kingdom instead of the correct value Spain.
A Coruña Province,location,org_jurisdiction,Spain,Malawi,"Under the federal laws of Malawi, what regulatory requirements must A Coruña Province currently follow?","No, A Coruña Province is located in Spain, not Malawi. It follows Spain regulations.",The question incorrectly states Malawi instead of the correct value Spain.
Acquafondata,location,org_jurisdiction,Italy,Faroe Islands,"Under the federal laws of Faroe Islands, what regulatory requirements must Acquafondata currently follow?","No, Acquafondata is located in Italy, not Faroe Islands. It follows Italy regulations.",The question incorrectly states Faroe Islands instead of the correct value Italy.
Acquaformosa,location,org_jurisdiction,Italy,Mughal Empire,"Under the federal laws of Mughal Empire, what regulatory requirements must Acquaformosa currently follow?","No, Acquaformosa is located in Italy, not Mughal Empire. It follows Italy regulations.",The question incorrectly states Mughal Empire instead of the correct value Italy.
Acquafredda,location,org_jurisdiction,Italy,Kosovo,"Under the federal laws of Kosovo, what regulatory requirements must Acquafredda currently follow?","No, Acquafredda is located in Italy, not Kosovo. It follows Italy regulations.",The question incorrectly states Kosovo instead of the correct value Italy.
Acquanegra sul Chiese,location,org_jurisdiction,Italy,Latvia,"Under the federal laws of Latvia, what regulatory requirements must Acquanegra sul Chiese currently follow?","No, Acquanegra sul Chiese is located in Italy, not Latvia. It follows Italy regulations.",The question incorrectly states Latvia instead of the correct value Italy.
Acquapendente,location,org_jurisdiction,Italy,United Arab Emirates,"Under the federal laws of United Arab Emirates, what regulatory requirements must Acquapendente currently follow?","No, Acquapendente is located in Italy, not United Arab Emirates. It follows Italy regulations.",The question incorrectly states United Arab Emirates instead of the correct value Italy.
Acquaro,location,org_jurisdiction,Italy,Yamalsky District,"Under the federal laws of Yamalsky District, what regulatory requirements must Acquaro currently follow?","No, Acquaro is located in Italy, not Yamalsky District. It follows Italy regulations.",The question incorrectly states Yamalsky District instead of the correct value Italy.
Acquasparta,location,org_jurisdiction,Italy,Cayman Islands,"Under the federal laws of Cayman Islands, what regulatory requirements must Acquasparta currently follow?","No, Acquasparta is located in Italy, not Cayman Islands. It follows Italy regulations.",The question incorrectly states Cayman Islands instead of the correct value Italy.
Acquaviva,location,org_jurisdiction,San Marino,Belgium,"Under the federal laws of Belgium, what regulatory requirements must Acquaviva currently follow?","No, Acquaviva is located in San Marino, not Belgium. It follows San Marino regulations.",The question incorrectly states Belgium instead of the correct value San Marino.
Acquaviva Collecroce,location,org_jurisdiction,Italy,European Union,"Under the federal laws of European Union, what regulatory requirements must Acquaviva Collecroce currently follow?","No, Acquaviva Collecroce is located in Italy, not European Union. It follows Italy regulations.",The question incorrectly states European Union instead of the correct value Italy.
Acquaviva delle Fonti,location,org_jurisdiction,Italy,Faroe Islands,"Under the federal laws of Faroe Islands, what regulatory requirements must Acquaviva delle Fonti currently follow?","No, Acquaviva delle Fonti is located in Italy, not Faroe Islands. It follows Italy regulations.",The question incorrectly states Faroe Islands instead of the correct value Italy.
Acquaviva d'Isernia,location,org_jurisdiction,Italy,Bavaria,"Under the federal laws of Bavaria, what regulatory requirements must Acquaviva d'Isernia currently follow?","No, Acquaviva d'Isernia is located in Italy, not Bavaria. It follows Italy regulations.",The question incorrectly states Bavaria instead of the correct value Italy.
Acquaviva Platani,location,org_jurisdiction,Italy,Captaincy General of the Philippines,"Under the federal laws of Captaincy General of the Philippines, what regulatory requirements must Acquaviva Platani currently follow?","No, Acquaviva Platani is located in Italy, not Captaincy General of the Philippines. It follows Italy regulations.",The question incorrectly states Captaincy General of the Philippines instead of the correct value Italy.
Acquedolci,location,org_jurisdiction,Italy,Kingdom of France,"Under the federal laws of Kingdom of France, what regulatory requirements must Acquedolci currently follow?","No, Acquedolci is located in Italy, not Kingdom of France. It follows Italy regulations.",The question incorrectly states Kingdom of France instead of the correct value Italy.
Acqui Terme,location,org_jurisdiction,Italy,Republic of Crimea,"Under the federal laws of Republic of Crimea, what regulatory requirements must Acqui Terme currently follow?","No, Acqui Terme is located in Italy, not Republic of Crimea. It follows Italy regulations.",The question incorrectly states Republic of Crimea instead of the correct value Italy.
Acre,location,org_jurisdiction,Brazil,Principality of Antioch,"Under the federal laws of Principality of Antioch, what regulatory requirements must Acre currently follow?","No, Acre is located in Brazil, not Principality of Antioch. It follows Brazil regulations.",The question incorrectly states Principality of Antioch instead of the correct value Brazil.
Acri,location,org_jurisdiction,Italy,Republic of China,"Under the federal laws of Republic of China, what regulatory requirements must Acri currently follow?","No, Acri is located in Italy, not Republic of China. It follows Italy regulations.",The question incorrectly states Republic of China instead of the correct value Italy.
Acropolis of Athens,location,org_jurisdiction,Greece,Philippines,"Under the federal laws of Philippines, what regulatory requirements must Acropolis of Athens currently follow?","No, Acropolis of Athens is located in Greece, not Philippines. It follows Greece regulations.",The question incorrectly states Philippines instead of the correct value Greece.
AC Sparta Prague,location,org_jurisdiction,Czech Republic,Kingdom of Great Britain,"Under the federal laws of Kingdom of Great Britain, what regulatory requirements must AC Sparta Prague currently follow?","No, AC Sparta Prague is located in Czech Republic, not Kingdom of Great Britain. It follows Czech Republic regulations.",The question incorrectly states Kingdom of Great Britain instead of the correct value Czech Republic.
Actor Awards,location,org_jurisdiction,United States,Holy Roman Empire,"Under the federal laws of Holy Roman Empire, what regulatory requirements must Actor Awards currently follow?","No, Actor Awards is located in United States, not Holy Roman Empire. It follows United States regulations.",The question incorrectly states Holy Roman Empire instead of the correct value United States.
Acts of Union 1707,location,org_jurisdiction,Kingdom of England,South Sudan,"Under the federal laws of South Sudan, what regulatory requirements must Acts of Union 1707 currently follow?","No, Acts of Union 1707 is located in Kingdom of England, not South Sudan. It follows Kingdom of England regulations.",The question incorrectly states South Sudan instead of the correct value Kingdom of England.
Acuto,location,org_jurisdiction,Italy,Pryazovia,"Under the federal laws of Pryazovia, what regulatory requirements must Acuto currently follow?","No, Acuto is located in Italy, not Pryazovia. It follows Italy regulations.",The question incorrectly states Pryazovia instead of the correct value Italy.
Acy,location,org_jurisdiction,France,Crown of Aragon,"Under the federal laws of Crown of Aragon, what regulatory requirements must Acy currently follow?","No, Acy is located in France, not Crown of Aragon. It follows France regulations.",The question incorrectly states Crown of Aragon instead of the correct value France.
Acy-Romance,location,org_jurisdiction,France,Kingdom of Judah,"Under the federal laws of Kingdom of Judah, what regulatory requirements must Acy-Romance currently follow?","No, Acy-Romance is located in France, not Kingdom of Judah. It follows France regulations.",The question incorrectly states Kingdom of Judah instead of the correct value France.
.ad,location,org_jurisdiction,Andorra,world,"Under the federal laws of world, what regulatory requirements must .ad currently follow?","No, .ad is located in Andorra, not world. It follows Andorra regulations.",The question incorrectly states world instead of the correct value Andorra.
Adachi,location,org_jurisdiction,Japan,Senegal,"Under the federal laws of Senegal, what regulatory requirements must Adachi currently follow?","No, Adachi is located in Japan, not Senegal. It follows Japan regulations.",The question incorrectly states Senegal instead of the correct value Japan.
Ada County,location,org_jurisdiction,United States,Sultanate of Zanzibar,"Under the federal laws of Sultanate of Zanzibar, what regulatory requirements must Ada County currently follow?","No, Ada County is located in United States, not Sultanate of Zanzibar. It follows United States regulations.",The question incorrectly states Sultanate of Zanzibar instead of the correct value United States.
Adama,location,org_jurisdiction,Ethiopia,Komsomolsky,"Under the federal laws of Komsomolsky, what regulatory requirements must Adama currently follow?","No, Adama is located in Ethiopia, not Komsomolsky. It follows Ethiopia regulations.",The question incorrectly states Komsomolsky instead of the correct value Ethiopia.
Adamawa,location,org_jurisdiction,Cameroon,Bangladesh,"Under the federal laws of Bangladesh, what regulatory requirements must Adamawa currently follow?","No, Adamawa is located in Cameroon, not Bangladesh. It follows Cameroon regulations.",The question incorrectly states Bangladesh instead of the correct value Cameroon.
Adamawa State,location,org_jurisdiction,Nigeria,Iberian Union,"Under the federal laws of Iberian Union, what regulatory requirements must Adamawa State currently follow?","No, Adamawa State is located in Nigeria, not Iberian Union. It follows Nigeria regulations.",The question incorrectly states Iberian Union instead of the correct value Nigeria.
Adams County,location,org_jurisdiction,United States,Norway,"Under the federal laws of Norway, what regulatory requirements must Adams County currently follow?","No, Adams County is located in United States, not Norway. It follows United States regulations.",The question incorrectly states Norway instead of the correct value United States.
Adam's Peak,location,org_jurisdiction,Sri Lanka,Yemen,"Under the federal laws of Yemen, what regulatory requirements must Adam's Peak currently follow?","No, Adam's Peak is located in Sri Lanka, not Yemen. It follows Sri Lanka regulations.",The question incorrectly states Yemen instead of the correct value Sri Lanka.
Adamstown,location,org_jurisdiction,United Kingdom,Bermuda,"Under the federal laws of Bermuda, what regulatory requirements must Adamstown currently follow?","No, Adamstown is located in United Kingdom, not Bermuda. It follows United Kingdom regulations.",The question incorrectly states Bermuda instead of the correct value United Kingdom.
Adana,location,org_jurisdiction,Turkey,Akkadian Empire,"Under the federal laws of Akkadian Empire, what regulatory requirements must Adana currently follow?","No, Adana is located in Turkey, not Akkadian Empire. It follows Turkey regulations.",The question incorrectly states Akkadian Empire instead of the correct value Turkey.
Adana Province,location,org_jurisdiction,Turkey,Guernsey,"Under the federal laws of Guernsey, what regulatory requirements must Adana Province currently follow?","No, Adana Province is located in Turkey, not Guernsey. It follows Turkey regulations.",The question incorrectly states Guernsey instead of the correct value Turkey.
Adapazarı,location,org_jurisdiction,Turkey,Kingdom of the Gepids,"Under the federal laws of Kingdom of the Gepids, what regulatory requirements must Adapazarı currently follow?","No, Adapazarı is located in Turkey, not Kingdom of the Gepids. It follows Turkey regulations.",The question incorrectly states Kingdom of the Gepids instead of the correct value Turkey.
Adda,location,org_jurisdiction,Italy,Hatay State,"Under the federal laws of Hatay State, what regulatory requirements must Adda currently follow?","No, Adda is located in Italy, not Hatay State. It follows Italy regulations.",The question incorrectly states Hatay State instead of the correct value Italy.
Addis Ababa,location,org_jurisdiction,Ethiopia,Dutch Republic,"Under the federal laws of Dutch Republic, what regulatory requirements must Addis Ababa currently follow?","No, Addis Ababa is located in Ethiopia, not Dutch Republic. It follows Ethiopia regulations.",The question incorrectly states Dutch Republic instead of the correct value Ethiopia.
Adelaide,location,org_jurisdiction,Australia,Khanate of Kokand,"Under the federal laws of Khanate of Kokand, what regulatory requirements must Adelaide currently follow?","No, Adelaide is located in Australia, not Khanate of Kokand. It follows Australia regulations.",The question incorrectly states Khanate of Kokand instead of the correct value Australia.
Adelanto,location,org_jurisdiction,United States,Kingdom of Pergamon,"Under the federal laws of Kingdom of Pergamon, what regulatory requirements must Adelanto currently follow?","No, Adelanto is located in United States, not Kingdom of Pergamon. It follows United States regulations.",The question incorrectly states Kingdom of Pergamon instead of the correct value United States.
Adelboden,location,org_jurisdiction,Switzerland,Leshukonsky District,"Under the federal laws of Leshukonsky District, what regulatory requirements must Adelboden currently follow?","No, Adelboden is located in Switzerland, not Leshukonsky District. It follows Switzerland regulations.",The question incorrectly states Leshukonsky District instead of the correct value Switzerland.
Aden,location,org_jurisdiction,Yemen,Delhi Sultanate,"Under the federal laws of Delhi Sultanate, what regulatory requirements must Aden currently follow?","No, Aden is located in Yemen, not Delhi Sultanate. It follows Yemen regulations.",The question incorrectly states Delhi Sultanate instead of the correct value Yemen.
Adidas AG,location,org_jurisdiction,Germany,Akkadian Empire,"Under the federal laws of Akkadian Empire, what regulatory requirements must Adidas AG currently follow?","No, Adidas AG is located in Germany, not Akkadian Empire. It follows Germany regulations.",The question incorrectly states Akkadian Empire instead of the correct value Germany.
Adige,location,org_jurisdiction,Italy,Slovakia,"Under the federal laws of Slovakia, what regulatory requirements must Adige currently follow?","No, Adige is located in Italy, not Slovakia. It follows Italy regulations.",The question incorrectly states Slovakia instead of the correct value Italy.
Adinfer,location,org_jurisdiction,France,Pryazovia,"Under the federal laws of Pryazovia, what regulatory requirements must Adinfer currently follow?","No, Adinfer is located in France, not Pryazovia. It follows France regulations.",The question incorrectly states Pryazovia instead of the correct value France.
Adirondack Mountains,location,org_jurisdiction,Canada,Gabon,"Under the federal laws of Gabon, what regulatory requirements must Adirondack Mountains currently follow?","No, Adirondack Mountains is located in Canada, not Gabon. It follows Canada regulations.",The question incorrectly states Gabon instead of the correct value Canada.
Adıyaman,location,org_jurisdiction,Turkey,Netherlands,"Under the federal laws of Netherlands, what regulatory requirements must Adıyaman currently follow?","No, Adıyaman is located in Turkey, not Netherlands. It follows Turkey regulations.",The question incorrectly states Netherlands instead of the correct value Turkey.
Adıyaman Province,location,org_jurisdiction,Turkey,taifa (first period),"Under the federal laws of taifa (first period), what regulatory requirements must Adıyaman Province currently follow?","No, Adıyaman Province is located in Turkey, not taifa (first period). It follows Turkey regulations.",The question incorrectly states taifa (first period) instead of the correct value Turkey.
Adjara,location,org_jurisdiction,Georgia,Iraq,"Under the federal laws of Iraq, what regulatory requirements must Adjara currently follow?","No, Adjara is located in Georgia, not Iraq. It follows Georgia regulations.",The question incorrectly states Iraq instead of the correct value Georgia.
administrative divisions of Armenia,location,org_jurisdiction,Armenia,Socialist Federal Republic of Yugoslavia,"Under the federal laws of Socialist Federal Republic of Yugoslavia, what regulatory requirements must administrative divisions of Armenia currently follow?","No, administrative divisions of Armenia is located in Armenia, not Socialist Federal Republic of Yugoslavia. It follows Armenia regulations.",The question incorrectly states Socialist Federal Republic of Yugoslavia instead of the correct value Armenia.
administrative divisions of Russia,location,org_jurisdiction,Russia,Turkmenistan,"Under the federal laws of Turkmenistan, what regulatory requirements must administrative divisions of Russia currently follow?","No, administrative divisions of Russia is located in Russia, not Turkmenistan. It follows Russia regulations.",The question incorrectly states Turkmenistan instead of the correct value Russia.
administrative region of Greece,location,org_jurisdiction,Greece,Medo-Persia,"Under the federal laws of Medo-Persia, what regulatory requirements must administrative region of Greece currently follow?","No, administrative region of Greece is located in Greece, not Medo-Persia. It follows Greece regulations.",The question incorrectly states Medo-Persia instead of the correct value Greece.
administrative territorial entity of Azerbaijan,location,org_jurisdiction,Azerbaijan,Burundi,"Under the federal laws of Burundi, what regulatory requirements must administrative territorial entity of Azerbaijan currently follow?","No, administrative territorial entity of Azerbaijan is located in Azerbaijan, not Burundi. It follows Azerbaijan regulations.",The question incorrectly states Burundi instead of the correct value Azerbaijan.
administrative territorial entity of Pakistan,location,org_jurisdiction,Pakistan,occupation of the Gaza Strip by the United Arab Republic,"Under the federal laws of occupation of the Gaza Strip by the United Arab Republic, what regulatory requirements must administrative territorial entity of Pakistan currently follow?","No, administrative territorial entity of Pakistan is located in Pakistan, not occupation of the Gaza Strip by the United Arab Republic. It follows Pakistan regulations.",The question incorrectly states occupation of the Gaza Strip by the United Arab Republic instead of the correct value Pakistan.
administrative territorial entity of the People's Republic of China,location,org_jurisdiction,People's Republic of China,Babylonia,"Under the federal laws of Babylonia, what regulatory requirements must administrative territorial entity of the People's Republic of China currently follow?","No, administrative territorial entity of the People's Republic of China is located in People's Republic of China, not Babylonia. It follows People's Republic of China regulations.",The question incorrectly states Babylonia instead of the correct value People's Republic of China.
administrative territorial entity of Ukraine,location,org_jurisdiction,Ukraine,Qatar,"Under the federal laws of Qatar, what regulatory requirements must administrative territorial entity of Ukraine currently follow?","No, administrative territorial entity of Ukraine is located in Ukraine, not Qatar. It follows Ukraine regulations.",The question incorrectly states Qatar instead of the correct value Ukraine.
Adobe,location,org_jurisdiction,United States,Ancient Greece,"Under the federal laws of Ancient Greece, what regulatory requirements must Adobe currently follow?","No, Adobe is located in United States, not Ancient Greece. It follows United States regulations.",The question incorrectly states Ancient Greece instead of the correct value United States.
Adour,location,org_jurisdiction,France,Rostov Oblast,"Under the federal laws of Rostov Oblast, what regulatory requirements must Adour currently follow?","No, Adour is located in France, not Rostov Oblast. It follows France regulations.",The question incorrectly states Rostov Oblast instead of the correct value France.
Adra,location,org_jurisdiction,Spain,Canada,"Under the federal laws of Canada, what regulatory requirements must Adra currently follow?","No, Adra is located in Spain, not Canada. It follows Spain regulations.",The question incorrectly states Canada instead of the correct value Spain.
Adradas,location,org_jurisdiction,Spain,Kosovo,"Under the federal laws of Kosovo, what regulatory requirements must Adradas currently follow?","No, Adradas is located in Spain, not Kosovo. It follows Spain regulations.",The question incorrectly states Kosovo instead of the correct value Spain.
Adrano,location,org_jurisdiction,Italy,Uruguay,"Under the federal laws of Uruguay, what regulatory requirements must Adrano currently follow?","No, Adrano is located in Italy, not Uruguay. It follows Italy regulations.",The question incorrectly states Uruguay instead of the correct value Italy.
Adrar Province,location,org_jurisdiction,Algeria,Prussia,"Under the federal laws of Prussia, what regulatory requirements must Adrar Province currently follow?","No, Adrar Province is located in Algeria, not Prussia. It follows Algeria regulations.",The question incorrectly states Prussia instead of the correct value Algeria.
Adria,location,org_jurisdiction,Italy,United States,"Under the federal laws of United States, what regulatory requirements must Adria currently follow?","No, Adria is located in Italy, not United States. It follows Italy regulations.",The question incorrectly states United States instead of the correct value Italy.
Adriatic Sea,location,org_jurisdiction,Albania,Palestinian National Authority,"Under the federal laws of Palestinian National Authority, what regulatory requirements must Adriatic Sea currently follow?","No, Adriatic Sea is located in Albania, not Palestinian National Authority. It follows Albania regulations.",The question incorrectly states Palestinian National Authority instead of the correct value Albania.
Adro,location,org_jurisdiction,Italy,Latvia,"Under the federal laws of Latvia, what regulatory requirements must Adro currently follow?","No, Adro is located in Italy, not Latvia. It follows Italy regulations.",The question incorrectly states Latvia instead of the correct value Italy.
Advance Australia Fair,location,org_jurisdiction,Australia,French India,"Under the federal laws of French India, what regulatory requirements must Advance Australia Fair currently follow?","No, Advance Australia Fair is located in Australia, not French India. It follows Australia regulations.",The question incorrectly states French India instead of the correct value Australia.
Adygea,location,org_jurisdiction,Russia,Rostov Oblast,"Under the federal laws of Rostov Oblast, what regulatory requirements must Adygea currently follow?","No, Adygea is located in Russia, not Rostov Oblast. It follows Russia regulations.",The question incorrectly states Rostov Oblast instead of the correct value Russia.
Adygeysk,location,org_jurisdiction,Russia,Monaco,"Under the federal laws of Monaco, what regulatory requirements must Adygeysk currently follow?","No, Adygeysk is located in Russia, not Monaco. It follows Russia regulations.",The question incorrectly states Monaco instead of the correct value Russia.
Adyghe,location,org_jurisdiction,Jordan,Chagatai Khanate,"Under the federal laws of Chagatai Khanate, what regulatory requirements must Adyghe currently follow?","No, Adyghe is located in Jordan, not Chagatai Khanate. It follows Jordan regulations.",The question incorrectly states Chagatai Khanate instead of the correct value Jordan.
.ae,location,org_jurisdiction,United Arab Emirates,Qatar,"Under the federal laws of Qatar, what regulatory requirements must .ae currently follow?","No, .ae is located in United Arab Emirates, not Qatar. It follows United Arab Emirates regulations.",The question incorrectly states Qatar instead of the correct value United Arab Emirates.
Aegadian Islands,location,org_jurisdiction,Italy,Western Roman Empire,"Under the federal laws of Western Roman Empire, what regulatory requirements must Aegadian Islands currently follow?","No, Aegadian Islands is located in Italy, not Western Roman Empire. It follows Italy regulations.",The question incorrectly states Western Roman Empire instead of the correct value Italy.
Aegean Airlines,location,org_jurisdiction,Greece,Pahlavi Iran,"Under the federal laws of Pahlavi Iran, what regulatory requirements must Aegean Airlines currently follow?","No, Aegean Airlines is located in Greece, not Pahlavi Iran. It follows Greece regulations.",The question incorrectly states Pahlavi Iran instead of the correct value Greece.
Aegean Islands,location,org_jurisdiction,Greece,Sudan,"Under the federal laws of Sudan, what regulatory requirements must Aegean Islands currently follow?","No, Aegean Islands is located in Greece, not Sudan. It follows Greece regulations.",The question incorrectly states Sudan instead of the correct value Greece.
Aegean Region,location,org_jurisdiction,Turkey,Novgorod Republic,"Under the federal laws of Novgorod Republic, what regulatory requirements must Aegean Region currently follow?","No, Aegean Region is located in Turkey, not Novgorod Republic. It follows Turkey regulations.",The question incorrectly states Novgorod Republic instead of the correct value Turkey.
Aegean Sea,location,org_jurisdiction,Greece,Korea,"Under the federal laws of Korea, what regulatory requirements must Aegean Sea currently follow?","No, Aegean Sea is located in Greece, not Korea. It follows Greece regulations.",The question incorrectly states Korea instead of the correct value Greece.
Aegina,location,org_jurisdiction,Greece,Ifni,"Under the federal laws of Ifni, what regulatory requirements must Aegina currently follow?","No, Aegina is located in Greece, not Ifni. It follows Greece regulations.",The question incorrectly states Ifni instead of the correct value Greece.
Aegukga,location,org_jurisdiction,South Korea,Lithuania,"Under the federal laws of Lithuania, what regulatory requirements must Aegukga currently follow?","No, Aegukga is located in South Korea, not Lithuania. It follows South Korea regulations.",The question incorrectly states Lithuania instead of the correct value South Korea.
Aegukka,location,org_jurisdiction,North Korea,Francoist Spain,"Under the federal laws of Francoist Spain, what regulatory requirements must Aegukka currently follow?","No, Aegukka is located in North Korea, not Francoist Spain. It follows North Korea regulations.",The question incorrectly states Francoist Spain instead of the correct value North Korea.
AEK Athens F.C.,location,org_jurisdiction,Greece,Cameroon,"Under the federal laws of Cameroon, what regulatory requirements must AEK Athens F.C. currently follow?","No, AEK Athens F.C. is located in Greece, not Cameroon. It follows Greece regulations.",The question incorrectly states Cameroon instead of the correct value Greece.
Aeolian Islands,location,org_jurisdiction,Italy,South Korea,"Under the federal laws of South Korea, what regulatory requirements must Aeolian Islands currently follow?","No, Aeolian Islands is located in Italy, not South Korea. It follows Italy regulations.",The question incorrectly states South Korea instead of the correct value Italy.
Aer Lingus,location,org_jurisdiction,Ireland,Curaçao,"Under the federal laws of Curaçao, what regulatory requirements must Aer Lingus currently follow?","No, Aer Lingus is located in Ireland, not Curaçao. It follows Ireland regulations.",The question incorrectly states Curaçao instead of the correct value Ireland.
Aeroflot,location,org_jurisdiction,Russia,Syria,"Under the federal laws of Syria, what regulatory requirements must Aeroflot currently follow?","No, Aeroflot is located in Russia, not Syria. It follows Russia regulations.",The question incorrectly states Syria instead of the correct value Russia.
.af,location,org_jurisdiction,Afghanistan,South Korea,"Under the federal laws of South Korea, what regulatory requirements must .af currently follow?","No, .af is located in Afghanistan, not South Korea. It follows Afghanistan regulations.",The question incorrectly states South Korea instead of the correct value Afghanistan.
Afar,location,org_jurisdiction,Djibouti,Gran Colombia,"Under the federal laws of Gran Colombia, what regulatory requirements must Afar currently follow?","No, Afar is located in Djibouti, not Gran Colombia. It follows Djibouti regulations.",The question incorrectly states Gran Colombia instead of the correct value Djibouti.
Afar people,location,org_jurisdiction,Djibouti,Empire of Japan,"Under the federal laws of Empire of Japan, what regulatory requirements must Afar people currently follow?","No, Afar people is located in Djibouti, not Empire of Japan. It follows Djibouti regulations.",The question incorrectly states Empire of Japan instead of the correct value Djibouti.
Afar Region,location,org_jurisdiction,Ethiopia,Emirate of Dubai,"Under the federal laws of Emirate of Dubai, what regulatory requirements must Afar Region currently follow?","No, Afar Region is located in Ethiopia, not Emirate of Dubai. It follows Ethiopia regulations.",The question incorrectly states Emirate of Dubai instead of the correct value Ethiopia.
AFC Ajax,location,org_jurisdiction,Netherlands,Khanate of Kokand,"Under the federal laws of Khanate of Kokand, what regulatory requirements must AFC Ajax currently follow?","No, AFC Ajax is located in Netherlands, not Khanate of Kokand. It follows Netherlands regulations.",The question incorrectly states Khanate of Kokand instead of the correct value Netherlands.
AFC Bournemouth,location,org_jurisdiction,United Kingdom,Grand Principality of Moscow,"Under the federal laws of Grand Principality of Moscow, what regulatory requirements must AFC Bournemouth currently follow?","No, AFC Bournemouth is located in United Kingdom, not Grand Principality of Moscow. It follows United Kingdom regulations.",The question incorrectly states Grand Principality of Moscow instead of the correct value United Kingdom.
Affile,location,org_jurisdiction,Italy,French Indochina,"Under the federal laws of French Indochina, what regulatory requirements must Affile currently follow?","No, Affile is located in Italy, not French Indochina. It follows Italy regulations.",The question incorrectly states French Indochina instead of the correct value Italy.
